pair_id,rakuten_product_id,rakuten_sku_id,rakuten_product_name,rakuten_price,rakuten_price_basis,rakuten_url,au_product_id,au_sku_id,au_product_name,au_price,au_price_basis,au_url
observed-ct0-with-au-sibling,ct0,CT02200BE,【最大2000円OFFクーポン配布】カーテン 遮光 1級 2級 遮光カーテン 遮光率99.99% 幅100cm 幅150cm レースカーテンセット カーテンセット タッセル付き UVカット 厚手 断熱 遮熱 省エネ シンプル 無地 洗える ウォッシャブル ドレープカーテン おしゃれ / 150×200cm / ベージュ / あり,3880,observed_per_sku_taxIncludedPrice_excludes_delivery_coupon,https://item.rakuten.co.jp/weimall/ct0/,704502086,331810175:row=0:col=16,＼ランキング1位／【選べる17サイズ】 カーテン 4枚セット 遮光 レースカーテンセット 1級 三層構造 形状記憶 遮熱 遮像 防寒 洗える 遮光カーテン UVカット 幅100 幅150 4枚 2枚 カーテンセット カーテン4枚組 ミラーレース 厚手 省エネ 防音 無地 送料無料 / 幅150×丈200cm(2枚組) / ベージュ,3980,observed_product_currentPrice_excludes_delivery_surcharge,https://wowma.jp/item/704502086
observed-ct0-with-au-sibling,ct0,CT01185GR,【最大2000円OFFクーポン配布】カーテン 遮光 1級 2級 遮光カーテン 遮光率99.99% 幅100cm 幅150cm レースカーテンセット カーテンセット タッセル付き UVカット 厚手 断熱 遮熱 省エネ シンプル 無地 洗える ウォッシャブル ドレープカーテン おしゃれ / 100×185cm / ユーカリグリーン / あり,3980,observed_per_sku_taxIncludedPrice_excludes_delivery_coupon,https://item.rakuten.co.jp/weimall/ct0/,704502086,331810175:row=5:col=8,＼ランキング1位／【選べる17サイズ】 カーテン 4枚セット 遮光 レースカーテンセット 1級 三層構造 形状記憶 遮熱 遮像 防寒 洗える 遮光カーテン UVカット 幅100 幅150 4枚 2枚 カーテンセット カーテン4枚組 ミラーレース 厚手 省エネ 防音 無地 送料無料 / 幅100×丈185cm(4枚組) / ユーカリグリーン,3980,observed_product_currentPrice_excludes_delivery_surcharge,https://wowma.jp/item/704502086
observed-ct0-with-au-sibling,ct0,CT01150BRH,【最大2000円OFFクーポン配布】カーテン 遮光 1級 2級 遮光カーテン 遮光率99.99% 幅100cm 幅150cm レースカーテンセット カーテンセット タッセル付き UVカット 厚手 断熱 遮熱 省エネ シンプル 無地 洗える ウォッシャブル ドレープカーテン おしゃれ / 100×150cm / カフェブラウン / なし,2580,observed_per_sku_taxIncludedPrice_excludes_delivery_coupon,https://item.rakuten.co.jp/weimall/ct0/,704500131,331814079:row=8:col=6,＼ランキング1位／ 【選べる17サイズ】 カーテン 2枚セット 遮光 1級 3層構造 形状記憶 遮熱 防寒 断熱 洗える 遮光カーテン 遮光率99.99% UVカット おしゃれ 幅100 幅150 2枚 カーテンセット カーテン2枚組 厚手 省エネ 無地 防音 ドレープカーテン 送料無料 / 幅100×丈150cm(2枚) / カフェブラウン,2980,observed_product_currentPrice_excludes_delivery_surcharge,https://wowma.jp/item/704500131
observed-ct0-with-au-sibling,ct0,CT01220CG,【最大2000円OFFクーポン配布】カーテン 遮光 1級 2級 遮光カーテン 遮光率99.99% 幅100cm 幅150cm レースカーテンセット カーテンセット タッセル付き UVカット 厚手 断熱 遮熱 省エネ シンプル 無地 洗える ウォッシャブル ドレープカーテン おしゃれ / 100×220cm / アイスグレー / あり,4580,observed_per_sku_taxIncludedPrice_excludes_delivery_coupon,https://item.rakuten.co.jp/weimall/ct0/,704502086,331810175:row=1:col=12,＼ランキング1位／【選べる17サイズ】 カーテン 4枚セット 遮光 レースカーテンセット 1級 三層構造 形状記憶 遮熱 遮像 防寒 洗える 遮光カーテン UVカット 幅100 幅150 4枚 2枚 カーテンセット カーテン4枚組 ミラーレース 厚手 省エネ 防音 無地 送料無料 / 幅100×丈220cm(4枚組) / アイスグレー,3980,observed_product_currentPrice_excludes_delivery_surcharge,https://wowma.jp/item/704502086
observed-ct0-with-au-sibling,ct0,CT02200SB,【最大2000円OFFクーポン配布】カーテン 遮光 1級 2級 遮光カーテン 遮光率99.99% 幅100cm 幅150cm レースカーテンセット カーテンセット タッセル付き UVカット 厚手 断熱 遮熱 省エネ シンプル 無地 洗える ウォッシャブル ドレープカーテン おしゃれ / 150×200cm / サンドベージュ / あり,3880,observed_per_sku_taxIncludedPrice_excludes_delivery_coupon,https://item.rakuten.co.jp/weimall/ct0/,704502086,331810175:row=4:col=16,＼ランキング1位／【選べる17サイズ】 カーテン 4枚セット 遮光 レースカーテンセット 1級 三層構造 形状記憶 遮熱 遮像 防寒 洗える 遮光カーテン UVカット 幅100 幅150 4枚 2枚 カーテンセット カーテン4枚組 ミラーレース 厚手 省エネ 防音 無地 送料無料 / 幅150×丈200cm(2枚組) / サンドベージュ,3980,observed_product_currentPrice_excludes_delivery_surcharge,https://wowma.jp/item/704502086
observed-ct0-with-au-sibling,ct0,CT01185GY,【最大2000円OFFクーポン配布】カーテン 遮光 1級 2級 遮光カーテン 遮光率99.99% 幅100cm 幅150cm レースカーテンセット カーテンセット タッセル付き UVカット 厚手 断熱 遮熱 省エネ シンプル 無地 洗える ウォッシャブル ドレープカーテン おしゃれ / 100×185cm / ライトグレー / あり,3980,observed_per_sku_taxIncludedPrice_excludes_delivery_coupon,https://item.rakuten.co.jp/weimall/ct0/,704502086,331810175:row=2:col=8,＼ランキング1位／【選べる17サイズ】 カーテン 4枚セット 遮光 レースカーテンセット 1級 三層構造 形状記憶 遮熱 遮像 防寒 洗える 遮光カーテン UVカット 幅100 幅150 4枚 2枚 カーテンセット カーテン4枚組 ミラーレース 厚手 省エネ 防音 無地 送料無料 / 幅100×丈185cm(4枚組) / ライトグレー,3980,observed_product_currentPrice_excludes_delivery_surcharge,https://wowma.jp/item/704502086
observed-ct0-with-au-sibling,ct0,CT02200BR,【最大2000円OFFクーポン配布】カーテン 遮光 1級 2級 遮光カーテン 遮光率99.99% 幅100cm 幅150cm レースカーテンセット カーテンセット タッセル付き UVカット 厚手 断熱 遮熱 省エネ シンプル 無地 洗える ウォッシャブル ドレープカーテン おしゃれ / 150×200cm / カフェブラウン / あり,3880,observed_per_sku_taxIncludedPrice_excludes_delivery_coupon,https://item.rakuten.co.jp/weimall/ct0/,704502086,331810175:row=8:col=16,＼ランキング1位／【選べる17サイズ】 カーテン 4枚セット 遮光 レースカーテンセット 1級 三層構造 形状記憶 遮熱 遮像 防寒 洗える 遮光カーテン UVカット 幅100 幅150 4枚 2枚 カーテンセット カーテン4枚組 ミラーレース 厚手 省エネ 防音 無地 送料無料 / 幅150×丈200cm(2枚組) / カフェブラウン,3980,observed_product_currentPrice_excludes_delivery_surcharge,https://wowma.jp/item/704502086
observed-ct0-with-au-sibling,ct0,CT01105NV,【最大2000円OFFクーポン配布】カーテン 遮光 1級 2級 遮光カーテン 遮光率99.99% 幅100cm 幅150cm レースカーテンセット カーテンセット タッセル付き UVカット 厚手 断熱 遮熱 省エネ シンプル 無地 洗える ウォッシャブル ドレープカーテン おしゃれ / 100×105cm / ノクターンネイビー / あり,2980,observed_per_sku_taxIncludedPrice_excludes_delivery_coupon,https://item.rakuten.co.jp/weimall/ct0/,704502086,331810175:row=6:col=2,＼ランキング1位／【選べる17サイズ】 カーテン 4枚セット 遮光 レースカーテンセット 1級 三層構造 形状記憶 遮熱 遮像 防寒 洗える 遮光カーテン UVカット 幅100 幅150 4枚 2枚 カーテンセット カーテン4枚組 ミラーレース 厚手 省エネ 防音 無地 送料無料 / 幅100×丈105cm(4枚組) / ノクターンネイビー,3980,observed_product_currentPrice_excludes_delivery_surcharge,https://wowma.jp/item/704502086
observed-ct0-with-au-sibling,ct0,CT0180GRH,【最大2000円OFFクーポン配布】カーテン 遮光 1級 2級 遮光カーテン 遮光率99.99% 幅100cm 幅150cm レースカーテンセット カーテンセット タッセル付き UVカット 厚手 断熱 遮熱 省エネ シンプル 無地 洗える ウォッシャブル ドレープカーテン おしゃれ / 100×80cm / ユーカリグリーン / なし,1940,observed_per_sku_taxIncludedPrice_excludes_delivery_coupon,https://item.rakuten.co.jp/weimall/ct0/,704500131,331814079:row=5:col=0,＼ランキング1位／ 【選べる17サイズ】 カーテン 2枚セット 遮光 1級 3層構造 形状記憶 遮熱 防寒 断熱 洗える 遮光カーテン 遮光率99.99% UVカット おしゃれ 幅100 幅150 2枚 カーテンセット カーテン2枚組 厚手 省エネ 無地 防音 ドレープカーテン 送料無料 / 幅100×丈80cm(2枚) / ユーカリグリーン,2980,observed_product_currentPrice_excludes_delivery_surcharge,https://wowma.jp/item/704500131
observed-ct0-with-au-sibling,ct0,CT02200BRH,【最大2000円OFFクーポン配布】カーテン 遮光 1級 2級 遮光カーテン 遮光率99.99% 幅100cm 幅150cm レースカーテンセット カーテンセット タッセル付き UVカット 厚手 断熱 遮熱 省エネ シンプル 無地 洗える ウォッシャブル ドレープカーテン おしゃれ / 150×200cm / カフェブラウン / なし,2680,observed_per_sku_taxIncludedPrice_excludes_delivery_coupon,https://item.rakuten.co.jp/weimall/ct0/,704500131,331814079:row=8:col=16,＼ランキング1位／ 【選べる17サイズ】 カーテン 2枚セット 遮光 1級 3層構造 形状記憶 遮熱 防寒 断熱 洗える 遮光カーテン 遮光率99.99% UVカット おしゃれ 幅100 幅150 2枚 カーテンセット カーテン2枚組 厚手 省エネ 無地 防音 ドレープカーテン 送料無料 / 幅150×丈200cm(1枚) / カフェブラウン,2980,observed_product_currentPrice_excludes_delivery_surcharge,https://wowma.jp/item/704500131
observed-ct0-with-au-sibling,ct0,CT02200SG,【最大2000円OFFクーポン配布】カーテン 遮光 1級 2級 遮光カーテン 遮光率99.99% 幅100cm 幅150cm レースカーテンセット カーテンセット タッセル付き UVカット 厚手 断熱 遮熱 省エネ シンプル 無地 洗える ウォッシャブル ドレープカーテン おしゃれ / 150×200cm / スモークグレー / あり,3880,observed_per_sku_taxIncludedPrice_excludes_delivery_coupon,https://item.rakuten.co.jp/weimall/ct0/,704502086,331810175:row=3:col=16,＼ランキング1位／【選べる17サイズ】 カーテン 4枚セット 遮光 レースカーテンセット 1級 三層構造 形状記憶 遮熱 遮像 防寒 洗える 遮光カーテン UVカット 幅100 幅150 4枚 2枚 カーテンセット カーテン4枚組 ミラーレース 厚手 省エネ 防音 無地 送料無料 / 幅150×丈200cm(2枚組) / スモークグレー,3980,observed_product_currentPrice_excludes_delivery_surcharge,https://wowma.jp/item/704502086
observed-ct0-with-au-sibling,ct0,CT01230BRH,【最大2000円OFFクーポン配布】カーテン 遮光 1級 2級 遮光カーテン 遮光率99.99% 幅100cm 幅150cm レースカーテンセット カーテンセット タッセル付き UVカット 厚手 断熱 遮熱 省エネ シンプル 無地 洗える ウォッシャブル ドレープカーテン おしゃれ / 100×230cm / カフェブラウン / なし,3580,observed_per_sku_taxIncludedPrice_excludes_delivery_coupon,https://item.rakuten.co.jp/weimall/ct0/,704500131,331814079:row=8:col=13,＼ランキング1位／ 【選べる17サイズ】 カーテン 2枚セット 遮光 1級 3層構造 形状記憶 遮熱 防寒 断熱 洗える 遮光カーテン 遮光率99.99% UVカット おしゃれ 幅100 幅150 2枚 カーテンセット カーテン2枚組 厚手 省エネ 無地 防音 ドレープカーテン 送料無料 / 幅100×丈230cm(2枚) / カフェブラウン,2980,observed_product_currentPrice_excludes_delivery_surcharge,https://wowma.jp/item/704500131
observed-ct0-with-au-sibling,ct0,CT01120NV,【最大2000円OFFクーポン配布】カーテン 遮光 1級 2級 遮光カーテン 遮光率99.99% 幅100cm 幅150cm レースカーテンセット カーテンセット タッセル付き UVカット 厚手 断熱 遮熱 省エネ シンプル 無地 洗える ウォッシャブル ドレープカーテン おしゃれ / 100×120cm / ノクターンネイビー / あり,3280,observed_per_sku_taxIncludedPrice_excludes_delivery_coupon,https://item.rakuten.co.jp/weimall/ct0/,704502086,331810175:row=6:col=4,＼ランキング1位／【選べる17サイズ】 カーテン 4枚セット 遮光 レースカーテンセット 1級 三層構造 形状記憶 遮熱 遮像 防寒 洗える 遮光カーテン UVカット 幅100 幅150 4枚 2枚 カーテンセット カーテン4枚組 ミラーレース 厚手 省エネ 防音 無地 送料無料 / 幅100×丈120cm(4枚組) / ノクターンネイビー,3980,observed_product_currentPrice_excludes_delivery_surcharge,https://wowma.jp/item/704502086
observed-ct0-with-au-sibling,ct0,CT02135NV,【最大2000円OFFクーポン配布】カーテン 遮光 1級 2級 遮光カーテン 遮光率99.99% 幅100cm 幅150cm レースカーテンセット カーテンセット タッセル付き UVカット 厚手 断熱 遮熱 省エネ シンプル 無地 洗える ウォッシャブル ドレープカーテン おしゃれ / 150×135cm / ノクターンネイビー / あり,3480,observed_per_sku_taxIncludedPrice_excludes_delivery_coupon,https://item.rakuten.co.jp/weimall/ct0/,704502086,331810175:row=6:col=14,＼ランキング1位／【選べる17サイズ】 カーテン 4枚セット 遮光 レースカーテンセット 1級 三層構造 形状記憶 遮熱 遮像 防寒 洗える 遮光カーテン UVカット 幅100 幅150 4枚 2枚 カーテンセット カーテン4枚組 ミラーレース 厚手 省エネ 防音 無地 送料無料 / 幅150×丈135cm(2枚組) / ノクターンネイビー,3980,observed_product_currentPrice_excludes_delivery_surcharge,https://wowma.jp/item/704502086
observed-ct0-with-au-sibling,ct0,CT01185SBH,【最大2000円OFFクーポン配布】カーテン 遮光 1級 2級 遮光カーテン 遮光率99.99% 幅100cm 幅150cm レースカーテンセット カーテンセット タッセル付き UVカット 厚手 断熱 遮熱 省エネ シンプル 無地 洗える ウォッシャブル ドレープカーテン おしゃれ / 100×185cm / サンドベージュ / なし,2780,observed_per_sku_taxIncludedPrice_excludes_delivery_coupon,https://item.rakuten.co.jp/weimall/ct0/,704500131,331814079:row=4:col=8,＼ランキング1位／ 【選べる17サイズ】 カーテン 2枚セット 遮光 1級 3層構造 形状記憶 遮熱 防寒 断熱 洗える 遮光カーテン 遮光率99.99% UVカット おしゃれ 幅100 幅150 2枚 カーテンセット カーテン2枚組 厚手 省エネ 無地 防音 ドレープカーテン 送料無料 / 幅100×丈185cm(2枚) / サンドベージュ,2980,observed_product_currentPrice_excludes_delivery_surcharge,https://wowma.jp/item/704500131
observed-ct0-with-au-sibling,ct0,CT02135GRH,【最大2000円OFFクーポン配布】カーテン 遮光 1級 2級 遮光カーテン 遮光率99.99% 幅100cm 幅150cm レースカーテンセット カーテンセット タッセル付き UVカット 厚手 断熱 遮熱 省エネ シンプル 無地 洗える ウォッシャブル ドレープカーテン おしゃれ / 150×135cm / ユーカリグリーン / なし,2580,observed_per_sku_taxIncludedPrice_excludes_delivery_coupon,https://item.rakuten.co.jp/weimall/ct0/,704500131,331814079:row=5:col=14,＼ランキング1位／ 【選べる17サイズ】 カーテン 2枚セット 遮光 1級 3層構造 形状記憶 遮熱 防寒 断熱 洗える 遮光カーテン 遮光率99.99% UVカット おしゃれ 幅100 幅150 2枚 カーテンセット カーテン2枚組 厚手 省エネ 無地 防音 ドレープカーテン 送料無料 / 幅150×丈135cm(1枚) / ユーカリグリーン,2980,observed_product_currentPrice_excludes_delivery_surcharge,https://wowma.jp/item/704500131
observed-ct0-with-au-sibling,ct0,CT01200CGH,【最大2000円OFFクーポン配布】カーテン 遮光 1級 2級 遮光カーテン 遮光率99.99% 幅100cm 幅150cm レースカーテンセット カーテンセット タッセル付き UVカット 厚手 断熱 遮熱 省エネ シンプル 無地 洗える ウォッシャブル ドレープカーテン おしゃれ / 100×200cm / アイスグレー / なし,2980,observed_per_sku_taxIncludedPrice_excludes_delivery_coupon,https://item.rakuten.co.jp/weimall/ct0/,704500131,331814079:row=1:col=10,＼ランキング1位／ 【選べる17サイズ】 カーテン 2枚セット 遮光 1級 3層構造 形状記憶 遮熱 防寒 断熱 洗える 遮光カーテン 遮光率99.99% UVカット おしゃれ 幅100 幅150 2枚 カーテンセット カーテン2枚組 厚手 省エネ 無地 防音 ドレープカーテン 送料無料 / 幅100×丈200cm(2枚) / アイスグレー,2980,observed_product_currentPrice_excludes_delivery_surcharge,https://wowma.jp/item/704500131
observed-ct0-with-au-sibling,ct0,CT01220SB,【最大2000円OFFクーポン配布】カーテン 遮光 1級 2級 遮光カーテン 遮光率99.99% 幅100cm 幅150cm レースカーテンセット カーテンセット タッセル付き UVカット 厚手 断熱 遮熱 省エネ シンプル 無地 洗える ウォッシャブル ドレープカーテン おしゃれ / 100×220cm / サンドベージュ / あり,4580,observed_per_sku_taxIncludedPrice_excludes_delivery_coupon,https://item.rakuten.co.jp/weimall/ct0/,704502086,331810175:row=4:col=12,＼ランキング1位／【選べる17サイズ】 カーテン 4枚セット 遮光 レースカーテンセット 1級 三層構造 形状記憶 遮熱 遮像 防寒 洗える 遮光カーテン UVカット 幅100 幅150 4枚 2枚 カーテンセット カーテン4枚組 ミラーレース 厚手 省エネ 防音 無地 送料無料 / 幅100×丈220cm(4枚組) / サンドベージュ,3980,observed_product_currentPrice_excludes_delivery_surcharge,https://wowma.jp/item/704502086
observed-ct0-with-au-sibling,ct0,CT01200BEH,【最大2000円OFFクーポン配布】カーテン 遮光 1級 2級 遮光カーテン 遮光率99.99% 幅100cm 幅150cm レースカーテンセット カーテンセット タッセル付き UVカット 厚手 断熱 遮熱 省エネ シンプル 無地 洗える ウォッシャブル ドレープカーテン おしゃれ / 100×200cm / ベージュ / なし,2980,observed_per_sku_taxIncludedPrice_excludes_delivery_coupon,https://item.rakuten.co.jp/weimall/ct0/,704500131,331814079:row=0:col=10,＼ランキング1位／ 【選べる17サイズ】 カーテン 2枚セット 遮光 1級 3層構造 形状記憶 遮熱 防寒 断熱 洗える 遮光カーテン 遮光率99.99% UVカット おしゃれ 幅100 幅150 2枚 カーテンセット カーテン2枚組 厚手 省エネ 無地 防音 ドレープカーテン 送料無料 / 幅100×丈200cm(2枚) / ベージュ,2980,observed_product_currentPrice_excludes_delivery_surcharge,https://wowma.jp/item/704500131
observed-ct0-with-au-sibling,ct0,CT01220BR,【最大2000円OFFクーポン配布】カーテン 遮光 1級 2級 遮光カーテン 遮光率99.99% 幅100cm 幅150cm レースカーテンセット カーテンセット タッセル付き UVカット 厚手 断熱 遮熱 省エネ シンプル 無地 洗える ウォッシャブル ドレープカーテン おしゃれ / 100×220cm / カフェブラウン / あり,4580,observed_per_sku_taxIncludedPrice_excludes_delivery_coupon,https://item.rakuten.co.jp/weimall/ct0/,704502086,331810175:row=8:col=12,＼ランキング1位／【選べる17サイズ】 カーテン 4枚セット 遮光 レースカーテンセット 1級 三層構造 形状記憶 遮熱 遮像 防寒 洗える 遮光カーテン UVカット 幅100 幅150 4枚 2枚 カーテンセット カーテン4枚組 ミラーレース 厚手 省エネ 防音 無地 送料無料 / 幅100×丈220cm(4枚組) / カフェブラウン,3980,observed_product_currentPrice_excludes_delivery_surcharge,https://wowma.jp/item/704502086
observed-ct0-with-au-sibling,ct0,CT02178SBH,【最大2000円OFFクーポン配布】カーテン 遮光 1級 2級 遮光カーテン 遮光率99.99% 幅100cm 幅150cm レースカーテンセット カーテンセット タッセル付き UVカット 厚手 断熱 遮熱 省エネ シンプル 無地 洗える ウォッシャブル ドレープカーテン おしゃれ / 150×178cm / サンドベージュ / なし,2680,observed_per_sku_taxIncludedPrice_excludes_delivery_coupon,https://item.rakuten.co.jp/weimall/ct0/,704500131,331814079:row=4:col=15,＼ランキング1位／ 【選べる17サイズ】 カーテン 2枚セット 遮光 1級 3層構造 形状記憶 遮熱 防寒 断熱 洗える 遮光カーテン 遮光率99.99% UVカット おしゃれ 幅100 幅150 2枚 カーテンセット カーテン2枚組 厚手 省エネ 無地 防音 ドレープカーテン 送料無料 / 幅150×丈178cm(1枚) / サンドベージュ,2980,observed_product_currentPrice_excludes_delivery_surcharge,https://wowma.jp/item/704500131
observed-ct0-with-au-sibling,ct0,CT01110SBH,【最大2000円OFFクーポン配布】カーテン 遮光 1級 2級 遮光カーテン 遮光率99.99% 幅100cm 幅150cm レースカーテンセット カーテンセット タッセル付き UVカット 厚手 断熱 遮熱 省エネ シンプル 無地 洗える ウォッシャブル ドレープカーテン おしゃれ / 100×110cm / サンドベージュ / なし,2180,observed_per_sku_taxIncludedPrice_excludes_delivery_coupon,https://item.rakuten.co.jp/weimall/ct0/,704500131,331814079:row=4:col=3,＼ランキング1位／ 【選べる17サイズ】 カーテン 2枚セット 遮光 1級 3層構造 形状記憶 遮熱 防寒 断熱 洗える 遮光カーテン 遮光率99.99% UVカット おしゃれ 幅100 幅150 2枚 カーテンセット カーテン2枚組 厚手 省エネ 無地 防音 ドレープカーテン 送料無料 / 幅100×丈110cm(2枚) / サンドベージュ,2980,observed_product_currentPrice_excludes_delivery_surcharge,https://wowma.jp/item/704500131
observed-ct0-with-au-sibling,ct0,CT01220BK,【最大2000円OFFクーポン配布】カーテン 遮光 1級 2級 遮光カーテン 遮光率99.99% 幅100cm 幅150cm レースカーテンセット カーテンセット タッセル付き UVカット 厚手 断熱 遮熱 省エネ シンプル 無地 洗える ウォッシャブル ドレープカーテン おしゃれ / 100×220cm / コールブラック / あり,4580,observed_per_sku_taxIncludedPrice_excludes_delivery_coupon,https://item.rakuten.co.jp/weimall/ct0/,704502086,331810175:row=7:col=12,＼ランキング1位／【選べる17サイズ】 カーテン 4枚セット 遮光 レースカーテンセット 1級 三層構造 形状記憶 遮熱 遮像 防寒 洗える 遮光カーテン UVカット 幅100 幅150 4枚 2枚 カーテンセット カーテン4枚組 ミラーレース 厚手 省エネ 防音 無地 送料無料 / 幅100×丈220cm(4枚組) / コールブラック,3980,observed_product_currentPrice_excludes_delivery_surcharge,https://wowma.jp/item/704502086
observed-ct0-with-au-sibling,ct0,CT01105NVH,【最大2000円OFFクーポン配布】カーテン 遮光 1級 2級 遮光カーテン 遮光率99.99% 幅100cm 幅150cm レースカーテンセット カーテンセット タッセル付き UVカット 厚手 断熱 遮熱 省エネ シンプル 無地 洗える ウォッシャブル ドレープカーテン おしゃれ / 100×105cm / ノクターンネイビー / なし,2150,observed_per_sku_taxIncludedPrice_excludes_delivery_coupon,https://item.rakuten.co.jp/weimall/ct0/,704500131,331814079:row=6:col=2,＼ランキング1位／ 【選べる17サイズ】 カーテン 2枚セット 遮光 1級 3層構造 形状記憶 遮熱 防寒 断熱 洗える 遮光カーテン 遮光率99.99% UVカット おしゃれ 幅100 幅150 2枚 カーテンセット カーテン2枚組 厚手 省エネ 無地 防音 ドレープカーテン 送料無料 / 幅100×丈105cm(2枚) / ノクターンネイビー,2980,observed_product_currentPrice_excludes_delivery_surcharge,https://wowma.jp/item/704500131
observed-ct0-with-au-sibling,ct0,CT01178BRH,【最大2000円OFFクーポン配布】カーテン 遮光 1級 2級 遮光カーテン 遮光率99.99% 幅100cm 幅150cm レースカーテンセット カーテンセット タッセル付き UVカット 厚手 断熱 遮熱 省エネ シンプル 無地 洗える ウォッシャブル ドレープカーテン おしゃれ / 100×178cm / カフェブラウン / なし,2680,observed_per_sku_taxIncludedPrice_excludes_delivery_coupon,https://item.rakuten.co.jp/weimall/ct0/,704500131,331814079:row=8:col=7,＼ランキング1位／ 【選べる17サイズ】 カーテン 2枚セット 遮光 1級 3層構造 形状記憶 遮熱 防寒 断熱 洗える 遮光カーテン 遮光率99.99% UVカット おしゃれ 幅100 幅150 2枚 カーテンセット カーテン2枚組 厚手 省エネ 無地 防音 ドレープカーテン 送料無料 / 幅100×丈178cm(2枚) / カフェブラウン,2980,observed_product_currentPrice_excludes_delivery_surcharge,https://wowma.jp/item/704500131
observed-ct0-with-au-sibling,ct0,CT01220BE,【最大2000円OFFクーポン配布】カーテン 遮光 1級 2級 遮光カーテン 遮光率99.99% 幅100cm 幅150cm レースカーテンセット カーテンセット タッセル付き UVカット 厚手 断熱 遮熱 省エネ シンプル 無地 洗える ウォッシャブル ドレープカーテン おしゃれ / 100×220cm / ベージュ / あり,4580,observed_per_sku_taxIncludedPrice_excludes_delivery_coupon,https://item.rakuten.co.jp/weimall/ct0/,704502086,331810175:row=0:col=12,＼ランキング1位／【選べる17サイズ】 カーテン 4枚セット 遮光 レースカーテンセット 1級 三層構造 形状記憶 遮熱 遮像 防寒 洗える 遮光カーテン UVカット 幅100 幅150 4枚 2枚 カーテンセット カーテン4枚組 ミラーレース 厚手 省エネ 防音 無地 送料無料 / 幅100×丈220cm(4枚組) / ベージュ,3980,observed_product_currentPrice_excludes_delivery_surcharge,https://wowma.jp/item/704502086
observed-ct0-with-au-sibling,ct0,CT01110SG,【最大2000円OFFクーポン配布】カーテン 遮光 1級 2級 遮光カーテン 遮光率99.99% 幅100cm 幅150cm レースカーテンセット カーテンセット タッセル付き UVカット 厚手 断熱 遮熱 省エネ シンプル 無地 洗える ウォッシャブル ドレープカーテン おしゃれ / 100×110cm / スモークグレー / あり,3180,observed_per_sku_taxIncludedPrice_excludes_delivery_coupon,https://item.rakuten.co.jp/weimall/ct0/,704502086,331810175:row=3:col=3,＼ランキング1位／【選べる17サイズ】 カーテン 4枚セット 遮光 レースカーテンセット 1級 三層構造 形状記憶 遮熱 遮像 防寒 洗える 遮光カーテン UVカット 幅100 幅150 4枚 2枚 カーテンセット カーテン4枚組 ミラーレース 厚手 省エネ 防音 無地 送料無料 / 幅100×丈110cm(4枚組) / スモークグレー,3980,observed_product_currentPrice_excludes_delivery_surcharge,https://wowma.jp/item/704502086
observed-ct0-with-au-sibling,ct0,CT01110SB,【最大2000円OFFクーポン配布】カーテン 遮光 1級 2級 遮光カーテン 遮光率99.99% 幅100cm 幅150cm レースカーテンセット カーテンセット タッセル付き UVカット 厚手 断熱 遮熱 省エネ シンプル 無地 洗える ウォッシャブル ドレープカーテン おしゃれ / 100×110cm / サンドベージュ / あり,3180,observed_per_sku_taxIncludedPrice_excludes_delivery_coupon,https://item.rakuten.co.jp/weimall/ct0/,704502086,331810175:row=4:col=3,＼ランキング1位／【選べる17サイズ】 カーテン 4枚セット 遮光 レースカーテンセット 1級 三層構造 形状記憶 遮熱 遮像 防寒 洗える 遮光カーテン UVカット 幅100 幅150 4枚 2枚 カーテンセット カーテン4枚組 ミラーレース 厚手 省エネ 防音 無地 送料無料 / 幅100×丈110cm(4枚組) / サンドベージュ,3980,observed_product_currentPrice_excludes_delivery_surcharge,https://wowma.jp/item/704502086
observed-ct0-with-au-sibling,ct0,CT02200SBH,【最大2000円OFFクーポン配布】カーテン 遮光 1級 2級 遮光カーテン 遮光率99.99% 幅100cm 幅150cm レースカーテンセット カーテンセット タッセル付き UVカット 厚手 断熱 遮熱 省エネ シンプル 無地 洗える ウォッシャブル ドレープカーテン おしゃれ / 150×200cm / サンドベージュ / なし,2680,observed_per_sku_taxIncludedPrice_excludes_delivery_coupon,https://item.rakuten.co.jp/weimall/ct0/,704500131,331814079:row=4:col=16,＼ランキング1位／ 【選べる17サイズ】 カーテン 2枚セット 遮光 1級 3層構造 形状記憶 遮熱 防寒 断熱 洗える 遮光カーテン 遮光率99.99% UVカット おしゃれ 幅100 幅150 2枚 カーテンセット カーテン2枚組 厚手 省エネ 無地 防音 ドレープカーテン 送料無料 / 幅150×丈200cm(1枚) / サンドベージュ,2980,observed_product_currentPrice_excludes_delivery_surcharge,https://wowma.jp/item/704500131
observed-ct0-with-au-sibling,ct0,CT01200SGH,【最大2000円OFFクーポン配布】カーテン 遮光 1級 2級 遮光カーテン 遮光率99.99% 幅100cm 幅150cm レースカーテンセット カーテンセット タッセル付き UVカット 厚手 断熱 遮熱 省エネ シンプル 無地 洗える ウォッシャブル ドレープカーテン おしゃれ / 100×200cm / スモークグレー / なし,2980,observed_per_sku_taxIncludedPrice_excludes_delivery_coupon,https://item.rakuten.co.jp/weimall/ct0/,704500131,331814079:row=3:col=10,＼ランキング1位／ 【選べる17サイズ】 カーテン 2枚セット 遮光 1級 3層構造 形状記憶 遮熱 防寒 断熱 洗える 遮光カーテン 遮光率99.99% UVカット おしゃれ 幅100 幅150 2枚 カーテンセット カーテン2枚組 厚手 省エネ 無地 防音 ドレープカーテン 送料無料 / 幅100×丈200cm(2枚) / スモークグレー,2980,observed_product_currentPrice_excludes_delivery_surcharge,https://wowma.jp/item/704500131
observed-ct0-with-au-sibling,ct0,CT01230SBH,【最大2000円OFFクーポン配布】カーテン 遮光 1級 2級 遮光カーテン 遮光率99.99% 幅100cm 幅150cm レースカーテンセット カーテンセット タッセル付き UVカット 厚手 断熱 遮熱 省エネ シンプル 無地 洗える ウォッシャブル ドレープカーテン おしゃれ / 100×230cm / サンドベージュ / なし,3580,observed_per_sku_taxIncludedPrice_excludes_delivery_coupon,https://item.rakuten.co.jp/weimall/ct0/,704500131,331814079:row=4:col=13,＼ランキング1位／ 【選べる17サイズ】 カーテン 2枚セット 遮光 1級 3層構造 形状記憶 遮熱 防寒 断熱 洗える 遮光カーテン 遮光率99.99% UVカット おしゃれ 幅100 幅150 2枚 カーテンセット カーテン2枚組 厚手 省エネ 無地 防音 ドレープカーテン 送料無料 / 幅100×丈230cm(2枚) / サンドベージュ,2980,observed_product_currentPrice_excludes_delivery_surcharge,https://wowma.jp/item/704500131
observed-ct0-with-au-sibling,ct0,CT01110BR,【最大2000円OFFクーポン配布】カーテン 遮光 1級 2級 遮光カーテン 遮光率99.99% 幅100cm 幅150cm レースカーテンセット カーテンセット タッセル付き UVカット 厚手 断熱 遮熱 省エネ シンプル 無地 洗える ウォッシャブル ドレープカーテン おしゃれ / 100×110cm / カフェブラウン / あり,3180,observed_per_sku_taxIncludedPrice_excludes_delivery_coupon,https://item.rakuten.co.jp/weimall/ct0/,704502086,331810175:row=8:col=3,＼ランキング1位／【選べる17サイズ】 カーテン 4枚セット 遮光 レースカーテンセット 1級 三層構造 形状記憶 遮熱 遮像 防寒 洗える 遮光カーテン UVカット 幅100 幅150 4枚 2枚 カーテンセット カーテン4枚組 ミラーレース 厚手 省エネ 防音 無地 送料無料 / 幅100×丈110cm(4枚組) / カフェブラウン,3980,observed_product_currentPrice_excludes_delivery_surcharge,https://wowma.jp/item/704502086
observed-ct0-with-au-sibling,ct0,CT01110BK,【最大2000円OFFクーポン配布】カーテン 遮光 1級 2級 遮光カーテン 遮光率99.99% 幅100cm 幅150cm レースカーテンセット カーテンセット タッセル付き UVカット 厚手 断熱 遮熱 省エネ シンプル 無地 洗える ウォッシャブル ドレープカーテン おしゃれ / 100×110cm / コールブラック / あり,3180,observed_per_sku_taxIncludedPrice_excludes_delivery_coupon,https://item.rakuten.co.jp/weimall/ct0/,704502086,331810175:row=7:col=3,＼ランキング1位／【選べる17サイズ】 カーテン 4枚セット 遮光 レースカーテンセット 1級 三層構造 形状記憶 遮熱 遮像 防寒 洗える 遮光カーテン UVカット 幅100 幅150 4枚 2枚 カーテンセット カーテン4枚組 ミラーレース 厚手 省エネ 防音 無地 送料無料 / 幅100×丈110cm(4枚組) / コールブラック,3980,observed_product_currentPrice_excludes_delivery_surcharge,https://wowma.jp/item/704502086
observed-ct0-with-au-sibling,ct0,CT01110BE,【最大2000円OFFクーポン配布】カーテン 遮光 1級 2級 遮光カーテン 遮光率99.99% 幅100cm 幅150cm レースカーテンセット カーテンセット タッセル付き UVカット 厚手 断熱 遮熱 省エネ シンプル 無地 洗える ウォッシャブル ドレープカーテン おしゃれ / 100×110cm / ベージュ / あり,3180,observed_per_sku_taxIncludedPrice_excludes_delivery_coupon,https://item.rakuten.co.jp/weimall/ct0/,704502086,331810175:row=0:col=3,＼ランキング1位／【選べる17サイズ】 カーテン 4枚セット 遮光 レースカーテンセット 1級 三層構造 形状記憶 遮熱 遮像 防寒 洗える 遮光カーテン UVカット 幅100 幅150 4枚 2枚 カーテンセット カーテン4枚組 ミラーレース 厚手 省エネ 防音 無地 送料無料 / 幅100×丈110cm(4枚組) / ベージュ,3980,observed_product_currentPrice_excludes_delivery_surcharge,https://wowma.jp/item/704502086
observed-ct0-with-au-sibling,ct0,CT01220SG,【最大2000円OFFクーポン配布】カーテン 遮光 1級 2級 遮光カーテン 遮光率99.99% 幅100cm 幅150cm レースカーテンセット カーテンセット タッセル付き UVカット 厚手 断熱 遮熱 省エネ シンプル 無地 洗える ウォッシャブル ドレープカーテン おしゃれ / 100×220cm / スモークグレー / あり,4580,observed_per_sku_taxIncludedPrice_excludes_delivery_coupon,https://item.rakuten.co.jp/weimall/ct0/,704502086,331810175:row=3:col=12,＼ランキング1位／【選べる17サイズ】 カーテン 4枚セット 遮光 レースカーテンセット 1級 三層構造 形状記憶 遮熱 遮像 防寒 洗える 遮光カーテン UVカット 幅100 幅150 4枚 2枚 カーテンセット カーテン4枚組 ミラーレース 厚手 省エネ 防音 無地 送料無料 / 幅100×丈220cm(4枚組) / スモークグレー,3980,observed_product_currentPrice_excludes_delivery_surcharge,https://wowma.jp/item/704502086
observed-ct0-with-au-sibling,ct0,CT01185BRH,【最大2000円OFFクーポン配布】カーテン 遮光 1級 2級 遮光カーテン 遮光率99.99% 幅100cm 幅150cm レースカーテンセット カーテンセット タッセル付き UVカット 厚手 断熱 遮熱 省エネ シンプル 無地 洗える ウォッシャブル ドレープカーテン おしゃれ / 100×185cm / カフェブラウン / なし,2780,observed_per_sku_taxIncludedPrice_excludes_delivery_coupon,https://item.rakuten.co.jp/weimall/ct0/,704500131,331814079:row=8:col=8,＼ランキング1位／ 【選べる17サイズ】 カーテン 2枚セット 遮光 1級 3層構造 形状記憶 遮熱 防寒 断熱 洗える 遮光カーテン 遮光率99.99% UVカット おしゃれ 幅100 幅150 2枚 カーテンセット カーテン2枚組 厚手 省エネ 無地 防音 ドレープカーテン 送料無料 / 幅100×丈185cm(2枚) / カフェブラウン,2980,observed_product_currentPrice_excludes_delivery_surcharge,https://wowma.jp/item/704500131
observed-ct0-with-au-sibling,ct0,CT01135GRH,【最大2000円OFFクーポン配布】カーテン 遮光 1級 2級 遮光カーテン 遮光率99.99% 幅100cm 幅150cm レースカーテンセット カーテンセット タッセル付き UVカット 厚手 断熱 遮熱 省エネ シンプル 無地 洗える ウォッシャブル ドレープカーテン おしゃれ / 100×135cm / ユーカリグリーン / なし,2480,observed_per_sku_taxIncludedPrice_excludes_delivery_coupon,https://item.rakuten.co.jp/weimall/ct0/,704500131,331814079:row=5:col=5,＼ランキング1位／ 【選べる17サイズ】 カーテン 2枚セット 遮光 1級 3層構造 形状記憶 遮熱 防寒 断熱 洗える 遮光カーテン 遮光率99.99% UVカット おしゃれ 幅100 幅150 2枚 カーテンセット カーテン2枚組 厚手 省エネ 無地 防音 ドレープカーテン 送料無料 / 幅100×丈135cm(2枚) / ユーカリグリーン,2980,observed_product_currentPrice_excludes_delivery_surcharge,https://wowma.jp/item/704500131
observed-ct0-with-au-sibling,ct0,CT01200GR,【最大2000円OFFクーポン配布】カーテン 遮光 1級 2級 遮光カーテン 遮光率99.99% 幅100cm 幅150cm レースカーテンセット カーテンセット タッセル付き UVカット 厚手 断熱 遮熱 省エネ シンプル 無地 洗える ウォッシャブル ドレープカーテン おしゃれ / 100×200cm / ユーカリグリーン / あり,4280,observed_per_sku_taxIncludedPrice_excludes_delivery_coupon,https://item.rakuten.co.jp/weimall/ct0/,704502086,331810175:row=5:col=10,＼ランキング1位／【選べる17サイズ】 カーテン 4枚セット 遮光 レースカーテンセット 1級 三層構造 形状記憶 遮熱 遮像 防寒 洗える 遮光カーテン UVカット 幅100 幅150 4枚 2枚 カーテンセット カーテン4枚組 ミラーレース 厚手 省エネ 防音 無地 送料無料 / 幅100×丈200cm(4枚組) / ユーカリグリーン,3980,observed_product_currentPrice_excludes_delivery_surcharge,https://wowma.jp/item/704502086
observed-ct0-with-au-sibling,ct0,CT0180BE,【最大2000円OFFクーポン配布】カーテン 遮光 1級 2級 遮光カーテン 遮光率99.99% 幅100cm 幅150cm レースカーテンセット カーテンセット タッセル付き UVカット 厚手 断熱 遮熱 省エネ シンプル 無地 洗える ウォッシャブル ドレープカーテン おしゃれ / 100×80cm / ベージュ / あり,2780,observed_per_sku_taxIncludedPrice_excludes_delivery_coupon,https://item.rakuten.co.jp/weimall/ct0/,704502086,331810175:row=0:col=0,＼ランキング1位／【選べる17サイズ】 カーテン 4枚セット 遮光 レースカーテンセット 1級 三層構造 形状記憶 遮熱 遮像 防寒 洗える 遮光カーテン UVカット 幅100 幅150 4枚 2枚 カーテンセット カーテン4枚組 ミラーレース 厚手 省エネ 防音 無地 送料無料 / 幅100×丈80cm(4枚組) / ベージュ,3980,observed_product_currentPrice_excludes_delivery_surcharge,https://wowma.jp/item/704502086
observed-ct0-with-au-sibling,ct0,CT02178BRH,【最大2000円OFFクーポン配布】カーテン 遮光 1級 2級 遮光カーテン 遮光率99.99% 幅100cm 幅150cm レースカーテンセット カーテンセット タッセル付き UVカット 厚手 断熱 遮熱 省エネ シンプル 無地 洗える ウォッシャブル ドレープカーテン おしゃれ / 150×178cm / カフェブラウン / なし,2680,observed_per_sku_taxIncludedPrice_excludes_delivery_coupon,https://item.rakuten.co.jp/weimall/ct0/,704500131,331814079:row=8:col=15,＼ランキング1位／ 【選べる17サイズ】 カーテン 2枚セット 遮光 1級 3層構造 形状記憶 遮熱 防寒 断熱 洗える 遮光カーテン 遮光率99.99% UVカット おしゃれ 幅100 幅150 2枚 カーテンセット カーテン2枚組 厚手 省エネ 無地 防音 ドレープカーテン 送料無料 / 幅150×丈178cm(1枚) / カフェブラウン,2980,observed_product_currentPrice_excludes_delivery_surcharge,https://wowma.jp/item/704500131
observed-ct0-with-au-sibling,ct0,CT01185NVH,【最大2000円OFFクーポン配布】カーテン 遮光 1級 2級 遮光カーテン 遮光率99.99% 幅100cm 幅150cm レースカーテンセット カーテンセット タッセル付き UVカット 厚手 断熱 遮熱 省エネ シンプル 無地 洗える ウォッシャブル ドレープカーテン おしゃれ / 100×185cm / ノクターンネイビー / なし,2780,observed_per_sku_taxIncludedPrice_excludes_delivery_coupon,https://item.rakuten.co.jp/weimall/ct0/,704500131,331814079:row=6:col=8,＼ランキング1位／ 【選べる17サイズ】 カーテン 2枚セット 遮光 1級 3層構造 形状記憶 遮熱 防寒 断熱 洗える 遮光カーテン 遮光率99.99% UVカット おしゃれ 幅100 幅150 2枚 カーテンセット カーテン2枚組 厚手 省エネ 無地 防音 ドレープカーテン 送料無料 / 幅100×丈185cm(2枚) / ノクターンネイビー,2980,observed_product_currentPrice_excludes_delivery_surcharge,https://wowma.jp/item/704500131
observed-ct0-with-au-sibling,ct0,CT02135CGH,【最大2000円OFFクーポン配布】カーテン 遮光 1級 2級 遮光カーテン 遮光率99.99% 幅100cm 幅150cm レースカーテンセット カーテンセット タッセル付き UVカット 厚手 断熱 遮熱 省エネ シンプル 無地 洗える ウォッシャブル ドレープカーテン おしゃれ / 150×135cm / アイスグレー / なし,2580,observed_per_sku_taxIncludedPrice_excludes_delivery_coupon,https://item.rakuten.co.jp/weimall/ct0/,704500131,331814079:row=1:col=14,＼ランキング1位／ 【選べる17サイズ】 カーテン 2枚セット 遮光 1級 3層構造 形状記憶 遮熱 防寒 断熱 洗える 遮光カーテン 遮光率99.99% UVカット おしゃれ 幅100 幅150 2枚 カーテンセット カーテン2枚組 厚手 省エネ 無地 防音 ドレープカーテン 送料無料 / 幅150×丈135cm(1枚) / アイスグレー,2980,observed_product_currentPrice_excludes_delivery_surcharge,https://wowma.jp/item/704500131
observed-ct0-with-au-sibling,ct0,CT02135BEH,【最大2000円OFFクーポン配布】カーテン 遮光 1級 2級 遮光カーテン 遮光率99.99% 幅100cm 幅150cm レースカーテンセット カーテンセット タッセル付き UVカット 厚手 断熱 遮熱 省エネ シンプル 無地 洗える ウォッシャブル ドレープカーテン おしゃれ / 150×135cm / ベージュ / なし,2580,observed_per_sku_taxIncludedPrice_excludes_delivery_coupon,https://item.rakuten.co.jp/weimall/ct0/,704500131,331814079:row=0:col=14,＼ランキング1位／ 【選べる17サイズ】 カーテン 2枚セット 遮光 1級 3層構造 形状記憶 遮熱 防寒 断熱 洗える 遮光カーテン 遮光率99.99% UVカット おしゃれ 幅100 幅150 2枚 カーテンセット カーテン2枚組 厚手 省エネ 無地 防音 ドレープカーテン 送料無料 / 幅150×丈135cm(1枚) / ベージュ,2980,observed_product_currentPrice_excludes_delivery_surcharge,https://wowma.jp/item/704500131
observed-ct0-with-au-sibling,ct0,CT01178NV,【最大2000円OFFクーポン配布】カーテン 遮光 1級 2級 遮光カーテン 遮光率99.99% 幅100cm 幅150cm レースカーテンセット カーテンセット タッセル付き UVカット 厚手 断熱 遮熱 省エネ シンプル 無地 洗える ウォッシャブル ドレープカーテン おしゃれ / 100×178cm / ノクターンネイビー / あり,3780,observed_per_sku_taxIncludedPrice_excludes_delivery_coupon,https://item.rakuten.co.jp/weimall/ct0/,704502086,331810175:row=6:col=7,＼ランキング1位／【選べる17サイズ】 カーテン 4枚セット 遮光 レースカーテンセット 1級 三層構造 形状記憶 遮熱 遮像 防寒 洗える 遮光カーテン UVカット 幅100 幅150 4枚 2枚 カーテンセット カーテン4枚組 ミラーレース 厚手 省エネ 防音 無地 送料無料 / 幅100×丈178cm(4枚組) / ノクターンネイビー,3980,observed_product_currentPrice_excludes_delivery_surcharge,https://wowma.jp/item/704502086
observed-ct0-with-au-sibling,ct0,CT01230NV,【最大2000円OFFクーポン配布】カーテン 遮光 1級 2級 遮光カーテン 遮光率99.99% 幅100cm 幅150cm レースカーテンセット カーテンセット タッセル付き UVカット 厚手 断熱 遮熱 省エネ シンプル 無地 洗える ウォッシャブル ドレープカーテン おしゃれ / 100×230cm / ノクターンネイビー / あり,4680,observed_per_sku_taxIncludedPrice_excludes_delivery_coupon,https://item.rakuten.co.jp/weimall/ct0/,704502086,331810175:row=6:col=13,＼ランキング1位／【選べる17サイズ】 カーテン 4枚セット 遮光 レースカーテンセット 1級 三層構造 形状記憶 遮熱 遮像 防寒 洗える 遮光カーテン UVカット 幅100 幅150 4枚 2枚 カーテンセット カーテン4枚組 ミラーレース 厚手 省エネ 防音 無地 送料無料 / 幅100×丈230cm(4枚組) / ノクターンネイビー,3980,observed_product_currentPrice_excludes_delivery_surcharge,https://wowma.jp/item/704502086
observed-ct0-with-au-sibling,ct0,CT01105BKH,【最大2000円OFFクーポン配布】カーテン 遮光 1級 2級 遮光カーテン 遮光率99.99% 幅100cm 幅150cm レースカーテンセット カーテンセット タッセル付き UVカット 厚手 断熱 遮熱 省エネ シンプル 無地 洗える ウォッシャブル ドレープカーテン おしゃれ / 100×105cm / コールブラック / なし,2150,observed_per_sku_taxIncludedPrice_excludes_delivery_coupon,https://item.rakuten.co.jp/weimall/ct0/,704500131,331814079:row=7:col=2,＼ランキング1位／ 【選べる17サイズ】 カーテン 2枚セット 遮光 1級 3層構造 形状記憶 遮熱 防寒 断熱 洗える 遮光カーテン 遮光率99.99% UVカット おしゃれ 幅100 幅150 2枚 カーテンセット カーテン2枚組 厚手 省エネ 無地 防音 ドレープカーテン 送料無料 / 幅100×丈105cm(2枚) / コールブラック,2980,observed_product_currentPrice_excludes_delivery_surcharge,https://wowma.jp/item/704500131
observed-ct0-with-au-sibling,ct0,CT0180SGH,【最大2000円OFFクーポン配布】カーテン 遮光 1級 2級 遮光カーテン 遮光率99.99% 幅100cm 幅150cm レースカーテンセット カーテンセット タッセル付き UVカット 厚手 断熱 遮熱 省エネ シンプル 無地 洗える ウォッシャブル ドレープカーテン おしゃれ / 100×80cm / スモークグレー / なし,1940,observed_per_sku_taxIncludedPrice_excludes_delivery_coupon,https://item.rakuten.co.jp/weimall/ct0/,704500131,331814079:row=3:col=0,＼ランキング1位／ 【選べる17サイズ】 カーテン 2枚セット 遮光 1級 3層構造 形状記憶 遮熱 防寒 断熱 洗える 遮光カーテン 遮光率99.99% UVカット おしゃれ 幅100 幅150 2枚 カーテンセット カーテン2枚組 厚手 省エネ 無地 防音 ドレープカーテン 送料無料 / 幅100×丈80cm(2枚) / スモークグレー,2980,observed_product_currentPrice_excludes_delivery_surcharge,https://wowma.jp/item/704500131
observed-ct0-with-au-sibling,ct0,CT01190SBH,【最大2000円OFFクーポン配布】カーテン 遮光 1級 2級 遮光カーテン 遮光率99.99% 幅100cm 幅150cm レースカーテンセット カーテンセット タッセル付き UVカット 厚手 断熱 遮熱 省エネ シンプル 無地 洗える ウォッシャブル ドレープカーテン おしゃれ / 100×190cm / サンドベージュ / なし,2880,observed_per_sku_taxIncludedPrice_excludes_delivery_coupon,https://item.rakuten.co.jp/weimall/ct0/,704500131,331814079:row=4:col=9,＼ランキング1位／ 【選べる17サイズ】 カーテン 2枚セット 遮光 1級 3層構造 形状記憶 遮熱 防寒 断熱 洗える 遮光カーテン 遮光率99.99% UVカット おしゃれ 幅100 幅150 2枚 カーテンセット カーテン2枚組 厚手 省エネ 無地 防音 ドレープカーテン 送料無料 / 幅100×丈190cm(2枚) / サンドベージュ,2980,observed_product_currentPrice_excludes_delivery_surcharge,https://wowma.jp/item/704500131
observed-ct0-with-au-sibling,ct0,CT0180SG,【最大2000円OFFクーポン配布】カーテン 遮光 1級 2級 遮光カーテン 遮光率99.99% 幅100cm 幅150cm レースカーテンセット カーテンセット タッセル付き UVカット 厚手 断熱 遮熱 省エネ シンプル 無地 洗える ウォッシャブル ドレープカーテン おしゃれ / 100×80cm / スモークグレー / あり,2780,observed_per_sku_taxIncludedPrice_excludes_delivery_coupon,https://item.rakuten.co.jp/weimall/ct0/,704502086,331810175:row=3:col=0,＼ランキング1位／【選べる17サイズ】 カーテン 4枚セット 遮光 レースカーテンセット 1級 三層構造 形状記憶 遮熱 遮像 防寒 洗える 遮光カーテン UVカット 幅100 幅150 4枚 2枚 カーテンセット カーテン4枚組 ミラーレース 厚手 省エネ 防音 無地 送料無料 / 幅100×丈80cm(4枚組) / スモークグレー,3980,observed_product_currentPrice_excludes_delivery_surcharge,https://wowma.jp/item/704502086
observed-ct0-with-au-sibling,ct0,CT0180BR,【最大2000円OFFクーポン配布】カーテン 遮光 1級 2級 遮光カーテン 遮光率99.99% 幅100cm 幅150cm レースカーテンセット カーテンセット タッセル付き UVカット 厚手 断熱 遮熱 省エネ シンプル 無地 洗える ウォッシャブル ドレープカーテン おしゃれ / 100×80cm / カフェブラウン / あり,2780,observed_per_sku_taxIncludedPrice_excludes_delivery_coupon,https://item.rakuten.co.jp/weimall/ct0/,704502086,331810175:row=8:col=0,＼ランキング1位／【選べる17サイズ】 カーテン 4枚セット 遮光 レースカーテンセット 1級 三層構造 形状記憶 遮熱 遮像 防寒 洗える 遮光カーテン UVカット 幅100 幅150 4枚 2枚 カーテンセット カーテン4枚組 ミラーレース 厚手 省エネ 防音 無地 送料無料 / 幅100×丈80cm(4枚組) / カフェブラウン,3980,observed_product_currentPrice_excludes_delivery_surcharge,https://wowma.jp/item/704502086
observed-ct0-with-au-sibling,ct0,CT0180SB,【最大2000円OFFクーポン配布】カーテン 遮光 1級 2級 遮光カーテン 遮光率99.99% 幅100cm 幅150cm レースカーテンセット カーテンセット タッセル付き UVカット 厚手 断熱 遮熱 省エネ シンプル 無地 洗える ウォッシャブル ドレープカーテン おしゃれ / 100×80cm / サンドベージュ / あり,2780,observed_per_sku_taxIncludedPrice_excludes_delivery_coupon,https://item.rakuten.co.jp/weimall/ct0/,704502086,331810175:row=4:col=0,＼ランキング1位／【選べる17サイズ】 カーテン 4枚セット 遮光 レースカーテンセット 1級 三層構造 形状記憶 遮熱 遮像 防寒 洗える 遮光カーテン UVカット 幅100 幅150 4枚 2枚 カーテンセット カーテン4枚組 ミラーレース 厚手 省エネ 防音 無地 送料無料 / 幅100×丈80cm(4枚組) / サンドベージュ,3980,observed_product_currentPrice_excludes_delivery_surcharge,https://wowma.jp/item/704502086
observed-ct0-with-au-sibling,ct0,CT02135SGH,【最大2000円OFFクーポン配布】カーテン 遮光 1級 2級 遮光カーテン 遮光率99.99% 幅100cm 幅150cm レースカーテンセット カーテンセット タッセル付き UVカット 厚手 断熱 遮熱 省エネ シンプル 無地 洗える ウォッシャブル ドレープカーテン おしゃれ / 150×135cm / スモークグレー / なし,2580,observed_per_sku_taxIncludedPrice_excludes_delivery_coupon,https://item.rakuten.co.jp/weimall/ct0/,704500131,331814079:row=3:col=14,＼ランキング1位／ 【選べる17サイズ】 カーテン 2枚セット 遮光 1級 3層構造 形状記憶 遮熱 防寒 断熱 洗える 遮光カーテン 遮光率99.99% UVカット おしゃれ 幅100 幅150 2枚 カーテンセット カーテン2枚組 厚手 省エネ 無地 防音 ドレープカーテン 送料無料 / 幅150×丈135cm(1枚) / スモークグレー,2980,observed_product_currentPrice_excludes_delivery_surcharge,https://wowma.jp/item/704500131
observed-ct0-with-au-sibling,ct0,CT01185GYH,【最大2000円OFFクーポン配布】カーテン 遮光 1級 2級 遮光カーテン 遮光率99.99% 幅100cm 幅150cm レースカーテンセット カーテンセット タッセル付き UVカット 厚手 断熱 遮熱 省エネ シンプル 無地 洗える ウォッシャブル ドレープカーテン おしゃれ / 100×185cm / ライトグレー / なし,2780,observed_per_sku_taxIncludedPrice_excludes_delivery_coupon,https://item.rakuten.co.jp/weimall/ct0/,704500131,331814079:row=2:col=8,＼ランキング1位／ 【選べる17サイズ】 カーテン 2枚セット 遮光 1級 3層構造 形状記憶 遮熱 防寒 断熱 洗える 遮光カーテン 遮光率99.99% UVカット おしゃれ 幅100 幅150 2枚 カーテンセット カーテン2枚組 厚手 省エネ 無地 防音 ドレープカーテン 送料無料 / 幅100×丈185cm(2枚) / ライトグレー,2980,observed_product_currentPrice_excludes_delivery_surcharge,https://wowma.jp/item/704500131
observed-ct0-with-au-sibling,ct0,CT01200GY,【最大2000円OFFクーポン配布】カーテン 遮光 1級 2級 遮光カーテン 遮光率99.99% 幅100cm 幅150cm レースカーテンセット カーテンセット タッセル付き UVカット 厚手 断熱 遮熱 省エネ シンプル 無地 洗える ウォッシャブル ドレープカーテン おしゃれ / 100×200cm / ライトグレー / あり,4280,observed_per_sku_taxIncludedPrice_excludes_delivery_coupon,https://item.rakuten.co.jp/weimall/ct0/,704502086,331810175:row=2:col=10,＼ランキング1位／【選べる17サイズ】 カーテン 4枚セット 遮光 レースカーテンセット 1級 三層構造 形状記憶 遮熱 遮像 防寒 洗える 遮光カーテン UVカット 幅100 幅150 4枚 2枚 カーテンセット カーテン4枚組 ミラーレース 厚手 省エネ 防音 無地 送料無料 / 幅100×丈200cm(4枚組) / ライトグレー,3980,observed_product_currentPrice_excludes_delivery_surcharge,https://wowma.jp/item/704502086
observed-ct0-with-au-sibling,ct0,CT01135CG,【最大2000円OFFクーポン配布】カーテン 遮光 1級 2級 遮光カーテン 遮光率99.99% 幅100cm 幅150cm レースカーテンセット カーテンセット タッセル付き UVカット 厚手 断熱 遮熱 省エネ シンプル 無地 洗える ウォッシャブル ドレープカーテン おしゃれ / 100×135cm / アイスグレー / あり,3380,observed_per_sku_taxIncludedPrice_excludes_delivery_coupon,https://item.rakuten.co.jp/weimall/ct0/,704502086,331810175:row=1:col=5,＼ランキング1位／【選べる17サイズ】 カーテン 4枚セット 遮光 レースカーテンセット 1級 三層構造 形状記憶 遮熱 遮像 防寒 洗える 遮光カーテン UVカット 幅100 幅150 4枚 2枚 カーテンセット カーテン4枚組 ミラーレース 厚手 省エネ 防音 無地 送料無料 / 幅100×丈135cm(4枚組) / アイスグレー,3980,observed_product_currentPrice_excludes_delivery_surcharge,https://wowma.jp/item/704502086
observed-ct0-with-au-sibling,ct0,CT0180BK,【最大2000円OFFクーポン配布】カーテン 遮光 1級 2級 遮光カーテン 遮光率99.99% 幅100cm 幅150cm レースカーテンセット カーテンセット タッセル付き UVカット 厚手 断熱 遮熱 省エネ シンプル 無地 洗える ウォッシャブル ドレープカーテン おしゃれ / 100×80cm / コールブラック / あり,2780,observed_per_sku_taxIncludedPrice_excludes_delivery_coupon,https://item.rakuten.co.jp/weimall/ct0/,704502086,331810175:row=7:col=0,＼ランキング1位／【選べる17サイズ】 カーテン 4枚セット 遮光 レースカーテンセット 1級 三層構造 形状記憶 遮熱 遮像 防寒 洗える 遮光カーテン UVカット 幅100 幅150 4枚 2枚 カーテンセット カーテン4枚組 ミラーレース 厚手 省エネ 防音 無地 送料無料 / 幅100×丈80cm(4枚組) / コールブラック,3980,observed_product_currentPrice_excludes_delivery_surcharge,https://wowma.jp/item/704502086
observed-ct0-with-au-sibling,ct0,CT01190GR,【最大2000円OFFクーポン配布】カーテン 遮光 1級 2級 遮光カーテン 遮光率99.99% 幅100cm 幅150cm レースカーテンセット カーテンセット タッセル付き UVカット 厚手 断熱 遮熱 省エネ シンプル 無地 洗える ウォッシャブル ドレープカーテン おしゃれ / 100×190cm / ユーカリグリーン / あり,4180,observed_per_sku_taxIncludedPrice_excludes_delivery_coupon,https://item.rakuten.co.jp/weimall/ct0/,704502086,331810175:row=5:col=9,＼ランキング1位／【選べる17サイズ】 カーテン 4枚セット 遮光 レースカーテンセット 1級 三層構造 形状記憶 遮熱 遮像 防寒 洗える 遮光カーテン UVカット 幅100 幅150 4枚 2枚 カーテンセット カーテン4枚組 ミラーレース 厚手 省エネ 防音 無地 送料無料 / 幅100×丈190cm(4枚組) / ユーカリグリーン,3980,observed_product_currentPrice_excludes_delivery_surcharge,https://wowma.jp/item/704502086
observed-ct0-with-au-sibling,ct0,CT01220NVH,【最大2000円OFFクーポン配布】カーテン 遮光 1級 2級 遮光カーテン 遮光率99.99% 幅100cm 幅150cm レースカーテンセット カーテンセット タッセル付き UVカット 厚手 断熱 遮熱 省エネ シンプル 無地 洗える ウォッシャブル ドレープカーテン おしゃれ / 100×220cm / ノクターンネイビー / なし,3380,observed_per_sku_taxIncludedPrice_excludes_delivery_coupon,https://item.rakuten.co.jp/weimall/ct0/,704500131,331814079:row=6:col=12,＼ランキング1位／ 【選べる17サイズ】 カーテン 2枚セット 遮光 1級 3層構造 形状記憶 遮熱 防寒 断熱 洗える 遮光カーテン 遮光率99.99% UVカット おしゃれ 幅100 幅150 2枚 カーテンセット カーテン2枚組 厚手 省エネ 無地 防音 ドレープカーテン 送料無料 / 幅100×丈220cm(2枚) / ノクターンネイビー,2980,observed_product_currentPrice_excludes_delivery_surcharge,https://wowma.jp/item/704500131
observed-ct0-with-au-sibling,ct0,CT02200CG,【最大2000円OFFクーポン配布】カーテン 遮光 1級 2級 遮光カーテン 遮光率99.99% 幅100cm 幅150cm レースカーテンセット カーテンセット タッセル付き UVカット 厚手 断熱 遮熱 省エネ シンプル 無地 洗える ウォッシャブル ドレープカーテン おしゃれ / 150×200cm / アイスグレー / あり,3880,observed_per_sku_taxIncludedPrice_excludes_delivery_coupon,https://item.rakuten.co.jp/weimall/ct0/,704502086,331810175:row=1:col=16,＼ランキング1位／【選べる17サイズ】 カーテン 4枚セット 遮光 レースカーテンセット 1級 三層構造 形状記憶 遮熱 遮像 防寒 洗える 遮光カーテン UVカット 幅100 幅150 4枚 2枚 カーテンセット カーテン4枚組 ミラーレース 厚手 省エネ 防音 無地 送料無料 / 幅150×丈200cm(2枚組) / アイスグレー,3980,observed_product_currentPrice_excludes_delivery_surcharge,https://wowma.jp/item/704502086
observed-ct0-with-au-sibling,ct0,CT01110GYH,【最大2000円OFFクーポン配布】カーテン 遮光 1級 2級 遮光カーテン 遮光率99.99% 幅100cm 幅150cm レースカーテンセット カーテンセット タッセル付き UVカット 厚手 断熱 遮熱 省エネ シンプル 無地 洗える ウォッシャブル ドレープカーテン おしゃれ / 100×110cm / ライトグレー / なし,2180,observed_per_sku_taxIncludedPrice_excludes_delivery_coupon,https://item.rakuten.co.jp/weimall/ct0/,704500131,331814079:row=2:col=3,＼ランキング1位／ 【選べる17サイズ】 カーテン 2枚セット 遮光 1級 3層構造 形状記憶 遮熱 防寒 断熱 洗える 遮光カーテン 遮光率99.99% UVカット おしゃれ 幅100 幅150 2枚 カーテンセット カーテン2枚組 厚手 省エネ 無地 防音 ドレープカーテン 送料無料 / 幅100×丈110cm(2枚) / ライトグレー,2980,observed_product_currentPrice_excludes_delivery_surcharge,https://wowma.jp/item/704500131
observed-ct0-with-au-sibling,ct0,CT01210CG,【最大2000円OFFクーポン配布】カーテン 遮光 1級 2級 遮光カーテン 遮光率99.99% 幅100cm 幅150cm レースカーテンセット カーテンセット タッセル付き UVカット 厚手 断熱 遮熱 省エネ シンプル 無地 洗える ウォッシャブル ドレープカーテン おしゃれ / 100×210cm / アイスグレー / あり,4380,observed_per_sku_taxIncludedPrice_excludes_delivery_coupon,https://item.rakuten.co.jp/weimall/ct0/,704502086,331810175:row=1:col=11,＼ランキング1位／【選べる17サイズ】 カーテン 4枚セット 遮光 レースカーテンセット 1級 三層構造 形状記憶 遮熱 遮像 防寒 洗える 遮光カーテン UVカット 幅100 幅150 4枚 2枚 カーテンセット カーテン4枚組 ミラーレース 厚手 省エネ 防音 無地 送料無料 / 幅100×丈210cm(4枚組) / アイスグレー,3980,observed_product_currentPrice_excludes_delivery_surcharge,https://wowma.jp/item/704502086
observed-ct0-with-au-sibling,ct0,CT01190GY,【最大2000円OFFクーポン配布】カーテン 遮光 1級 2級 遮光カーテン 遮光率99.99% 幅100cm 幅150cm レースカーテンセット カーテンセット タッセル付き UVカット 厚手 断熱 遮熱 省エネ シンプル 無地 洗える ウォッシャブル ドレープカーテン おしゃれ / 100×190cm / ライトグレー / あり,4180,observed_per_sku_taxIncludedPrice_excludes_delivery_coupon,https://item.rakuten.co.jp/weimall/ct0/,704502086,331810175:row=2:col=9,＼ランキング1位／【選べる17サイズ】 カーテン 4枚セット 遮光 レースカーテンセット 1級 三層構造 形状記憶 遮熱 遮像 防寒 洗える 遮光カーテン UVカット 幅100 幅150 4枚 2枚 カーテンセット カーテン4枚組 ミラーレース 厚手 省エネ 防音 無地 送料無料 / 幅100×丈190cm(4枚組) / ライトグレー,3980,observed_product_currentPrice_excludes_delivery_surcharge,https://wowma.jp/item/704502086
observed-ct0-with-au-sibling,ct0,CT02200NVH,【最大2000円OFFクーポン配布】カーテン 遮光 1級 2級 遮光カーテン 遮光率99.99% 幅100cm 幅150cm レースカーテンセット カーテンセット タッセル付き UVカット 厚手 断熱 遮熱 省エネ シンプル 無地 洗える ウォッシャブル ドレープカーテン おしゃれ / 150×200cm / ノクターンネイビー / なし,2680,observed_per_sku_taxIncludedPrice_excludes_delivery_coupon,https://item.rakuten.co.jp/weimall/ct0/,704500131,331814079:row=6:col=16,＼ランキング1位／ 【選べる17サイズ】 カーテン 2枚セット 遮光 1級 3層構造 形状記憶 遮熱 防寒 断熱 洗える 遮光カーテン 遮光率99.99% UVカット おしゃれ 幅100 幅150 2枚 カーテンセット カーテン2枚組 厚手 省エネ 無地 防音 ドレープカーテン 送料無料 / 幅150×丈200cm(1枚) / ノクターンネイビー,2980,observed_product_currentPrice_excludes_delivery_surcharge,https://wowma.jp/item/704500131
observed-ct0-with-au-sibling,ct0,CT01190BRH,【最大2000円OFFクーポン配布】カーテン 遮光 1級 2級 遮光カーテン 遮光率99.99% 幅100cm 幅150cm レースカーテンセット カーテンセット タッセル付き UVカット 厚手 断熱 遮熱 省エネ シンプル 無地 洗える ウォッシャブル ドレープカーテン おしゃれ / 100×190cm / カフェブラウン / なし,2880,observed_per_sku_taxIncludedPrice_excludes_delivery_coupon,https://item.rakuten.co.jp/weimall/ct0/,704500131,331814079:row=8:col=9,＼ランキング1位／ 【選べる17サイズ】 カーテン 2枚セット 遮光 1級 3層構造 形状記憶 遮熱 防寒 断熱 洗える 遮光カーテン 遮光率99.99% UVカット おしゃれ 幅100 幅150 2枚 カーテンセット カーテン2枚組 厚手 省エネ 無地 防音 ドレープカーテン 送料無料 / 幅100×丈190cm(2枚) / カフェブラウン,2980,observed_product_currentPrice_excludes_delivery_surcharge,https://wowma.jp/item/704500131
observed-ct0-with-au-sibling,ct0,CT01210BKH,【最大2000円OFFクーポン配布】カーテン 遮光 1級 2級 遮光カーテン 遮光率99.99% 幅100cm 幅150cm レースカーテンセット カーテンセット タッセル付き UVカット 厚手 断熱 遮熱 省エネ シンプル 無地 洗える ウォッシャブル ドレープカーテン おしゃれ / 100×210cm / コールブラック / なし,3280,observed_per_sku_taxIncludedPrice_excludes_delivery_coupon,https://item.rakuten.co.jp/weimall/ct0/,704500131,331814079:row=7:col=11,＼ランキング1位／ 【選べる17サイズ】 カーテン 2枚セット 遮光 1級 3層構造 形状記憶 遮熱 防寒 断熱 洗える 遮光カーテン 遮光率99.99% UVカット おしゃれ 幅100 幅150 2枚 カーテンセット カーテン2枚組 厚手 省エネ 無地 防音 ドレープカーテン 送料無料 / 幅100×丈210cm(2枚) / コールブラック,2980,observed_product_currentPrice_excludes_delivery_surcharge,https://wowma.jp/item/704500131
observed-ct0-with-au-sibling,ct0,CT01220GYH,【最大2000円OFFクーポン配布】カーテン 遮光 1級 2級 遮光カーテン 遮光率99.99% 幅100cm 幅150cm レースカーテンセット カーテンセット タッセル付き UVカット 厚手 断熱 遮熱 省エネ シンプル 無地 洗える ウォッシャブル ドレープカーテン おしゃれ / 100×220cm / ライトグレー / なし,3380,observed_per_sku_taxIncludedPrice_excludes_delivery_coupon,https://item.rakuten.co.jp/weimall/ct0/,704500131,331814079:row=2:col=12,＼ランキング1位／ 【選べる17サイズ】 カーテン 2枚セット 遮光 1級 3層構造 形状記憶 遮熱 防寒 断熱 洗える 遮光カーテン 遮光率99.99% UVカット おしゃれ 幅100 幅150 2枚 カーテンセット カーテン2枚組 厚手 省エネ 無地 防音 ドレープカーテン 送料無料 / 幅100×丈220cm(2枚) / ライトグレー,2980,observed_product_currentPrice_excludes_delivery_surcharge,https://wowma.jp/item/704500131
observed-ct0-with-au-sibling,ct0,CT0190BKH,【最大2000円OFFクーポン配布】カーテン 遮光 1級 2級 遮光カーテン 遮光率99.99% 幅100cm 幅150cm レースカーテンセット カーテンセット タッセル付き UVカット 厚手 断熱 遮熱 省エネ シンプル 無地 洗える ウォッシャブル ドレープカーテン おしゃれ / 100×90cm / コールブラック / なし,1980,observed_per_sku_taxIncludedPrice_excludes_delivery_coupon,https://item.rakuten.co.jp/weimall/ct0/,704500131,331814079:row=7:col=1,＼ランキング1位／ 【選べる17サイズ】 カーテン 2枚セット 遮光 1級 3層構造 形状記憶 遮熱 防寒 断熱 洗える 遮光カーテン 遮光率99.99% UVカット おしゃれ 幅100 幅150 2枚 カーテンセット カーテン2枚組 厚手 省エネ 無地 防音 ドレープカーテン 送料無料 / 幅100×丈90cm(2枚) / コールブラック,2980,observed_product_currentPrice_excludes_delivery_surcharge,https://wowma.jp/item/704500131
observed-ct0-with-au-sibling,ct0,CT01200GRH,【最大2000円OFFクーポン配布】カーテン 遮光 1級 2級 遮光カーテン 遮光率99.99% 幅100cm 幅150cm レースカーテンセット カーテンセット タッセル付き UVカット 厚手 断熱 遮熱 省エネ シンプル 無地 洗える ウォッシャブル ドレープカーテン おしゃれ / 100×200cm / ユーカリグリーン / なし,2980,observed_per_sku_taxIncludedPrice_excludes_delivery_coupon,https://item.rakuten.co.jp/weimall/ct0/,704500131,331814079:row=5:col=10,＼ランキング1位／ 【選べる17サイズ】 カーテン 2枚セット 遮光 1級 3層構造 形状記憶 遮熱 防寒 断熱 洗える 遮光カーテン 遮光率99.99% UVカット おしゃれ 幅100 幅150 2枚 カーテンセット カーテン2枚組 厚手 省エネ 無地 防音 ドレープカーテン 送料無料 / 幅100×丈200cm(2枚) / ユーカリグリーン,2980,observed_product_currentPrice_excludes_delivery_surcharge,https://wowma.jp/item/704500131
observed-ct0-with-au-sibling,ct0,CT02200GYH,【最大2000円OFFクーポン配布】カーテン 遮光 1級 2級 遮光カーテン 遮光率99.99% 幅100cm 幅150cm レースカーテンセット カーテンセット タッセル付き UVカット 厚手 断熱 遮熱 省エネ シンプル 無地 洗える ウォッシャブル ドレープカーテン おしゃれ / 150×200cm / ライトグレー / なし,2680,observed_per_sku_taxIncludedPrice_excludes_delivery_coupon,https://item.rakuten.co.jp/weimall/ct0/,704500131,331814079:row=2:col=16,＼ランキング1位／ 【選べる17サイズ】 カーテン 2枚セット 遮光 1級 3層構造 形状記憶 遮熱 防寒 断熱 洗える 遮光カーテン 遮光率99.99% UVカット おしゃれ 幅100 幅150 2枚 カーテンセット カーテン2枚組 厚手 省エネ 無地 防音 ドレープカーテン 送料無料 / 幅150×丈200cm(1枚) / ライトグレー,2980,observed_product_currentPrice_excludes_delivery_surcharge,https://wowma.jp/item/704500131
observed-ct0-with-au-sibling,ct0,CT0190NV,【最大2000円OFFクーポン配布】カーテン 遮光 1級 2級 遮光カーテン 遮光率99.99% 幅100cm 幅150cm レースカーテンセット カーテンセット タッセル付き UVカット 厚手 断熱 遮熱 省エネ シンプル 無地 洗える ウォッシャブル ドレープカーテン おしゃれ / 100×90cm / ノクターンネイビー / あり,2880,observed_per_sku_taxIncludedPrice_excludes_delivery_coupon,https://item.rakuten.co.jp/weimall/ct0/,704502086,331810175:row=6:col=1,＼ランキング1位／【選べる17サイズ】 カーテン 4枚セット 遮光 レースカーテンセット 1級 三層構造 形状記憶 遮熱 遮像 防寒 洗える 遮光カーテン UVカット 幅100 幅150 4枚 2枚 カーテンセット カーテン4枚組 ミラーレース 厚手 省エネ 防音 無地 送料無料 / 幅100×丈90cm(4枚組) / ノクターンネイビー,3980,observed_product_currentPrice_excludes_delivery_surcharge,https://wowma.jp/item/704502086
observed-ct0-with-au-sibling,ct0,CT01110NVH,【最大2000円OFFクーポン配布】カーテン 遮光 1級 2級 遮光カーテン 遮光率99.99% 幅100cm 幅150cm レースカーテンセット カーテンセット タッセル付き UVカット 厚手 断熱 遮熱 省エネ シンプル 無地 洗える ウォッシャブル ドレープカーテン おしゃれ / 100×110cm / ノクターンネイビー / なし,2180,observed_per_sku_taxIncludedPrice_excludes_delivery_coupon,https://item.rakuten.co.jp/weimall/ct0/,704500131,331814079:row=6:col=3,＼ランキング1位／ 【選べる17サイズ】 カーテン 2枚セット 遮光 1級 3層構造 形状記憶 遮熱 防寒 断熱 洗える 遮光カーテン 遮光率99.99% UVカット おしゃれ 幅100 幅150 2枚 カーテンセット カーテン2枚組 厚手 省エネ 無地 防音 ドレープカーテン 送料無料 / 幅100×丈110cm(2枚) / ノクターンネイビー,2980,observed_product_currentPrice_excludes_delivery_surcharge,https://wowma.jp/item/704500131
observed-ct0-with-au-sibling,ct0,CT01178GYH,【最大2000円OFFクーポン配布】カーテン 遮光 1級 2級 遮光カーテン 遮光率99.99% 幅100cm 幅150cm レースカーテンセット カーテンセット タッセル付き UVカット 厚手 断熱 遮熱 省エネ シンプル 無地 洗える ウォッシャブル ドレープカーテン おしゃれ / 100×178cm / ライトグレー / なし,2680,observed_per_sku_taxIncludedPrice_excludes_delivery_coupon,https://item.rakuten.co.jp/weimall/ct0/,704500131,331814079:row=2:col=7,＼ランキング1位／ 【選べる17サイズ】 カーテン 2枚セット 遮光 1級 3層構造 形状記憶 遮熱 防寒 断熱 洗える 遮光カーテン 遮光率99.99% UVカット おしゃれ 幅100 幅150 2枚 カーテンセット カーテン2枚組 厚手 省エネ 無地 防音 ドレープカーテン 送料無料 / 幅100×丈178cm(2枚) / ライトグレー,2980,observed_product_currentPrice_excludes_delivery_surcharge,https://wowma.jp/item/704500131
observed-ct0-with-au-sibling,ct0,CT02135BR,【最大2000円OFFクーポン配布】カーテン 遮光 1級 2級 遮光カーテン 遮光率99.99% 幅100cm 幅150cm レースカーテンセット カーテンセット タッセル付き UVカット 厚手 断熱 遮熱 省エネ シンプル 無地 洗える ウォッシャブル ドレープカーテン おしゃれ / 150×135cm / カフェブラウン / あり,3480,observed_per_sku_taxIncludedPrice_excludes_delivery_coupon,https://item.rakuten.co.jp/weimall/ct0/,704502086,331810175:row=8:col=14,＼ランキング1位／【選べる17サイズ】 カーテン 4枚セット 遮光 レースカーテンセット 1級 三層構造 形状記憶 遮熱 遮像 防寒 洗える 遮光カーテン UVカット 幅100 幅150 4枚 2枚 カーテンセット カーテン4枚組 ミラーレース 厚手 省エネ 防音 無地 送料無料 / 幅150×丈135cm(2枚組) / カフェブラウン,3980,observed_product_currentPrice_excludes_delivery_surcharge,https://wowma.jp/item/704502086
observed-ct0-with-au-sibling,ct0,CT01135NVH,【最大2000円OFFクーポン配布】カーテン 遮光 1級 2級 遮光カーテン 遮光率99.99% 幅100cm 幅150cm レースカーテンセット カーテンセット タッセル付き UVカット 厚手 断熱 遮熱 省エネ シンプル 無地 洗える ウォッシャブル ドレープカーテン おしゃれ / 100×135cm / ノクターンネイビー / なし,2480,observed_per_sku_taxIncludedPrice_excludes_delivery_coupon,https://item.rakuten.co.jp/weimall/ct0/,704500131,331814079:row=6:col=5,＼ランキング1位／ 【選べる17サイズ】 カーテン 2枚セット 遮光 1級 3層構造 形状記憶 遮熱 防寒 断熱 洗える 遮光カーテン 遮光率99.99% UVカット おしゃれ 幅100 幅150 2枚 カーテンセット カーテン2枚組 厚手 省エネ 無地 防音 ドレープカーテン 送料無料 / 幅100×丈135cm(2枚) / ノクターンネイビー,2980,observed_product_currentPrice_excludes_delivery_surcharge,https://wowma.jp/item/704500131
observed-ct0-with-au-sibling,ct0,CT01105SBH,【最大2000円OFFクーポン配布】カーテン 遮光 1級 2級 遮光カーテン 遮光率99.99% 幅100cm 幅150cm レースカーテンセット カーテンセット タッセル付き UVカット 厚手 断熱 遮熱 省エネ シンプル 無地 洗える ウォッシャブル ドレープカーテン おしゃれ / 100×105cm / サンドベージュ / なし,2150,observed_per_sku_taxIncludedPrice_excludes_delivery_coupon,https://item.rakuten.co.jp/weimall/ct0/,704500131,331814079:row=4:col=2,＼ランキング1位／ 【選べる17サイズ】 カーテン 2枚セット 遮光 1級 3層構造 形状記憶 遮熱 防寒 断熱 洗える 遮光カーテン 遮光率99.99% UVカット おしゃれ 幅100 幅150 2枚 カーテンセット カーテン2枚組 厚手 省エネ 無地 防音 ドレープカーテン 送料無料 / 幅100×丈105cm(2枚) / サンドベージュ,2980,observed_product_currentPrice_excludes_delivery_surcharge,https://wowma.jp/item/704500131
observed-ct0-with-au-sibling,ct0,CT01105SG,【最大2000円OFFクーポン配布】カーテン 遮光 1級 2級 遮光カーテン 遮光率99.99% 幅100cm 幅150cm レースカーテンセット カーテンセット タッセル付き UVカット 厚手 断熱 遮熱 省エネ シンプル 無地 洗える ウォッシャブル ドレープカーテン おしゃれ / 100×105cm / スモークグレー / あり,2980,observed_per_sku_taxIncludedPrice_excludes_delivery_coupon,https://item.rakuten.co.jp/weimall/ct0/,704502086,331810175:row=3:col=2,＼ランキング1位／【選べる17サイズ】 カーテン 4枚セット 遮光 レースカーテンセット 1級 三層構造 形状記憶 遮熱 遮像 防寒 洗える 遮光カーテン UVカット 幅100 幅150 4枚 2枚 カーテンセット カーテン4枚組 ミラーレース 厚手 省エネ 防音 無地 送料無料 / 幅100×丈105cm(4枚組) / スモークグレー,3980,observed_product_currentPrice_excludes_delivery_surcharge,https://wowma.jp/item/704502086
observed-ct0-with-au-sibling,ct0,CT01220GR,【最大2000円OFFクーポン配布】カーテン 遮光 1級 2級 遮光カーテン 遮光率99.99% 幅100cm 幅150cm レースカーテンセット カーテンセット タッセル付き UVカット 厚手 断熱 遮熱 省エネ シンプル 無地 洗える ウォッシャブル ドレープカーテン おしゃれ / 100×220cm / ユーカリグリーン / あり,4580,observed_per_sku_taxIncludedPrice_excludes_delivery_coupon,https://item.rakuten.co.jp/weimall/ct0/,704502086,331810175:row=5:col=12,＼ランキング1位／【選べる17サイズ】 カーテン 4枚セット 遮光 レースカーテンセット 1級 三層構造 形状記憶 遮熱 遮像 防寒 洗える 遮光カーテン UVカット 幅100 幅150 4枚 2枚 カーテンセット カーテン4枚組 ミラーレース 厚手 省エネ 防音 無地 送料無料 / 幅100×丈220cm(4枚組) / ユーカリグリーン,3980,observed_product_currentPrice_excludes_delivery_surcharge,https://wowma.jp/item/704502086
observed-ct0-with-au-sibling,ct0,CT01230BEH,【最大2000円OFFクーポン配布】カーテン 遮光 1級 2級 遮光カーテン 遮光率99.99% 幅100cm 幅150cm レースカーテンセット カーテンセット タッセル付き UVカット 厚手 断熱 遮熱 省エネ シンプル 無地 洗える ウォッシャブル ドレープカーテン おしゃれ / 100×230cm / ベージュ / なし,3580,observed_per_sku_taxIncludedPrice_excludes_delivery_coupon,https://item.rakuten.co.jp/weimall/ct0/,704500131,331814079:row=0:col=13,＼ランキング1位／ 【選べる17サイズ】 カーテン 2枚セット 遮光 1級 3層構造 形状記憶 遮熱 防寒 断熱 洗える 遮光カーテン 遮光率99.99% UVカット おしゃれ 幅100 幅150 2枚 カーテンセット カーテン2枚組 厚手 省エネ 無地 防音 ドレープカーテン 送料無料 / 幅100×丈230cm(2枚) / ベージュ,2980,observed_product_currentPrice_excludes_delivery_surcharge,https://wowma.jp/item/704500131
observed-ct0-with-au-sibling,ct0,CT02135SG,【最大2000円OFFクーポン配布】カーテン 遮光 1級 2級 遮光カーテン 遮光率99.99% 幅100cm 幅150cm レースカーテンセット カーテンセット タッセル付き UVカット 厚手 断熱 遮熱 省エネ シンプル 無地 洗える ウォッシャブル ドレープカーテン おしゃれ / 150×135cm / スモークグレー / あり,3480,observed_per_sku_taxIncludedPrice_excludes_delivery_coupon,https://item.rakuten.co.jp/weimall/ct0/,704502086,331810175:row=3:col=14,＼ランキング1位／【選べる17サイズ】 カーテン 4枚セット 遮光 レースカーテンセット 1級 三層構造 形状記憶 遮熱 遮像 防寒 洗える 遮光カーテン UVカット 幅100 幅150 4枚 2枚 カーテンセット カーテン4枚組 ミラーレース 厚手 省エネ 防音 無地 送料無料 / 幅150×丈135cm(2枚組) / スモークグレー,3980,observed_product_currentPrice_excludes_delivery_surcharge,https://wowma.jp/item/704502086
observed-ct0-with-au-sibling,ct0,CT01230CGH,【最大2000円OFFクーポン配布】カーテン 遮光 1級 2級 遮光カーテン 遮光率99.99% 幅100cm 幅150cm レースカーテンセット カーテンセット タッセル付き UVカット 厚手 断熱 遮熱 省エネ シンプル 無地 洗える ウォッシャブル ドレープカーテン おしゃれ / 100×230cm / アイスグレー / なし,3580,observed_per_sku_taxIncludedPrice_excludes_delivery_coupon,https://item.rakuten.co.jp/weimall/ct0/,704500131,331814079:row=1:col=13,＼ランキング1位／ 【選べる17サイズ】 カーテン 2枚セット 遮光 1級 3層構造 形状記憶 遮熱 防寒 断熱 洗える 遮光カーテン 遮光率99.99% UVカット おしゃれ 幅100 幅150 2枚 カーテンセット カーテン2枚組 厚手 省エネ 無地 防音 ドレープカーテン 送料無料 / 幅100×丈230cm(2枚) / アイスグレー,2980,observed_product_currentPrice_excludes_delivery_surcharge,https://wowma.jp/item/704500131
observed-ct0-with-au-sibling,ct0,CT01120GRH,【最大2000円OFFクーポン配布】カーテン 遮光 1級 2級 遮光カーテン 遮光率99.99% 幅100cm 幅150cm レースカーテンセット カーテンセット タッセル付き UVカット 厚手 断熱 遮熱 省エネ シンプル 無地 洗える ウォッシャブル ドレープカーテン おしゃれ / 100×120cm / ユーカリグリーン / なし,2380,observed_per_sku_taxIncludedPrice_excludes_delivery_coupon,https://item.rakuten.co.jp/weimall/ct0/,704500131,331814079:row=5:col=4,＼ランキング1位／ 【選べる17サイズ】 カーテン 2枚セット 遮光 1級 3層構造 形状記憶 遮熱 防寒 断熱 洗える 遮光カーテン 遮光率99.99% UVカット おしゃれ 幅100 幅150 2枚 カーテンセット カーテン2枚組 厚手 省エネ 無地 防音 ドレープカーテン 送料無料 / 幅100×丈120cm(2枚) / ユーカリグリーン,2980,observed_product_currentPrice_excludes_delivery_surcharge,https://wowma.jp/item/704500131
observed-ct0-with-au-sibling,ct0,CT01190GYH,【最大2000円OFFクーポン配布】カーテン 遮光 1級 2級 遮光カーテン 遮光率99.99% 幅100cm 幅150cm レースカーテンセット カーテンセット タッセル付き UVカット 厚手 断熱 遮熱 省エネ シンプル 無地 洗える ウォッシャブル ドレープカーテン おしゃれ / 100×190cm / ライトグレー / なし,2880,observed_per_sku_taxIncludedPrice_excludes_delivery_coupon,https://item.rakuten.co.jp/weimall/ct0/,704500131,331814079:row=2:col=9,＼ランキング1位／ 【選べる17サイズ】 カーテン 2枚セット 遮光 1級 3層構造 形状記憶 遮熱 防寒 断熱 洗える 遮光カーテン 遮光率99.99% UVカット おしゃれ 幅100 幅150 2枚 カーテンセット カーテン2枚組 厚手 省エネ 無地 防音 ドレープカーテン 送料無料 / 幅100×丈190cm(2枚) / ライトグレー,2980,observed_product_currentPrice_excludes_delivery_surcharge,https://wowma.jp/item/704500131
observed-ct0-with-au-sibling,ct0,CT01105SB,【最大2000円OFFクーポン配布】カーテン 遮光 1級 2級 遮光カーテン 遮光率99.99% 幅100cm 幅150cm レースカーテンセット カーテンセット タッセル付き UVカット 厚手 断熱 遮熱 省エネ シンプル 無地 洗える ウォッシャブル ドレープカーテン おしゃれ / 100×105cm / サンドベージュ / あり,2980,observed_per_sku_taxIncludedPrice_excludes_delivery_coupon,https://item.rakuten.co.jp/weimall/ct0/,704502086,331810175:row=4:col=2,＼ランキング1位／【選べる17サイズ】 カーテン 4枚セット 遮光 レースカーテンセット 1級 三層構造 形状記憶 遮熱 遮像 防寒 洗える 遮光カーテン UVカット 幅100 幅150 4枚 2枚 カーテンセット カーテン4枚組 ミラーレース 厚手 省エネ 防音 無地 送料無料 / 幅100×丈105cm(4枚組) / サンドベージュ,3980,observed_product_currentPrice_excludes_delivery_surcharge,https://wowma.jp/item/704502086
observed-ct0-with-au-sibling,ct0,CT01105BK,【最大2000円OFFクーポン配布】カーテン 遮光 1級 2級 遮光カーテン 遮光率99.99% 幅100cm 幅150cm レースカーテンセット カーテンセット タッセル付き UVカット 厚手 断熱 遮熱 省エネ シンプル 無地 洗える ウォッシャブル ドレープカーテン おしゃれ / 100×105cm / コールブラック / あり,2980,observed_per_sku_taxIncludedPrice_excludes_delivery_coupon,https://item.rakuten.co.jp/weimall/ct0/,704502086,331810175:row=7:col=2,＼ランキング1位／【選べる17サイズ】 カーテン 4枚セット 遮光 レースカーテンセット 1級 三層構造 形状記憶 遮熱 遮像 防寒 洗える 遮光カーテン UVカット 幅100 幅150 4枚 2枚 カーテンセット カーテン4枚組 ミラーレース 厚手 省エネ 防音 無地 送料無料 / 幅100×丈105cm(4枚組) / コールブラック,3980,observed_product_currentPrice_excludes_delivery_surcharge,https://wowma.jp/item/704502086
observed-ct0-with-au-sibling,ct0,CT02135BE,【最大2000円OFFクーポン配布】カーテン 遮光 1級 2級 遮光カーテン 遮光率99.99% 幅100cm 幅150cm レースカーテンセット カーテンセット タッセル付き UVカット 厚手 断熱 遮熱 省エネ シンプル 無地 洗える ウォッシャブル ドレープカーテン おしゃれ / 150×135cm / ベージュ / あり,3480,observed_per_sku_taxIncludedPrice_excludes_delivery_coupon,https://item.rakuten.co.jp/weimall/ct0/,704502086,331810175:row=0:col=14,＼ランキング1位／【選べる17サイズ】 カーテン 4枚セット 遮光 レースカーテンセット 1級 三層構造 形状記憶 遮熱 遮像 防寒 洗える 遮光カーテン UVカット 幅100 幅150 4枚 2枚 カーテンセット カーテン4枚組 ミラーレース 厚手 省エネ 防音 無地 送料無料 / 幅150×丈135cm(2枚組) / ベージュ,3980,observed_product_currentPrice_excludes_delivery_surcharge,https://wowma.jp/item/704502086
observed-ct0-with-au-sibling,ct0,CT01120SB,【最大2000円OFFクーポン配布】カーテン 遮光 1級 2級 遮光カーテン 遮光率99.99% 幅100cm 幅150cm レースカーテンセット カーテンセット タッセル付き UVカット 厚手 断熱 遮熱 省エネ シンプル 無地 洗える ウォッシャブル ドレープカーテン おしゃれ / 100×120cm / サンドベージュ / あり,3280,observed_per_sku_taxIncludedPrice_excludes_delivery_coupon,https://item.rakuten.co.jp/weimall/ct0/,704502086,331810175:row=4:col=4,＼ランキング1位／【選べる17サイズ】 カーテン 4枚セット 遮光 レースカーテンセット 1級 三層構造 形状記憶 遮熱 遮像 防寒 洗える 遮光カーテン UVカット 幅100 幅150 4枚 2枚 カーテンセット カーテン4枚組 ミラーレース 厚手 省エネ 防音 無地 送料無料 / 幅100×丈120cm(4枚組) / サンドベージュ,3980,observed_product_currentPrice_excludes_delivery_surcharge,https://wowma.jp/item/704502086
observed-ct0-with-au-sibling,ct0,CT01178NVH,【最大2000円OFFクーポン配布】カーテン 遮光 1級 2級 遮光カーテン 遮光率99.99% 幅100cm 幅150cm レースカーテンセット カーテンセット タッセル付き UVカット 厚手 断熱 遮熱 省エネ シンプル 無地 洗える ウォッシャブル ドレープカーテン おしゃれ / 100×178cm / ノクターンネイビー / なし,2680,observed_per_sku_taxIncludedPrice_excludes_delivery_coupon,https://item.rakuten.co.jp/weimall/ct0/,704500131,331814079:row=6:col=7,＼ランキング1位／ 【選べる17サイズ】 カーテン 2枚セット 遮光 1級 3層構造 形状記憶 遮熱 防寒 断熱 洗える 遮光カーテン 遮光率99.99% UVカット おしゃれ 幅100 幅150 2枚 カーテンセット カーテン2枚組 厚手 省エネ 無地 防音 ドレープカーテン 送料無料 / 幅100×丈178cm(2枚) / ノクターンネイビー,2980,observed_product_currentPrice_excludes_delivery_surcharge,https://wowma.jp/item/704500131
observed-ct0-with-au-sibling,ct0,CT01120BK,【最大2000円OFFクーポン配布】カーテン 遮光 1級 2級 遮光カーテン 遮光率99.99% 幅100cm 幅150cm レースカーテンセット カーテンセット タッセル付き UVカット 厚手 断熱 遮熱 省エネ シンプル 無地 洗える ウォッシャブル ドレープカーテン おしゃれ / 100×120cm / コールブラック / あり,3280,observed_per_sku_taxIncludedPrice_excludes_delivery_coupon,https://item.rakuten.co.jp/weimall/ct0/,704502086,331810175:row=7:col=4,＼ランキング1位／【選べる17サイズ】 カーテン 4枚セット 遮光 レースカーテンセット 1級 三層構造 形状記憶 遮熱 遮像 防寒 洗える 遮光カーテン UVカット 幅100 幅150 4枚 2枚 カーテンセット カーテン4枚組 ミラーレース 厚手 省エネ 防音 無地 送料無料 / 幅100×丈120cm(4枚組) / コールブラック,3980,observed_product_currentPrice_excludes_delivery_surcharge,https://wowma.jp/item/704502086
observed-ct0-with-au-sibling,ct0,CT01230SGH,【最大2000円OFFクーポン配布】カーテン 遮光 1級 2級 遮光カーテン 遮光率99.99% 幅100cm 幅150cm レースカーテンセット カーテンセット タッセル付き UVカット 厚手 断熱 遮熱 省エネ シンプル 無地 洗える ウォッシャブル ドレープカーテン おしゃれ / 100×230cm / スモークグレー / なし,3580,observed_per_sku_taxIncludedPrice_excludes_delivery_coupon,https://item.rakuten.co.jp/weimall/ct0/,704500131,331814079:row=3:col=13,＼ランキング1位／ 【選べる17サイズ】 カーテン 2枚セット 遮光 1級 3層構造 形状記憶 遮熱 防寒 断熱 洗える 遮光カーテン 遮光率99.99% UVカット おしゃれ 幅100 幅150 2枚 カーテンセット カーテン2枚組 厚手 省エネ 無地 防音 ドレープカーテン 送料無料 / 幅100×丈230cm(2枚) / スモークグレー,2980,observed_product_currentPrice_excludes_delivery_surcharge,https://wowma.jp/item/704500131
observed-ct0-with-au-sibling,ct0,CT01105BE,【最大2000円OFFクーポン配布】カーテン 遮光 1級 2級 遮光カーテン 遮光率99.99% 幅100cm 幅150cm レースカーテンセット カーテンセット タッセル付き UVカット 厚手 断熱 遮熱 省エネ シンプル 無地 洗える ウォッシャブル ドレープカーテン おしゃれ / 100×105cm / ベージュ / あり,2980,observed_per_sku_taxIncludedPrice_excludes_delivery_coupon,https://item.rakuten.co.jp/weimall/ct0/,704502086,331810175:row=0:col=2,＼ランキング1位／【選べる17サイズ】 カーテン 4枚セット 遮光 レースカーテンセット 1級 三層構造 形状記憶 遮熱 遮像 防寒 洗える 遮光カーテン UVカット 幅100 幅150 4枚 2枚 カーテンセット カーテン4枚組 ミラーレース 厚手 省エネ 防音 無地 送料無料 / 幅100×丈105cm(4枚組) / ベージュ,3980,observed_product_currentPrice_excludes_delivery_surcharge,https://wowma.jp/item/704502086
observed-ct0-with-au-sibling,ct0,CT01220BRH,【最大2000円OFFクーポン配布】カーテン 遮光 1級 2級 遮光カーテン 遮光率99.99% 幅100cm 幅150cm レースカーテンセット カーテンセット タッセル付き UVカット 厚手 断熱 遮熱 省エネ シンプル 無地 洗える ウォッシャブル ドレープカーテン おしゃれ / 100×220cm / カフェブラウン / なし,3380,observed_per_sku_taxIncludedPrice_excludes_delivery_coupon,https://item.rakuten.co.jp/weimall/ct0/,704500131,331814079:row=8:col=12,＼ランキング1位／ 【選べる17サイズ】 カーテン 2枚セット 遮光 1級 3層構造 形状記憶 遮熱 防寒 断熱 洗える 遮光カーテン 遮光率99.99% UVカット おしゃれ 幅100 幅150 2枚 カーテンセット カーテン2枚組 厚手 省エネ 無地 防音 ドレープカーテン 送料無料 / 幅100×丈220cm(2枚) / カフェブラウン,2980,observed_product_currentPrice_excludes_delivery_surcharge,https://wowma.jp/item/704500131
observed-ct0-with-au-sibling,ct0,CT0190GRH,【最大2000円OFFクーポン配布】カーテン 遮光 1級 2級 遮光カーテン 遮光率99.99% 幅100cm 幅150cm レースカーテンセット カーテンセット タッセル付き UVカット 厚手 断熱 遮熱 省エネ シンプル 無地 洗える ウォッシャブル ドレープカーテン おしゃれ / 100×90cm / ユーカリグリーン / なし,1980,observed_per_sku_taxIncludedPrice_excludes_delivery_coupon,https://item.rakuten.co.jp/weimall/ct0/,704500131,331814079:row=5:col=1,＼ランキング1位／ 【選べる17サイズ】 カーテン 2枚セット 遮光 1級 3層構造 形状記憶 遮熱 防寒 断熱 洗える 遮光カーテン 遮光率99.99% UVカット おしゃれ 幅100 幅150 2枚 カーテンセット カーテン2枚組 厚手 省エネ 無地 防音 ドレープカーテン 送料無料 / 幅100×丈90cm(2枚) / ユーカリグリーン,2980,observed_product_currentPrice_excludes_delivery_surcharge,https://wowma.jp/item/704500131
observed-ct0-with-au-sibling,ct0,CT01220GY,【最大2000円OFFクーポン配布】カーテン 遮光 1級 2級 遮光カーテン 遮光率99.99% 幅100cm 幅150cm レースカーテンセット カーテンセット タッセル付き UVカット 厚手 断熱 遮熱 省エネ シンプル 無地 洗える ウォッシャブル ドレープカーテン おしゃれ / 100×220cm / ライトグレー / あり,4580,observed_per_sku_taxIncludedPrice_excludes_delivery_coupon,https://item.rakuten.co.jp/weimall/ct0/,704502086,331810175:row=2:col=12,＼ランキング1位／【選べる17サイズ】 カーテン 4枚セット 遮光 レースカーテンセット 1級 三層構造 形状記憶 遮熱 遮像 防寒 洗える 遮光カーテン UVカット 幅100 幅150 4枚 2枚 カーテンセット カーテン4枚組 ミラーレース 厚手 省エネ 防音 無地 送料無料 / 幅100×丈220cm(4枚組) / ライトグレー,3980,observed_product_currentPrice_excludes_delivery_surcharge,https://wowma.jp/item/704502086
observed-ct0-with-au-sibling,ct0,CT02135SB,【最大2000円OFFクーポン配布】カーテン 遮光 1級 2級 遮光カーテン 遮光率99.99% 幅100cm 幅150cm レースカーテンセット カーテンセット タッセル付き UVカット 厚手 断熱 遮熱 省エネ シンプル 無地 洗える ウォッシャブル ドレープカーテン おしゃれ / 150×135cm / サンドベージュ / あり,3480,observed_per_sku_taxIncludedPrice_excludes_delivery_coupon,https://item.rakuten.co.jp/weimall/ct0/,704502086,331810175:row=4:col=14,＼ランキング1位／【選べる17サイズ】 カーテン 4枚セット 遮光 レースカーテンセット 1級 三層構造 形状記憶 遮熱 遮像 防寒 洗える 遮光カーテン UVカット 幅100 幅150 4枚 2枚 カーテンセット カーテン4枚組 ミラーレース 厚手 省エネ 防音 無地 送料無料 / 幅150×丈135cm(2枚組) / サンドベージュ,3980,observed_product_currentPrice_excludes_delivery_surcharge,https://wowma.jp/item/704502086
observed-ct0-with-au-sibling,ct0,CT01120BE,【最大2000円OFFクーポン配布】カーテン 遮光 1級 2級 遮光カーテン 遮光率99.99% 幅100cm 幅150cm レースカーテンセット カーテンセット タッセル付き UVカット 厚手 断熱 遮熱 省エネ シンプル 無地 洗える ウォッシャブル ドレープカーテン おしゃれ / 100×120cm / ベージュ / あり,3280,observed_per_sku_taxIncludedPrice_excludes_delivery_coupon,https://item.rakuten.co.jp/weimall/ct0/,704502086,331810175:row=0:col=4,＼ランキング1位／【選べる17サイズ】 カーテン 4枚セット 遮光 レースカーテンセット 1級 三層構造 形状記憶 遮熱 遮像 防寒 洗える 遮光カーテン UVカット 幅100 幅150 4枚 2枚 カーテンセット カーテン4枚組 ミラーレース 厚手 省エネ 防音 無地 送料無料 / 幅100×丈120cm(4枚組) / ベージュ,3980,observed_product_currentPrice_excludes_delivery_surcharge,https://wowma.jp/item/704502086
observed-ct0-with-au-sibling,ct0,CT0180CG,【最大2000円OFFクーポン配布】カーテン 遮光 1級 2級 遮光カーテン 遮光率99.99% 幅100cm 幅150cm レースカーテンセット カーテンセット タッセル付き UVカット 厚手 断熱 遮熱 省エネ シンプル 無地 洗える ウォッシャブル ドレープカーテン おしゃれ / 100×80cm / アイスグレー / あり,2780,observed_per_sku_taxIncludedPrice_excludes_delivery_coupon,https://item.rakuten.co.jp/weimall/ct0/,704502086,331810175:row=1:col=0,＼ランキング1位／【選べる17サイズ】 カーテン 4枚セット 遮光 レースカーテンセット 1級 三層構造 形状記憶 遮熱 遮像 防寒 洗える 遮光カーテン UVカット 幅100 幅150 4枚 2枚 カーテンセット カーテン4枚組 ミラーレース 厚手 省エネ 防音 無地 送料無料 / 幅100×丈80cm(4枚組) / アイスグレー,3980,observed_product_currentPrice_excludes_delivery_surcharge,https://wowma.jp/item/704502086
observed-ct0-with-au-sibling,ct0,CT01178CG,【最大2000円OFFクーポン配布】カーテン 遮光 1級 2級 遮光カーテン 遮光率99.99% 幅100cm 幅150cm レースカーテンセット カーテンセット タッセル付き UVカット 厚手 断熱 遮熱 省エネ シンプル 無地 洗える ウォッシャブル ドレープカーテン おしゃれ / 100×178cm / アイスグレー / あり,3780,observed_per_sku_taxIncludedPrice_excludes_delivery_coupon,https://item.rakuten.co.jp/weimall/ct0/,704502086,331810175:row=1:col=7,＼ランキング1位／【選べる17サイズ】 カーテン 4枚セット 遮光 レースカーテンセット 1級 三層構造 形状記憶 遮熱 遮像 防寒 洗える 遮光カーテン UVカット 幅100 幅150 4枚 2枚 カーテンセット カーテン4枚組 ミラーレース 厚手 省エネ 防音 無地 送料無料 / 幅100×丈178cm(4枚組) / アイスグレー,3980,observed_product_currentPrice_excludes_delivery_surcharge,https://wowma.jp/item/704502086
observed-ct0-with-au-sibling,ct0,CT01150GYH,【最大2000円OFFクーポン配布】カーテン 遮光 1級 2級 遮光カーテン 遮光率99.99% 幅100cm 幅150cm レースカーテンセット カーテンセット タッセル付き UVカット 厚手 断熱 遮熱 省エネ シンプル 無地 洗える ウォッシャブル ドレープカーテン おしゃれ / 100×150cm / ライトグレー / なし,2580,observed_per_sku_taxIncludedPrice_excludes_delivery_coupon,https://item.rakuten.co.jp/weimall/ct0/,704500131,331814079:row=2:col=6,＼ランキング1位／ 【選べる17サイズ】 カーテン 2枚セット 遮光 1級 3層構造 形状記憶 遮熱 防寒 断熱 洗える 遮光カーテン 遮光率99.99% UVカット おしゃれ 幅100 幅150 2枚 カーテンセット カーテン2枚組 厚手 省エネ 無地 防音 ドレープカーテン 送料無料 / 幅100×丈150cm(2枚) / ライトグレー,2980,observed_product_currentPrice_excludes_delivery_surcharge,https://wowma.jp/item/704500131
observed-ct0-with-au-sibling,ct0,CT01230CG,【最大2000円OFFクーポン配布】カーテン 遮光 1級 2級 遮光カーテン 遮光率99.99% 幅100cm 幅150cm レースカーテンセット カーテンセット タッセル付き UVカット 厚手 断熱 遮熱 省エネ シンプル 無地 洗える ウォッシャブル ドレープカーテン おしゃれ / 100×230cm / アイスグレー / あり,4680,observed_per_sku_taxIncludedPrice_excludes_delivery_coupon,https://item.rakuten.co.jp/weimall/ct0/,704502086,331810175:row=1:col=13,＼ランキング1位／【選べる17サイズ】 カーテン 4枚セット 遮光 レースカーテンセット 1級 三層構造 形状記憶 遮熱 遮像 防寒 洗える 遮光カーテン UVカット 幅100 幅150 4枚 2枚 カーテンセット カーテン4枚組 ミラーレース 厚手 省エネ 防音 無地 送料無料 / 幅100×丈230cm(4枚組) / アイスグレー,3980,observed_product_currentPrice_excludes_delivery_surcharge,https://wowma.jp/item/704502086
observed-ct0-with-au-sibling,ct0,CT01150NVH,【最大2000円OFFクーポン配布】カーテン 遮光 1級 2級 遮光カーテン 遮光率99.99% 幅100cm 幅150cm レースカーテンセット カーテンセット タッセル付き UVカット 厚手 断熱 遮熱 省エネ シンプル 無地 洗える ウォッシャブル ドレープカーテン おしゃれ / 100×150cm / ノクターンネイビー / なし,2580,observed_per_sku_taxIncludedPrice_excludes_delivery_coupon,https://item.rakuten.co.jp/weimall/ct0/,704500131,331814079:row=6:col=6,＼ランキング1位／ 【選べる17サイズ】 カーテン 2枚セット 遮光 1級 3層構造 形状記憶 遮熱 防寒 断熱 洗える 遮光カーテン 遮光率99.99% UVカット おしゃれ 幅100 幅150 2枚 カーテンセット カーテン2枚組 厚手 省エネ 無地 防音 ドレープカーテン 送料無料 / 幅100×丈150cm(2枚) / ノクターンネイビー,2980,observed_product_currentPrice_excludes_delivery_surcharge,https://wowma.jp/item/704500131
observed-ct0-with-au-sibling,ct0,CT01105CG,【最大2000円OFFクーポン配布】カーテン 遮光 1級 2級 遮光カーテン 遮光率99.99% 幅100cm 幅150cm レースカーテンセット カーテンセット タッセル付き UVカット 厚手 断熱 遮熱 省エネ シンプル 無地 洗える ウォッシャブル ドレープカーテン おしゃれ / 100×105cm / アイスグレー / あり,2980,observed_per_sku_taxIncludedPrice_excludes_delivery_coupon,https://item.rakuten.co.jp/weimall/ct0/,704502086,331810175:row=1:col=2,＼ランキング1位／【選べる17サイズ】 カーテン 4枚セット 遮光 レースカーテンセット 1級 三層構造 形状記憶 遮熱 遮像 防寒 洗える 遮光カーテン UVカット 幅100 幅150 4枚 2枚 カーテンセット カーテン4枚組 ミラーレース 厚手 省エネ 防音 無地 送料無料 / 幅100×丈105cm(4枚組) / アイスグレー,3980,observed_product_currentPrice_excludes_delivery_surcharge,https://wowma.jp/item/704502086
observed-ct0-with-au-sibling,ct0,CT02135CG,【最大2000円OFFクーポン配布】カーテン 遮光 1級 2級 遮光カーテン 遮光率99.99% 幅100cm 幅150cm レースカーテンセット カーテンセット タッセル付き UVカット 厚手 断熱 遮熱 省エネ シンプル 無地 洗える ウォッシャブル ドレープカーテン おしゃれ / 150×135cm / アイスグレー / あり,3480,observed_per_sku_taxIncludedPrice_excludes_delivery_coupon,https://item.rakuten.co.jp/weimall/ct0/,704502086,331810175:row=1:col=14,＼ランキング1位／【選べる17サイズ】 カーテン 4枚セット 遮光 レースカーテンセット 1級 三層構造 形状記憶 遮熱 遮像 防寒 洗える 遮光カーテン UVカット 幅100 幅150 4枚 2枚 カーテンセット カーテン4枚組 ミラーレース 厚手 省エネ 防音 無地 送料無料 / 幅150×丈135cm(2枚組) / アイスグレー,3980,observed_product_currentPrice_excludes_delivery_surcharge,https://wowma.jp/item/704502086
observed-ct0-with-au-sibling,ct0,CT0180CGH,【最大2000円OFFクーポン配布】カーテン 遮光 1級 2級 遮光カーテン 遮光率99.99% 幅100cm 幅150cm レースカーテンセット カーテンセット タッセル付き UVカット 厚手 断熱 遮熱 省エネ シンプル 無地 洗える ウォッシャブル ドレープカーテン おしゃれ / 100×80cm / アイスグレー / なし,1940,observed_per_sku_taxIncludedPrice_excludes_delivery_coupon,https://item.rakuten.co.jp/weimall/ct0/,704500131,331814079:row=1:col=0,＼ランキング1位／ 【選べる17サイズ】 カーテン 2枚セット 遮光 1級 3層構造 形状記憶 遮熱 防寒 断熱 洗える 遮光カーテン 遮光率99.99% UVカット おしゃれ 幅100 幅150 2枚 カーテンセット カーテン2枚組 厚手 省エネ 無地 防音 ドレープカーテン 送料無料 / 幅100×丈80cm(2枚) / アイスグレー,2980,observed_product_currentPrice_excludes_delivery_surcharge,https://wowma.jp/item/704500131
observed-ct0-with-au-sibling,ct0,CT01220SBH,【最大2000円OFFクーポン配布】カーテン 遮光 1級 2級 遮光カーテン 遮光率99.99% 幅100cm 幅150cm レースカーテンセット カーテンセット タッセル付き UVカット 厚手 断熱 遮熱 省エネ シンプル 無地 洗える ウォッシャブル ドレープカーテン おしゃれ / 100×220cm / サンドベージュ / なし,3380,observed_per_sku_taxIncludedPrice_excludes_delivery_coupon,https://item.rakuten.co.jp/weimall/ct0/,704500131,331814079:row=4:col=12,＼ランキング1位／ 【選べる17サイズ】 カーテン 2枚セット 遮光 1級 3層構造 形状記憶 遮熱 防寒 断熱 洗える 遮光カーテン 遮光率99.99% UVカット おしゃれ 幅100 幅150 2枚 カーテンセット カーテン2枚組 厚手 省エネ 無地 防音 ドレープカーテン 送料無料 / 幅100×丈220cm(2枚) / サンドベージュ,2980,observed_product_currentPrice_excludes_delivery_surcharge,https://wowma.jp/item/704500131
observed-ct0-with-au-sibling,ct0,CT0180BEH,【最大2000円OFFクーポン配布】カーテン 遮光 1級 2級 遮光カーテン 遮光率99.99% 幅100cm 幅150cm レースカーテンセット カーテンセット タッセル付き UVカット 厚手 断熱 遮熱 省エネ シンプル 無地 洗える ウォッシャブル ドレープカーテン おしゃれ / 100×80cm / ベージュ / なし,1940,observed_per_sku_taxIncludedPrice_excludes_delivery_coupon,https://item.rakuten.co.jp/weimall/ct0/,704500131,331814079:row=0:col=0,＼ランキング1位／ 【選べる17サイズ】 カーテン 2枚セット 遮光 1級 3層構造 形状記憶 遮熱 防寒 断熱 洗える 遮光カーテン 遮光率99.99% UVカット おしゃれ 幅100 幅150 2枚 カーテンセット カーテン2枚組 厚手 省エネ 無地 防音 ドレープカーテン 送料無料 / 幅100×丈80cm(2枚) / ベージュ,2980,observed_product_currentPrice_excludes_delivery_surcharge,https://wowma.jp/item/704500131
observed-ct0-with-au-sibling,ct0,CT01120CG,【最大2000円OFFクーポン配布】カーテン 遮光 1級 2級 遮光カーテン 遮光率99.99% 幅100cm 幅150cm レースカーテンセット カーテンセット タッセル付き UVカット 厚手 断熱 遮熱 省エネ シンプル 無地 洗える ウォッシャブル ドレープカーテン おしゃれ / 100×120cm / アイスグレー / あり,3280,observed_per_sku_taxIncludedPrice_excludes_delivery_coupon,https://item.rakuten.co.jp/weimall/ct0/,704502086,331810175:row=1:col=4,＼ランキング1位／【選べる17サイズ】 カーテン 4枚セット 遮光 レースカーテンセット 1級 三層構造 形状記憶 遮熱 遮像 防寒 洗える 遮光カーテン UVカット 幅100 幅150 4枚 2枚 カーテンセット カーテン4枚組 ミラーレース 厚手 省エネ 防音 無地 送料無料 / 幅100×丈120cm(4枚組) / アイスグレー,3980,observed_product_currentPrice_excludes_delivery_surcharge,https://wowma.jp/item/704502086
observed-ct0-with-au-sibling,ct0,CT01190NV,【最大2000円OFFクーポン配布】カーテン 遮光 1級 2級 遮光カーテン 遮光率99.99% 幅100cm 幅150cm レースカーテンセット カーテンセット タッセル付き UVカット 厚手 断熱 遮熱 省エネ シンプル 無地 洗える ウォッシャブル ドレープカーテン おしゃれ / 100×190cm / ノクターンネイビー / あり,4180,observed_per_sku_taxIncludedPrice_excludes_delivery_coupon,https://item.rakuten.co.jp/weimall/ct0/,704502086,331810175:row=6:col=9,＼ランキング1位／【選べる17サイズ】 カーテン 4枚セット 遮光 レースカーテンセット 1級 三層構造 形状記憶 遮熱 遮像 防寒 洗える 遮光カーテン UVカット 幅100 幅150 4枚 2枚 カーテンセット カーテン4枚組 ミラーレース 厚手 省エネ 防音 無地 送料無料 / 幅100×丈190cm(4枚組) / ノクターンネイビー,3980,observed_product_currentPrice_excludes_delivery_surcharge,https://wowma.jp/item/704502086
observed-ct0-with-au-sibling,ct0,CT01230SB,【最大2000円OFFクーポン配布】カーテン 遮光 1級 2級 遮光カーテン 遮光率99.99% 幅100cm 幅150cm レースカーテンセット カーテンセット タッセル付き UVカット 厚手 断熱 遮熱 省エネ シンプル 無地 洗える ウォッシャブル ドレープカーテン おしゃれ / 100×230cm / サンドベージュ / あり,4680,observed_per_sku_taxIncludedPrice_excludes_delivery_coupon,https://item.rakuten.co.jp/weimall/ct0/,704502086,331810175:row=4:col=13,＼ランキング1位／【選べる17サイズ】 カーテン 4枚セット 遮光 レースカーテンセット 1級 三層構造 形状記憶 遮熱 遮像 防寒 洗える 遮光カーテン UVカット 幅100 幅150 4枚 2枚 カーテンセット カーテン4枚組 ミラーレース 厚手 省エネ 防音 無地 送料無料 / 幅100×丈230cm(4枚組) / サンドベージュ,3980,observed_product_currentPrice_excludes_delivery_surcharge,https://wowma.jp/item/704502086
observed-ct0-with-au-sibling,ct0,CT01230BR,【最大2000円OFFクーポン配布】カーテン 遮光 1級 2級 遮光カーテン 遮光率99.99% 幅100cm 幅150cm レースカーテンセット カーテンセット タッセル付き UVカット 厚手 断熱 遮熱 省エネ シンプル 無地 洗える ウォッシャブル ドレープカーテン おしゃれ / 100×230cm / カフェブラウン / あり,4680,observed_per_sku_taxIncludedPrice_excludes_delivery_coupon,https://item.rakuten.co.jp/weimall/ct0/,704502086,331810175:row=8:col=13,＼ランキング1位／【選べる17サイズ】 カーテン 4枚セット 遮光 レースカーテンセット 1級 三層構造 形状記憶 遮熱 遮像 防寒 洗える 遮光カーテン UVカット 幅100 幅150 4枚 2枚 カーテンセット カーテン4枚組 ミラーレース 厚手 省エネ 防音 無地 送料無料 / 幅100×丈230cm(4枚組) / カフェブラウン,3980,observed_product_currentPrice_excludes_delivery_surcharge,https://wowma.jp/item/704502086
observed-ct0-with-au-sibling,ct0,CT0190CG,【最大2000円OFFクーポン配布】カーテン 遮光 1級 2級 遮光カーテン 遮光率99.99% 幅100cm 幅150cm レースカーテンセット カーテンセット タッセル付き UVカット 厚手 断熱 遮熱 省エネ シンプル 無地 洗える ウォッシャブル ドレープカーテン おしゃれ / 100×90cm / アイスグレー / あり,2880,observed_per_sku_taxIncludedPrice_excludes_delivery_coupon,https://item.rakuten.co.jp/weimall/ct0/,704502086,331810175:row=1:col=1,＼ランキング1位／【選べる17サイズ】 カーテン 4枚セット 遮光 レースカーテンセット 1級 三層構造 形状記憶 遮熱 遮像 防寒 洗える 遮光カーテン UVカット 幅100 幅150 4枚 2枚 カーテンセット カーテン4枚組 ミラーレース 厚手 省エネ 防音 無地 送料無料 / 幅100×丈90cm(4枚組) / アイスグレー,3980,observed_product_currentPrice_excludes_delivery_surcharge,https://wowma.jp/item/704502086
observed-ct0-with-au-sibling,ct0,CT01105GYH,【最大2000円OFFクーポン配布】カーテン 遮光 1級 2級 遮光カーテン 遮光率99.99% 幅100cm 幅150cm レースカーテンセット カーテンセット タッセル付き UVカット 厚手 断熱 遮熱 省エネ シンプル 無地 洗える ウォッシャブル ドレープカーテン おしゃれ / 100×105cm / ライトグレー / なし,2150,observed_per_sku_taxIncludedPrice_excludes_delivery_coupon,https://item.rakuten.co.jp/weimall/ct0/,704500131,331814079:row=2:col=2,＼ランキング1位／ 【選べる17サイズ】 カーテン 2枚セット 遮光 1級 3層構造 形状記憶 遮熱 防寒 断熱 洗える 遮光カーテン 遮光率99.99% UVカット おしゃれ 幅100 幅150 2枚 カーテンセット カーテン2枚組 厚手 省エネ 無地 防音 ドレープカーテン 送料無料 / 幅100×丈105cm(2枚) / ライトグレー,2980,observed_product_currentPrice_excludes_delivery_surcharge,https://wowma.jp/item/704500131
observed-ct0-with-au-sibling,ct0,CT01178BE,【最大2000円OFFクーポン配布】カーテン 遮光 1級 2級 遮光カーテン 遮光率99.99% 幅100cm 幅150cm レースカーテンセット カーテンセット タッセル付き UVカット 厚手 断熱 遮熱 省エネ シンプル 無地 洗える ウォッシャブル ドレープカーテン おしゃれ / 100×178cm / ベージュ / あり,3780,observed_per_sku_taxIncludedPrice_excludes_delivery_coupon,https://item.rakuten.co.jp/weimall/ct0/,704502086,331810175:row=0:col=7,＼ランキング1位／【選べる17サイズ】 カーテン 4枚セット 遮光 レースカーテンセット 1級 三層構造 形状記憶 遮熱 遮像 防寒 洗える 遮光カーテン UVカット 幅100 幅150 4枚 2枚 カーテンセット カーテン4枚組 ミラーレース 厚手 省エネ 防音 無地 送料無料 / 幅100×丈178cm(4枚組) / ベージュ,3980,observed_product_currentPrice_excludes_delivery_surcharge,https://wowma.jp/item/704502086
observed-ct0-with-au-sibling,ct0,CT01210GYH,【最大2000円OFFクーポン配布】カーテン 遮光 1級 2級 遮光カーテン 遮光率99.99% 幅100cm 幅150cm レースカーテンセット カーテンセット タッセル付き UVカット 厚手 断熱 遮熱 省エネ シンプル 無地 洗える ウォッシャブル ドレープカーテン おしゃれ / 100×210cm / ライトグレー / なし,3280,observed_per_sku_taxIncludedPrice_excludes_delivery_coupon,https://item.rakuten.co.jp/weimall/ct0/,704500131,331814079:row=2:col=11,＼ランキング1位／ 【選べる17サイズ】 カーテン 2枚セット 遮光 1級 3層構造 形状記憶 遮熱 防寒 断熱 洗える 遮光カーテン 遮光率99.99% UVカット おしゃれ 幅100 幅150 2枚 カーテンセット カーテン2枚組 厚手 省エネ 無地 防音 ドレープカーテン 送料無料 / 幅100×丈210cm(2枚) / ライトグレー,2980,observed_product_currentPrice_excludes_delivery_surcharge,https://wowma.jp/item/704500131
observed-ct0-with-au-sibling,ct0,CT01110BRH,【最大2000円OFFクーポン配布】カーテン 遮光 1級 2級 遮光カーテン 遮光率99.99% 幅100cm 幅150cm レースカーテンセット カーテンセット タッセル付き UVカット 厚手 断熱 遮熱 省エネ シンプル 無地 洗える ウォッシャブル ドレープカーテン おしゃれ / 100×110cm / カフェブラウン / なし,2180,observed_per_sku_taxIncludedPrice_excludes_delivery_coupon,https://item.rakuten.co.jp/weimall/ct0/,704500131,331814079:row=8:col=3,＼ランキング1位／ 【選べる17サイズ】 カーテン 2枚セット 遮光 1級 3層構造 形状記憶 遮熱 防寒 断熱 洗える 遮光カーテン 遮光率99.99% UVカット おしゃれ 幅100 幅150 2枚 カーテンセット カーテン2枚組 厚手 省エネ 無地 防音 ドレープカーテン 送料無料 / 幅100×丈110cm(2枚) / カフェブラウン,2980,observed_product_currentPrice_excludes_delivery_surcharge,https://wowma.jp/item/704500131
observed-ct0-with-au-sibling,ct0,CT01178BK,【最大2000円OFFクーポン配布】カーテン 遮光 1級 2級 遮光カーテン 遮光率99.99% 幅100cm 幅150cm レースカーテンセット カーテンセット タッセル付き UVカット 厚手 断熱 遮熱 省エネ シンプル 無地 洗える ウォッシャブル ドレープカーテン おしゃれ / 100×178cm / コールブラック / あり,3780,observed_per_sku_taxIncludedPrice_excludes_delivery_coupon,https://item.rakuten.co.jp/weimall/ct0/,704502086,331810175:row=7:col=7,＼ランキング1位／【選べる17サイズ】 カーテン 4枚セット 遮光 レースカーテンセット 1級 三層構造 形状記憶 遮熱 遮像 防寒 洗える 遮光カーテン UVカット 幅100 幅150 4枚 2枚 カーテンセット カーテン4枚組 ミラーレース 厚手 省エネ 防音 無地 送料無料 / 幅100×丈178cm(4枚組) / コールブラック,3980,observed_product_currentPrice_excludes_delivery_surcharge,https://wowma.jp/item/704502086
observed-ct0-with-au-sibling,ct0,CT01230BK,【最大2000円OFFクーポン配布】カーテン 遮光 1級 2級 遮光カーテン 遮光率99.99% 幅100cm 幅150cm レースカーテンセット カーテンセット タッセル付き UVカット 厚手 断熱 遮熱 省エネ シンプル 無地 洗える ウォッシャブル ドレープカーテン おしゃれ / 100×230cm / コールブラック / あり,4680,observed_per_sku_taxIncludedPrice_excludes_delivery_coupon,https://item.rakuten.co.jp/weimall/ct0/,704502086,331810175:row=7:col=13,＼ランキング1位／【選べる17サイズ】 カーテン 4枚セット 遮光 レースカーテンセット 1級 三層構造 形状記憶 遮熱 遮像 防寒 洗える 遮光カーテン UVカット 幅100 幅150 4枚 2枚 カーテンセット カーテン4枚組 ミラーレース 厚手 省エネ 防音 無地 送料無料 / 幅100×丈230cm(4枚組) / コールブラック,3980,observed_product_currentPrice_excludes_delivery_surcharge,https://wowma.jp/item/704502086
observed-ct0-with-au-sibling,ct0,CT02200BKH,【最大2000円OFFクーポン配布】カーテン 遮光 1級 2級 遮光カーテン 遮光率99.99% 幅100cm 幅150cm レースカーテンセット カーテンセット タッセル付き UVカット 厚手 断熱 遮熱 省エネ シンプル 無地 洗える ウォッシャブル ドレープカーテン おしゃれ / 150×200cm / コールブラック / なし,2680,observed_per_sku_taxIncludedPrice_excludes_delivery_coupon,https://item.rakuten.co.jp/weimall/ct0/,704500131,331814079:row=7:col=16,＼ランキング1位／ 【選べる17サイズ】 カーテン 2枚セット 遮光 1級 3層構造 形状記憶 遮熱 防寒 断熱 洗える 遮光カーテン 遮光率99.99% UVカット おしゃれ 幅100 幅150 2枚 カーテンセット カーテン2枚組 厚手 省エネ 無地 防音 ドレープカーテン 送料無料 / 幅150×丈200cm(1枚) / コールブラック,2980,observed_product_currentPrice_excludes_delivery_surcharge,https://wowma.jp/item/704500131
observed-ct0-with-au-sibling,ct0,CT01230BE,【最大2000円OFFクーポン配布】カーテン 遮光 1級 2級 遮光カーテン 遮光率99.99% 幅100cm 幅150cm レースカーテンセット カーテンセット タッセル付き UVカット 厚手 断熱 遮熱 省エネ シンプル 無地 洗える ウォッシャブル ドレープカーテン おしゃれ / 100×230cm / ベージュ / あり,4680,observed_per_sku_taxIncludedPrice_excludes_delivery_coupon,https://item.rakuten.co.jp/weimall/ct0/,704502086,331810175:row=0:col=13,＼ランキング1位／【選べる17サイズ】 カーテン 4枚セット 遮光 レースカーテンセット 1級 三層構造 形状記憶 遮熱 遮像 防寒 洗える 遮光カーテン UVカット 幅100 幅150 4枚 2枚 カーテンセット カーテン4枚組 ミラーレース 厚手 省エネ 防音 無地 送料無料 / 幅100×丈230cm(4枚組) / ベージュ,3980,observed_product_currentPrice_excludes_delivery_surcharge,https://wowma.jp/item/704502086
observed-ct0-with-au-sibling,ct0,CT01135GY,【最大2000円OFFクーポン配布】カーテン 遮光 1級 2級 遮光カーテン 遮光率99.99% 幅100cm 幅150cm レースカーテンセット カーテンセット タッセル付き UVカット 厚手 断熱 遮熱 省エネ シンプル 無地 洗える ウォッシャブル ドレープカーテン おしゃれ / 100×135cm / ライトグレー / あり,3380,observed_per_sku_taxIncludedPrice_excludes_delivery_coupon,https://item.rakuten.co.jp/weimall/ct0/,704502086,331810175:row=2:col=5,＼ランキング1位／【選べる17サイズ】 カーテン 4枚セット 遮光 レースカーテンセット 1級 三層構造 形状記憶 遮熱 遮像 防寒 洗える 遮光カーテン UVカット 幅100 幅150 4枚 2枚 カーテンセット カーテン4枚組 ミラーレース 厚手 省エネ 防音 無地 送料無料 / 幅100×丈135cm(4枚組) / ライトグレー,3980,observed_product_currentPrice_excludes_delivery_surcharge,https://wowma.jp/item/704502086
observed-ct0-with-au-sibling,ct0,CT0180BRH,【最大2000円OFFクーポン配布】カーテン 遮光 1級 2級 遮光カーテン 遮光率99.99% 幅100cm 幅150cm レースカーテンセット カーテンセット タッセル付き UVカット 厚手 断熱 遮熱 省エネ シンプル 無地 洗える ウォッシャブル ドレープカーテン おしゃれ / 100×80cm / カフェブラウン / なし,1940,observed_per_sku_taxIncludedPrice_excludes_delivery_coupon,https://item.rakuten.co.jp/weimall/ct0/,704500131,331814079:row=8:col=0,＼ランキング1位／ 【選べる17サイズ】 カーテン 2枚セット 遮光 1級 3層構造 形状記憶 遮熱 防寒 断熱 洗える 遮光カーテン 遮光率99.99% UVカット おしゃれ 幅100 幅150 2枚 カーテンセット カーテン2枚組 厚手 省エネ 無地 防音 ドレープカーテン 送料無料 / 幅100×丈80cm(2枚) / カフェブラウン,2980,observed_product_currentPrice_excludes_delivery_surcharge,https://wowma.jp/item/704500131
observed-ct0-with-au-sibling,ct0,CT01178SB,【最大2000円OFFクーポン配布】カーテン 遮光 1級 2級 遮光カーテン 遮光率99.99% 幅100cm 幅150cm レースカーテンセット カーテンセット タッセル付き UVカット 厚手 断熱 遮熱 省エネ シンプル 無地 洗える ウォッシャブル ドレープカーテン おしゃれ / 100×178cm / サンドベージュ / あり,3780,observed_per_sku_taxIncludedPrice_excludes_delivery_coupon,https://item.rakuten.co.jp/weimall/ct0/,704502086,331810175:row=4:col=7,＼ランキング1位／【選べる17サイズ】 カーテン 4枚セット 遮光 レースカーテンセット 1級 三層構造 形状記憶 遮熱 遮像 防寒 洗える 遮光カーテン UVカット 幅100 幅150 4枚 2枚 カーテンセット カーテン4枚組 ミラーレース 厚手 省エネ 防音 無地 送料無料 / 幅100×丈178cm(4枚組) / サンドベージュ,3980,observed_product_currentPrice_excludes_delivery_surcharge,https://wowma.jp/item/704502086
observed-ct0-with-au-sibling,ct0,CT01178SBH,【最大2000円OFFクーポン配布】カーテン 遮光 1級 2級 遮光カーテン 遮光率99.99% 幅100cm 幅150cm レースカーテンセット カーテンセット タッセル付き UVカット 厚手 断熱 遮熱 省エネ シンプル 無地 洗える ウォッシャブル ドレープカーテン おしゃれ / 100×178cm / サンドベージュ / なし,2680,observed_per_sku_taxIncludedPrice_excludes_delivery_coupon,https://item.rakuten.co.jp/weimall/ct0/,704500131,331814079:row=4:col=7,＼ランキング1位／ 【選べる17サイズ】 カーテン 2枚セット 遮光 1級 3層構造 形状記憶 遮熱 防寒 断熱 洗える 遮光カーテン 遮光率99.99% UVカット おしゃれ 幅100 幅150 2枚 カーテンセット カーテン2枚組 厚手 省エネ 無地 防音 ドレープカーテン 送料無料 / 幅100×丈178cm(2枚) / サンドベージュ,2980,observed_product_currentPrice_excludes_delivery_surcharge,https://wowma.jp/item/704500131
observed-ct0-with-au-sibling,ct0,CT01135GR,【最大2000円OFFクーポン配布】カーテン 遮光 1級 2級 遮光カーテン 遮光率99.99% 幅100cm 幅150cm レースカーテンセット カーテンセット タッセル付き UVカット 厚手 断熱 遮熱 省エネ シンプル 無地 洗える ウォッシャブル ドレープカーテン おしゃれ / 100×135cm / ユーカリグリーン / あり,3380,observed_per_sku_taxIncludedPrice_excludes_delivery_coupon,https://item.rakuten.co.jp/weimall/ct0/,704502086,331810175:row=5:col=5,＼ランキング1位／【選べる17サイズ】 カーテン 4枚セット 遮光 レースカーテンセット 1級 三層構造 形状記憶 遮熱 遮像 防寒 洗える 遮光カーテン UVカット 幅100 幅150 4枚 2枚 カーテンセット カーテン4枚組 ミラーレース 厚手 省エネ 防音 無地 送料無料 / 幅100×丈135cm(4枚組) / ユーカリグリーン,3980,observed_product_currentPrice_excludes_delivery_surcharge,https://wowma.jp/item/704502086
observed-ct0-with-au-sibling,ct0,CT02178NV,【最大2000円OFFクーポン配布】カーテン 遮光 1級 2級 遮光カーテン 遮光率99.99% 幅100cm 幅150cm レースカーテンセット カーテンセット タッセル付き UVカット 厚手 断熱 遮熱 省エネ シンプル 無地 洗える ウォッシャブル ドレープカーテン おしゃれ / 150×178cm / ノクターンネイビー / あり,3880,observed_per_sku_taxIncludedPrice_excludes_delivery_coupon,https://item.rakuten.co.jp/weimall/ct0/,704502086,331810175:row=6:col=15,＼ランキング1位／【選べる17サイズ】 カーテン 4枚セット 遮光 レースカーテンセット 1級 三層構造 形状記憶 遮熱 遮像 防寒 洗える 遮光カーテン UVカット 幅100 幅150 4枚 2枚 カーテンセット カーテン4枚組 ミラーレース 厚手 省エネ 防音 無地 送料無料 / 幅150×丈178cm(2枚組) / ノクターンネイビー,3980,observed_product_currentPrice_excludes_delivery_surcharge,https://wowma.jp/item/704502086
observed-ct0-with-au-sibling,ct0,CT01150GY,【最大2000円OFFクーポン配布】カーテン 遮光 1級 2級 遮光カーテン 遮光率99.99% 幅100cm 幅150cm レースカーテンセット カーテンセット タッセル付き UVカット 厚手 断熱 遮熱 省エネ シンプル 無地 洗える ウォッシャブル ドレープカーテン おしゃれ / 100×150cm / ライトグレー / あり,3680,observed_per_sku_taxIncludedPrice_excludes_delivery_coupon,https://item.rakuten.co.jp/weimall/ct0/,704502086,331810175:row=2:col=6,＼ランキング1位／【選べる17サイズ】 カーテン 4枚セット 遮光 レースカーテンセット 1級 三層構造 形状記憶 遮熱 遮像 防寒 洗える 遮光カーテン UVカット 幅100 幅150 4枚 2枚 カーテンセット カーテン4枚組 ミラーレース 厚手 省エネ 防音 無地 送料無料 / 幅100×丈150cm(4枚組) / ライトグレー,3980,observed_product_currentPrice_excludes_delivery_surcharge,https://wowma.jp/item/704502086
observed-ct0-with-au-sibling,ct0,CT01210NVH,【最大2000円OFFクーポン配布】カーテン 遮光 1級 2級 遮光カーテン 遮光率99.99% 幅100cm 幅150cm レースカーテンセット カーテンセット タッセル付き UVカット 厚手 断熱 遮熱 省エネ シンプル 無地 洗える ウォッシャブル ドレープカーテン おしゃれ / 100×210cm / ノクターンネイビー / なし,3280,observed_per_sku_taxIncludedPrice_excludes_delivery_coupon,https://item.rakuten.co.jp/weimall/ct0/,704500131,331814079:row=6:col=11,＼ランキング1位／ 【選べる17サイズ】 カーテン 2枚セット 遮光 1級 3層構造 形状記憶 遮熱 防寒 断熱 洗える 遮光カーテン 遮光率99.99% UVカット おしゃれ 幅100 幅150 2枚 カーテンセット カーテン2枚組 厚手 省エネ 無地 防音 ドレープカーテン 送料無料 / 幅100×丈210cm(2枚) / ノクターンネイビー,2980,observed_product_currentPrice_excludes_delivery_surcharge,https://wowma.jp/item/704500131
observed-ct0-with-au-sibling,ct0,CT01178SG,【最大2000円OFFクーポン配布】カーテン 遮光 1級 2級 遮光カーテン 遮光率99.99% 幅100cm 幅150cm レースカーテンセット カーテンセット タッセル付き UVカット 厚手 断熱 遮熱 省エネ シンプル 無地 洗える ウォッシャブル ドレープカーテン おしゃれ / 100×178cm / スモークグレー / あり,3780,observed_per_sku_taxIncludedPrice_excludes_delivery_coupon,https://item.rakuten.co.jp/weimall/ct0/,704502086,331810175:row=3:col=7,＼ランキング1位／【選べる17サイズ】 カーテン 4枚セット 遮光 レースカーテンセット 1級 三層構造 形状記憶 遮熱 遮像 防寒 洗える 遮光カーテン UVカット 幅100 幅150 4枚 2枚 カーテンセット カーテン4枚組 ミラーレース 厚手 省エネ 防音 無地 送料無料 / 幅100×丈178cm(4枚組) / スモークグレー,3980,observed_product_currentPrice_excludes_delivery_surcharge,https://wowma.jp/item/704502086
observed-ct0-with-au-sibling,ct0,CT01150GR,【最大2000円OFFクーポン配布】カーテン 遮光 1級 2級 遮光カーテン 遮光率99.99% 幅100cm 幅150cm レースカーテンセット カーテンセット タッセル付き UVカット 厚手 断熱 遮熱 省エネ シンプル 無地 洗える ウォッシャブル ドレープカーテン おしゃれ / 100×150cm / ユーカリグリーン / あり,3680,observed_per_sku_taxIncludedPrice_excludes_delivery_coupon,https://item.rakuten.co.jp/weimall/ct0/,704502086,331810175:row=5:col=6,＼ランキング1位／【選べる17サイズ】 カーテン 4枚セット 遮光 レースカーテンセット 1級 三層構造 形状記憶 遮熱 遮像 防寒 洗える 遮光カーテン UVカット 幅100 幅150 4枚 2枚 カーテンセット カーテン4枚組 ミラーレース 厚手 省エネ 防音 無地 送料無料 / 幅100×丈150cm(4枚組) / ユーカリグリーン,3980,observed_product_currentPrice_excludes_delivery_surcharge,https://wowma.jp/item/704502086
observed-ct0-with-au-sibling,ct0,CT01200BKH,【最大2000円OFFクーポン配布】カーテン 遮光 1級 2級 遮光カーテン 遮光率99.99% 幅100cm 幅150cm レースカーテンセット カーテンセット タッセル付き UVカット 厚手 断熱 遮熱 省エネ シンプル 無地 洗える ウォッシャブル ドレープカーテン おしゃれ / 100×200cm / コールブラック / なし,2980,observed_per_sku_taxIncludedPrice_excludes_delivery_coupon,https://item.rakuten.co.jp/weimall/ct0/,704500131,331814079:row=7:col=10,＼ランキング1位／ 【選べる17サイズ】 カーテン 2枚セット 遮光 1級 3層構造 形状記憶 遮熱 防寒 断熱 洗える 遮光カーテン 遮光率99.99% UVカット おしゃれ 幅100 幅150 2枚 カーテンセット カーテン2枚組 厚手 省エネ 無地 防音 ドレープカーテン 送料無料 / 幅100×丈200cm(2枚) / コールブラック,2980,observed_product_currentPrice_excludes_delivery_surcharge,https://wowma.jp/item/704500131
observed-ct0-with-au-sibling,ct0,CT01230SG,【最大2000円OFFクーポン配布】カーテン 遮光 1級 2級 遮光カーテン 遮光率99.99% 幅100cm 幅150cm レースカーテンセット カーテンセット タッセル付き UVカット 厚手 断熱 遮熱 省エネ シンプル 無地 洗える ウォッシャブル ドレープカーテン おしゃれ / 100×230cm / スモークグレー / あり,4680,observed_per_sku_taxIncludedPrice_excludes_delivery_coupon,https://item.rakuten.co.jp/weimall/ct0/,704502086,331810175:row=3:col=13,＼ランキング1位／【選べる17サイズ】 カーテン 4枚セット 遮光 レースカーテンセット 1級 三層構造 形状記憶 遮熱 遮像 防寒 洗える 遮光カーテン UVカット 幅100 幅150 4枚 2枚 カーテンセット カーテン4枚組 ミラーレース 厚手 省エネ 防音 無地 送料無料 / 幅100×丈230cm(4枚組) / スモークグレー,3980,observed_product_currentPrice_excludes_delivery_surcharge,https://wowma.jp/item/704502086
observed-ct0-with-au-sibling,ct0,CT01110CG,【最大2000円OFFクーポン配布】カーテン 遮光 1級 2級 遮光カーテン 遮光率99.99% 幅100cm 幅150cm レースカーテンセット カーテンセット タッセル付き UVカット 厚手 断熱 遮熱 省エネ シンプル 無地 洗える ウォッシャブル ドレープカーテン おしゃれ / 100×110cm / アイスグレー / あり,3180,observed_per_sku_taxIncludedPrice_excludes_delivery_coupon,https://item.rakuten.co.jp/weimall/ct0/,704502086,331810175:row=1:col=3,＼ランキング1位／【選べる17サイズ】 カーテン 4枚セット 遮光 レースカーテンセット 1級 三層構造 形状記憶 遮熱 遮像 防寒 洗える 遮光カーテン UVカット 幅100 幅150 4枚 2枚 カーテンセット カーテン4枚組 ミラーレース 厚手 省エネ 防音 無地 送料無料 / 幅100×丈110cm(4枚組) / アイスグレー,3980,observed_product_currentPrice_excludes_delivery_surcharge,https://wowma.jp/item/704502086
observed-ct0-with-au-sibling,ct0,CT01185BKH,【最大2000円OFFクーポン配布】カーテン 遮光 1級 2級 遮光カーテン 遮光率99.99% 幅100cm 幅150cm レースカーテンセット カーテンセット タッセル付き UVカット 厚手 断熱 遮熱 省エネ シンプル 無地 洗える ウォッシャブル ドレープカーテン おしゃれ / 100×185cm / コールブラック / なし,2780,observed_per_sku_taxIncludedPrice_excludes_delivery_coupon,https://item.rakuten.co.jp/weimall/ct0/,704500131,331814079:row=7:col=8,＼ランキング1位／ 【選べる17サイズ】 カーテン 2枚セット 遮光 1級 3層構造 形状記憶 遮熱 防寒 断熱 洗える 遮光カーテン 遮光率99.99% UVカット おしゃれ 幅100 幅150 2枚 カーテンセット カーテン2枚組 厚手 省エネ 無地 防音 ドレープカーテン 送料無料 / 幅100×丈185cm(2枚) / コールブラック,2980,observed_product_currentPrice_excludes_delivery_surcharge,https://wowma.jp/item/704500131
observed-ct0-with-au-sibling,ct0,CT01210GR,【最大2000円OFFクーポン配布】カーテン 遮光 1級 2級 遮光カーテン 遮光率99.99% 幅100cm 幅150cm レースカーテンセット カーテンセット タッセル付き UVカット 厚手 断熱 遮熱 省エネ シンプル 無地 洗える ウォッシャブル ドレープカーテン おしゃれ / 100×210cm / ユーカリグリーン / あり,4380,observed_per_sku_taxIncludedPrice_excludes_delivery_coupon,https://item.rakuten.co.jp/weimall/ct0/,704502086,331810175:row=5:col=11,＼ランキング1位／【選べる17サイズ】 カーテン 4枚セット 遮光 レースカーテンセット 1級 三層構造 形状記憶 遮熱 遮像 防寒 洗える 遮光カーテン UVカット 幅100 幅150 4枚 2枚 カーテンセット カーテン4枚組 ミラーレース 厚手 省エネ 防音 無地 送料無料 / 幅100×丈210cm(4枚組) / ユーカリグリーン,3980,observed_product_currentPrice_excludes_delivery_surcharge,https://wowma.jp/item/704502086
observed-ct0-with-au-sibling,ct0,CT01135BKH,【最大2000円OFFクーポン配布】カーテン 遮光 1級 2級 遮光カーテン 遮光率99.99% 幅100cm 幅150cm レースカーテンセット カーテンセット タッセル付き UVカット 厚手 断熱 遮熱 省エネ シンプル 無地 洗える ウォッシャブル ドレープカーテン おしゃれ / 100×135cm / コールブラック / なし,2480,observed_per_sku_taxIncludedPrice_excludes_delivery_coupon,https://item.rakuten.co.jp/weimall/ct0/,704500131,331814079:row=7:col=5,＼ランキング1位／ 【選べる17サイズ】 カーテン 2枚セット 遮光 1級 3層構造 形状記憶 遮熱 防寒 断熱 洗える 遮光カーテン 遮光率99.99% UVカット おしゃれ 幅100 幅150 2枚 カーテンセット カーテン2枚組 厚手 省エネ 無地 防音 ドレープカーテン 送料無料 / 幅100×丈135cm(2枚) / コールブラック,2980,observed_product_currentPrice_excludes_delivery_surcharge,https://wowma.jp/item/704500131
observed-ct0-with-au-sibling,ct0,CT01120BEH,【最大2000円OFFクーポン配布】カーテン 遮光 1級 2級 遮光カーテン 遮光率99.99% 幅100cm 幅150cm レースカーテンセット カーテンセット タッセル付き UVカット 厚手 断熱 遮熱 省エネ シンプル 無地 洗える ウォッシャブル ドレープカーテン おしゃれ / 100×120cm / ベージュ / なし,2380,observed_per_sku_taxIncludedPrice_excludes_delivery_coupon,https://item.rakuten.co.jp/weimall/ct0/,704500131,331814079:row=0:col=4,＼ランキング1位／ 【選べる17サイズ】 カーテン 2枚セット 遮光 1級 3層構造 形状記憶 遮熱 防寒 断熱 洗える 遮光カーテン 遮光率99.99% UVカット おしゃれ 幅100 幅150 2枚 カーテンセット カーテン2枚組 厚手 省エネ 無地 防音 ドレープカーテン 送料無料 / 幅100×丈120cm(2枚) / ベージュ,2980,observed_product_currentPrice_excludes_delivery_surcharge,https://wowma.jp/item/704500131
observed-ct0-with-au-sibling,ct0,CT0190BE,【最大2000円OFFクーポン配布】カーテン 遮光 1級 2級 遮光カーテン 遮光率99.99% 幅100cm 幅150cm レースカーテンセット カーテンセット タッセル付き UVカット 厚手 断熱 遮熱 省エネ シンプル 無地 洗える ウォッシャブル ドレープカーテン おしゃれ / 100×90cm / ベージュ / あり,2880,observed_per_sku_taxIncludedPrice_excludes_delivery_coupon,https://item.rakuten.co.jp/weimall/ct0/,704502086,331810175:row=0:col=1,＼ランキング1位／【選べる17サイズ】 カーテン 4枚セット 遮光 レースカーテンセット 1級 三層構造 形状記憶 遮熱 遮像 防寒 洗える 遮光カーテン UVカット 幅100 幅150 4枚 2枚 カーテンセット カーテン4枚組 ミラーレース 厚手 省エネ 防音 無地 送料無料 / 幅100×丈90cm(4枚組) / ベージュ,3980,observed_product_currentPrice_excludes_delivery_surcharge,https://wowma.jp/item/704502086
observed-ct0-with-au-sibling,ct0,CT01190NVH,【最大2000円OFFクーポン配布】カーテン 遮光 1級 2級 遮光カーテン 遮光率99.99% 幅100cm 幅150cm レースカーテンセット カーテンセット タッセル付き UVカット 厚手 断熱 遮熱 省エネ シンプル 無地 洗える ウォッシャブル ドレープカーテン おしゃれ / 100×190cm / ノクターンネイビー / なし,2880,observed_per_sku_taxIncludedPrice_excludes_delivery_coupon,https://item.rakuten.co.jp/weimall/ct0/,704500131,331814079:row=6:col=9,＼ランキング1位／ 【選べる17サイズ】 カーテン 2枚セット 遮光 1級 3層構造 形状記憶 遮熱 防寒 断熱 洗える 遮光カーテン 遮光率99.99% UVカット おしゃれ 幅100 幅150 2枚 カーテンセット カーテン2枚組 厚手 省エネ 無地 防音 ドレープカーテン 送料無料 / 幅100×丈190cm(2枚) / ノクターンネイビー,2980,observed_product_currentPrice_excludes_delivery_surcharge,https://wowma.jp/item/704500131
observed-ct0-with-au-sibling,ct0,CT01150SBH,【最大2000円OFFクーポン配布】カーテン 遮光 1級 2級 遮光カーテン 遮光率99.99% 幅100cm 幅150cm レースカーテンセット カーテンセット タッセル付き UVカット 厚手 断熱 遮熱 省エネ シンプル 無地 洗える ウォッシャブル ドレープカーテン おしゃれ / 100×150cm / サンドベージュ / なし,2580,observed_per_sku_taxIncludedPrice_excludes_delivery_coupon,https://item.rakuten.co.jp/weimall/ct0/,704500131,331814079:row=4:col=6,＼ランキング1位／ 【選べる17サイズ】 カーテン 2枚セット 遮光 1級 3層構造 形状記憶 遮熱 防寒 断熱 洗える 遮光カーテン 遮光率99.99% UVカット おしゃれ 幅100 幅150 2枚 カーテンセット カーテン2枚組 厚手 省エネ 無地 防音 ドレープカーテン 送料無料 / 幅100×丈150cm(2枚) / サンドベージュ,2980,observed_product_currentPrice_excludes_delivery_surcharge,https://wowma.jp/item/704500131
observed-ct0-with-au-sibling,ct0,CT02200GR,【最大2000円OFFクーポン配布】カーテン 遮光 1級 2級 遮光カーテン 遮光率99.99% 幅100cm 幅150cm レースカーテンセット カーテンセット タッセル付き UVカット 厚手 断熱 遮熱 省エネ シンプル 無地 洗える ウォッシャブル ドレープカーテン おしゃれ / 150×200cm / ユーカリグリーン / あり,3880,observed_per_sku_taxIncludedPrice_excludes_delivery_coupon,https://item.rakuten.co.jp/weimall/ct0/,704502086,331810175:row=5:col=16,＼ランキング1位／【選べる17サイズ】 カーテン 4枚セット 遮光 レースカーテンセット 1級 三層構造 形状記憶 遮熱 遮像 防寒 洗える 遮光カーテン UVカット 幅100 幅150 4枚 2枚 カーテンセット カーテン4枚組 ミラーレース 厚手 省エネ 防音 無地 送料無料 / 幅150×丈200cm(2枚組) / ユーカリグリーン,3980,observed_product_currentPrice_excludes_delivery_surcharge,https://wowma.jp/item/704502086
observed-ct0-with-au-sibling,ct0,CT02178GYH,【最大2000円OFFクーポン配布】カーテン 遮光 1級 2級 遮光カーテン 遮光率99.99% 幅100cm 幅150cm レースカーテンセット カーテンセット タッセル付き UVカット 厚手 断熱 遮熱 省エネ シンプル 無地 洗える ウォッシャブル ドレープカーテン おしゃれ / 150×178cm / ライトグレー / なし,2680,observed_per_sku_taxIncludedPrice_excludes_delivery_coupon,https://item.rakuten.co.jp/weimall/ct0/,704500131,331814079:row=2:col=15,＼ランキング1位／ 【選べる17サイズ】 カーテン 2枚セット 遮光 1級 3層構造 形状記憶 遮熱 防寒 断熱 洗える 遮光カーテン 遮光率99.99% UVカット おしゃれ 幅100 幅150 2枚 カーテンセット カーテン2枚組 厚手 省エネ 無地 防音 ドレープカーテン 送料無料 / 幅150×丈178cm(1枚) / ライトグレー,2980,observed_product_currentPrice_excludes_delivery_surcharge,https://wowma.jp/item/704500131
observed-ct0-with-au-sibling,ct0,CT01120CGH,【最大2000円OFFクーポン配布】カーテン 遮光 1級 2級 遮光カーテン 遮光率99.99% 幅100cm 幅150cm レースカーテンセット カーテンセット タッセル付き UVカット 厚手 断熱 遮熱 省エネ シンプル 無地 洗える ウォッシャブル ドレープカーテン おしゃれ / 100×120cm / アイスグレー / なし,2380,observed_per_sku_taxIncludedPrice_excludes_delivery_coupon,https://item.rakuten.co.jp/weimall/ct0/,704500131,331814079:row=1:col=4,＼ランキング1位／ 【選べる17サイズ】 カーテン 2枚セット 遮光 1級 3層構造 形状記憶 遮熱 防寒 断熱 洗える 遮光カーテン 遮光率99.99% UVカット おしゃれ 幅100 幅150 2枚 カーテンセット カーテン2枚組 厚手 省エネ 無地 防音 ドレープカーテン 送料無料 / 幅100×丈120cm(2枚) / アイスグレー,2980,observed_product_currentPrice_excludes_delivery_surcharge,https://wowma.jp/item/704500131
observed-ct0-with-au-sibling,ct0,CT02200GY,【最大2000円OFFクーポン配布】カーテン 遮光 1級 2級 遮光カーテン 遮光率99.99% 幅100cm 幅150cm レースカーテンセット カーテンセット タッセル付き UVカット 厚手 断熱 遮熱 省エネ シンプル 無地 洗える ウォッシャブル ドレープカーテン おしゃれ / 150×200cm / ライトグレー / あり,3880,observed_per_sku_taxIncludedPrice_excludes_delivery_coupon,https://item.rakuten.co.jp/weimall/ct0/,704502086,331810175:row=2:col=16,＼ランキング1位／【選べる17サイズ】 カーテン 4枚セット 遮光 レースカーテンセット 1級 三層構造 形状記憶 遮熱 遮像 防寒 洗える 遮光カーテン UVカット 幅100 幅150 4枚 2枚 カーテンセット カーテン4枚組 ミラーレース 厚手 省エネ 防音 無地 送料無料 / 幅150×丈200cm(2枚組) / ライトグレー,3980,observed_product_currentPrice_excludes_delivery_surcharge,https://wowma.jp/item/704502086
observed-ct0-with-au-sibling,ct0,CT0190SG,【最大2000円OFFクーポン配布】カーテン 遮光 1級 2級 遮光カーテン 遮光率99.99% 幅100cm 幅150cm レースカーテンセット カーテンセット タッセル付き UVカット 厚手 断熱 遮熱 省エネ シンプル 無地 洗える ウォッシャブル ドレープカーテン おしゃれ / 100×90cm / スモークグレー / あり,2880,observed_per_sku_taxIncludedPrice_excludes_delivery_coupon,https://item.rakuten.co.jp/weimall/ct0/,704502086,331810175:row=3:col=1,＼ランキング1位／【選べる17サイズ】 カーテン 4枚セット 遮光 レースカーテンセット 1級 三層構造 形状記憶 遮熱 遮像 防寒 洗える 遮光カーテン UVカット 幅100 幅150 4枚 2枚 カーテンセット カーテン4枚組 ミラーレース 厚手 省エネ 防音 無地 送料無料 / 幅100×丈90cm(4枚組) / スモークグレー,3980,observed_product_currentPrice_excludes_delivery_surcharge,https://wowma.jp/item/704502086
observed-ct0-with-au-sibling,ct0,CT0190BR,【最大2000円OFFクーポン配布】カーテン 遮光 1級 2級 遮光カーテン 遮光率99.99% 幅100cm 幅150cm レースカーテンセット カーテンセット タッセル付き UVカット 厚手 断熱 遮熱 省エネ シンプル 無地 洗える ウォッシャブル ドレープカーテン おしゃれ / 100×90cm / カフェブラウン / あり,2880,observed_per_sku_taxIncludedPrice_excludes_delivery_coupon,https://item.rakuten.co.jp/weimall/ct0/,704502086,331810175:row=8:col=1,＼ランキング1位／【選べる17サイズ】 カーテン 4枚セット 遮光 レースカーテンセット 1級 三層構造 形状記憶 遮熱 遮像 防寒 洗える 遮光カーテン UVカット 幅100 幅150 4枚 2枚 カーテンセット カーテン4枚組 ミラーレース 厚手 省エネ 防音 無地 送料無料 / 幅100×丈90cm(4枚組) / カフェブラウン,3980,observed_product_currentPrice_excludes_delivery_surcharge,https://wowma.jp/item/704502086
observed-ct0-with-au-sibling,ct0,CT0190SB,【最大2000円OFFクーポン配布】カーテン 遮光 1級 2級 遮光カーテン 遮光率99.99% 幅100cm 幅150cm レースカーテンセット カーテンセット タッセル付き UVカット 厚手 断熱 遮熱 省エネ シンプル 無地 洗える ウォッシャブル ドレープカーテン おしゃれ / 100×90cm / サンドベージュ / あり,2880,observed_per_sku_taxIncludedPrice_excludes_delivery_coupon,https://item.rakuten.co.jp/weimall/ct0/,704502086,331810175:row=4:col=1,＼ランキング1位／【選べる17サイズ】 カーテン 4枚セット 遮光 レースカーテンセット 1級 三層構造 形状記憶 遮熱 遮像 防寒 洗える 遮光カーテン UVカット 幅100 幅150 4枚 2枚 カーテンセット カーテン4枚組 ミラーレース 厚手 省エネ 防音 無地 送料無料 / 幅100×丈90cm(4枚組) / サンドベージュ,3980,observed_product_currentPrice_excludes_delivery_surcharge,https://wowma.jp/item/704502086
observed-ct0-with-au-sibling,ct0,CT01210GY,【最大2000円OFFクーポン配布】カーテン 遮光 1級 2級 遮光カーテン 遮光率99.99% 幅100cm 幅150cm レースカーテンセット カーテンセット タッセル付き UVカット 厚手 断熱 遮熱 省エネ シンプル 無地 洗える ウォッシャブル ドレープカーテン おしゃれ / 100×210cm / ライトグレー / あり,4380,observed_per_sku_taxIncludedPrice_excludes_delivery_coupon,https://item.rakuten.co.jp/weimall/ct0/,704502086,331810175:row=2:col=11,＼ランキング1位／【選べる17サイズ】 カーテン 4枚セット 遮光 レースカーテンセット 1級 三層構造 形状記憶 遮熱 遮像 防寒 洗える 遮光カーテン UVカット 幅100 幅150 4枚 2枚 カーテンセット カーテン4枚組 ミラーレース 厚手 省エネ 防音 無地 送料無料 / 幅100×丈210cm(4枚組) / ライトグレー,3980,observed_product_currentPrice_excludes_delivery_surcharge,https://wowma.jp/item/704502086
observed-ct0-with-au-sibling,ct0,CT01120SGH,【最大2000円OFFクーポン配布】カーテン 遮光 1級 2級 遮光カーテン 遮光率99.99% 幅100cm 幅150cm レースカーテンセット カーテンセット タッセル付き UVカット 厚手 断熱 遮熱 省エネ シンプル 無地 洗える ウォッシャブル ドレープカーテン おしゃれ / 100×120cm / スモークグレー / なし,2380,observed_per_sku_taxIncludedPrice_excludes_delivery_coupon,https://item.rakuten.co.jp/weimall/ct0/,704500131,331814079:row=3:col=4,＼ランキング1位／ 【選べる17サイズ】 カーテン 2枚セット 遮光 1級 3層構造 形状記憶 遮熱 防寒 断熱 洗える 遮光カーテン 遮光率99.99% UVカット おしゃれ 幅100 幅150 2枚 カーテンセット カーテン2枚組 厚手 省エネ 無地 防音 ドレープカーテン 送料無料 / 幅100×丈120cm(2枚) / スモークグレー,2980,observed_product_currentPrice_excludes_delivery_surcharge,https://wowma.jp/item/704500131
observed-ct0-with-au-sibling,ct0,CT02178NVH,【最大2000円OFFクーポン配布】カーテン 遮光 1級 2級 遮光カーテン 遮光率99.99% 幅100cm 幅150cm レースカーテンセット カーテンセット タッセル付き UVカット 厚手 断熱 遮熱 省エネ シンプル 無地 洗える ウォッシャブル ドレープカーテン おしゃれ / 150×178cm / ノクターンネイビー / なし,2680,observed_per_sku_taxIncludedPrice_excludes_delivery_coupon,https://item.rakuten.co.jp/weimall/ct0/,704500131,331814079:row=6:col=15,＼ランキング1位／ 【選べる17サイズ】 カーテン 2枚セット 遮光 1級 3層構造 形状記憶 遮熱 防寒 断熱 洗える 遮光カーテン 遮光率99.99% UVカット おしゃれ 幅100 幅150 2枚 カーテンセット カーテン2枚組 厚手 省エネ 無地 防音 ドレープカーテン 送料無料 / 幅150×丈178cm(1枚) / ノクターンネイビー,2980,observed_product_currentPrice_excludes_delivery_surcharge,https://wowma.jp/item/704500131
observed-ct0-with-au-sibling,ct0,CT0190BK,【最大2000円OFFクーポン配布】カーテン 遮光 1級 2級 遮光カーテン 遮光率99.99% 幅100cm 幅150cm レースカーテンセット カーテンセット タッセル付き UVカット 厚手 断熱 遮熱 省エネ シンプル 無地 洗える ウォッシャブル ドレープカーテン おしゃれ / 100×90cm / コールブラック / あり,2880,observed_per_sku_taxIncludedPrice_excludes_delivery_coupon,https://item.rakuten.co.jp/weimall/ct0/,704502086,331810175:row=7:col=1,＼ランキング1位／【選べる17サイズ】 カーテン 4枚セット 遮光 レースカーテンセット 1級 三層構造 形状記憶 遮熱 遮像 防寒 洗える 遮光カーテン UVカット 幅100 幅150 4枚 2枚 カーテンセット カーテン4枚組 ミラーレース 厚手 省エネ 防音 無地 送料無料 / 幅100×丈90cm(4枚組) / コールブラック,3980,observed_product_currentPrice_excludes_delivery_surcharge,https://wowma.jp/item/704502086
observed-ct0-with-au-sibling,ct0,CT01110GRH,【最大2000円OFFクーポン配布】カーテン 遮光 1級 2級 遮光カーテン 遮光率99.99% 幅100cm 幅150cm レースカーテンセット カーテンセット タッセル付き UVカット 厚手 断熱 遮熱 省エネ シンプル 無地 洗える ウォッシャブル ドレープカーテン おしゃれ / 100×110cm / ユーカリグリーン / なし,2180,observed_per_sku_taxIncludedPrice_excludes_delivery_coupon,https://item.rakuten.co.jp/weimall/ct0/,704500131,331814079:row=5:col=3,＼ランキング1位／ 【選べる17サイズ】 カーテン 2枚セット 遮光 1級 3層構造 形状記憶 遮熱 防寒 断熱 洗える 遮光カーテン 遮光率99.99% UVカット おしゃれ 幅100 幅150 2枚 カーテンセット カーテン2枚組 厚手 省エネ 無地 防音 ドレープカーテン 送料無料 / 幅100×丈110cm(2枚) / ユーカリグリーン,2980,observed_product_currentPrice_excludes_delivery_surcharge,https://wowma.jp/item/704500131
observed-ct0-with-au-sibling,ct0,CT02178GRH,【最大2000円OFFクーポン配布】カーテン 遮光 1級 2級 遮光カーテン 遮光率99.99% 幅100cm 幅150cm レースカーテンセット カーテンセット タッセル付き UVカット 厚手 断熱 遮熱 省エネ シンプル 無地 洗える ウォッシャブル ドレープカーテン おしゃれ / 150×178cm / ユーカリグリーン / なし,2680,observed_per_sku_taxIncludedPrice_excludes_delivery_coupon,https://item.rakuten.co.jp/weimall/ct0/,704500131,331814079:row=5:col=15,＼ランキング1位／ 【選べる17サイズ】 カーテン 2枚セット 遮光 1級 3層構造 形状記憶 遮熱 防寒 断熱 洗える 遮光カーテン 遮光率99.99% UVカット おしゃれ 幅100 幅150 2枚 カーテンセット カーテン2枚組 厚手 省エネ 無地 防音 ドレープカーテン 送料無料 / 幅150×丈178cm(1枚) / ユーカリグリーン,2980,observed_product_currentPrice_excludes_delivery_surcharge,https://wowma.jp/item/704500131
observed-ct0-with-au-sibling,ct0,CT01185GRH,【最大2000円OFFクーポン配布】カーテン 遮光 1級 2級 遮光カーテン 遮光率99.99% 幅100cm 幅150cm レースカーテンセット カーテンセット タッセル付き UVカット 厚手 断熱 遮熱 省エネ シンプル 無地 洗える ウォッシャブル ドレープカーテン おしゃれ / 100×185cm / ユーカリグリーン / なし,2780,observed_per_sku_taxIncludedPrice_excludes_delivery_coupon,https://item.rakuten.co.jp/weimall/ct0/,704500131,331814079:row=5:col=8,＼ランキング1位／ 【選べる17サイズ】 カーテン 2枚セット 遮光 1級 3層構造 形状記憶 遮熱 防寒 断熱 洗える 遮光カーテン 遮光率99.99% UVカット おしゃれ 幅100 幅150 2枚 カーテンセット カーテン2枚組 厚手 省エネ 無地 防音 ドレープカーテン 送料無料 / 幅100×丈185cm(2枚) / ユーカリグリーン,2980,observed_product_currentPrice_excludes_delivery_surcharge,https://wowma.jp/item/704500131
observed-ct0-with-au-sibling,ct0,CT01190SB,【最大2000円OFFクーポン配布】カーテン 遮光 1級 2級 遮光カーテン 遮光率99.99% 幅100cm 幅150cm レースカーテンセット カーテンセット タッセル付き UVカット 厚手 断熱 遮熱 省エネ シンプル 無地 洗える ウォッシャブル ドレープカーテン おしゃれ / 100×190cm / サンドベージュ / あり,4180,observed_per_sku_taxIncludedPrice_excludes_delivery_coupon,https://item.rakuten.co.jp/weimall/ct0/,704502086,331810175:row=4:col=9,＼ランキング1位／【選べる17サイズ】 カーテン 4枚セット 遮光 レースカーテンセット 1級 三層構造 形状記憶 遮熱 遮像 防寒 洗える 遮光カーテン UVカット 幅100 幅150 4枚 2枚 カーテンセット カーテン4枚組 ミラーレース 厚手 省エネ 防音 無地 送料無料 / 幅100×丈190cm(4枚組) / サンドベージュ,3980,observed_product_currentPrice_excludes_delivery_surcharge,https://wowma.jp/item/704502086
observed-ct0-with-au-sibling,ct0,CT01220CGH,【最大2000円OFFクーポン配布】カーテン 遮光 1級 2級 遮光カーテン 遮光率99.99% 幅100cm 幅150cm レースカーテンセット カーテンセット タッセル付き UVカット 厚手 断熱 遮熱 省エネ シンプル 無地 洗える ウォッシャブル ドレープカーテン おしゃれ / 100×220cm / アイスグレー / なし,3380,observed_per_sku_taxIncludedPrice_excludes_delivery_coupon,https://item.rakuten.co.jp/weimall/ct0/,704500131,331814079:row=1:col=12,＼ランキング1位／ 【選べる17サイズ】 カーテン 2枚セット 遮光 1級 3層構造 形状記憶 遮熱 防寒 断熱 洗える 遮光カーテン 遮光率99.99% UVカット おしゃれ 幅100 幅150 2枚 カーテンセット カーテン2枚組 厚手 省エネ 無地 防音 ドレープカーテン 送料無料 / 幅100×丈220cm(2枚) / アイスグレー,2980,observed_product_currentPrice_excludes_delivery_surcharge,https://wowma.jp/item/704500131
observed-ct0-with-au-sibling,ct0,CT01220BEH,【最大2000円OFFクーポン配布】カーテン 遮光 1級 2級 遮光カーテン 遮光率99.99% 幅100cm 幅150cm レースカーテンセット カーテンセット タッセル付き UVカット 厚手 断熱 遮熱 省エネ シンプル 無地 洗える ウォッシャブル ドレープカーテン おしゃれ / 100×220cm / ベージュ / なし,3380,observed_per_sku_taxIncludedPrice_excludes_delivery_coupon,https://item.rakuten.co.jp/weimall/ct0/,704500131,331814079:row=0:col=12,＼ランキング1位／ 【選べる17サイズ】 カーテン 2枚セット 遮光 1級 3層構造 形状記憶 遮熱 防寒 断熱 洗える 遮光カーテン 遮光率99.99% UVカット おしゃれ 幅100 幅150 2枚 カーテンセット カーテン2枚組 厚手 省エネ 無地 防音 ドレープカーテン 送料無料 / 幅100×丈220cm(2枚) / ベージュ,2980,observed_product_currentPrice_excludes_delivery_surcharge,https://wowma.jp/item/704500131
observed-ct0-with-au-sibling,ct0,CT01190BKH,【最大2000円OFFクーポン配布】カーテン 遮光 1級 2級 遮光カーテン 遮光率99.99% 幅100cm 幅150cm レースカーテンセット カーテンセット タッセル付き UVカット 厚手 断熱 遮熱 省エネ シンプル 無地 洗える ウォッシャブル ドレープカーテン おしゃれ / 100×190cm / コールブラック / なし,2880,observed_per_sku_taxIncludedPrice_excludes_delivery_coupon,https://item.rakuten.co.jp/weimall/ct0/,704500131,331814079:row=7:col=9,＼ランキング1位／ 【選べる17サイズ】 カーテン 2枚セット 遮光 1級 3層構造 形状記憶 遮熱 防寒 断熱 洗える 遮光カーテン 遮光率99.99% UVカット おしゃれ 幅100 幅150 2枚 カーテンセット カーテン2枚組 厚手 省エネ 無地 防音 ドレープカーテン 送料無料 / 幅100×丈190cm(2枚) / コールブラック,2980,observed_product_currentPrice_excludes_delivery_surcharge,https://wowma.jp/item/704500131
observed-ct0-with-au-sibling,ct0,CT01210SBH,【最大2000円OFFクーポン配布】カーテン 遮光 1級 2級 遮光カーテン 遮光率99.99% 幅100cm 幅150cm レースカーテンセット カーテンセット タッセル付き UVカット 厚手 断熱 遮熱 省エネ シンプル 無地 洗える ウォッシャブル ドレープカーテン おしゃれ / 100×210cm / サンドベージュ / なし,3280,observed_per_sku_taxIncludedPrice_excludes_delivery_coupon,https://item.rakuten.co.jp/weimall/ct0/,704500131,331814079:row=4:col=11,＼ランキング1位／ 【選べる17サイズ】 カーテン 2枚セット 遮光 1級 3層構造 形状記憶 遮熱 防寒 断熱 洗える 遮光カーテン 遮光率99.99% UVカット おしゃれ 幅100 幅150 2枚 カーテンセット カーテン2枚組 厚手 省エネ 無地 防音 ドレープカーテン 送料無料 / 幅100×丈210cm(2枚) / サンドベージュ,2980,observed_product_currentPrice_excludes_delivery_surcharge,https://wowma.jp/item/704500131
observed-ct0-with-au-sibling,ct0,CT01190SG,【最大2000円OFFクーポン配布】カーテン 遮光 1級 2級 遮光カーテン 遮光率99.99% 幅100cm 幅150cm レースカーテンセット カーテンセット タッセル付き UVカット 厚手 断熱 遮熱 省エネ シンプル 無地 洗える ウォッシャブル ドレープカーテン おしゃれ / 100×190cm / スモークグレー / あり,4180,observed_per_sku_taxIncludedPrice_excludes_delivery_coupon,https://item.rakuten.co.jp/weimall/ct0/,704502086,331810175:row=3:col=9,＼ランキング1位／【選べる17サイズ】 カーテン 4枚セット 遮光 レースカーテンセット 1級 三層構造 形状記憶 遮熱 遮像 防寒 洗える 遮光カーテン UVカット 幅100 幅150 4枚 2枚 カーテンセット カーテン4枚組 ミラーレース 厚手 省エネ 防音 無地 送料無料 / 幅100×丈190cm(4枚組) / スモークグレー,3980,observed_product_currentPrice_excludes_delivery_surcharge,https://wowma.jp/item/704502086
observed-ct0-with-au-sibling,ct0,CT01210NV,【最大2000円OFFクーポン配布】カーテン 遮光 1級 2級 遮光カーテン 遮光率99.99% 幅100cm 幅150cm レースカーテンセット カーテンセット タッセル付き UVカット 厚手 断熱 遮熱 省エネ シンプル 無地 洗える ウォッシャブル ドレープカーテン おしゃれ / 100×210cm / ノクターンネイビー / あり,4380,observed_per_sku_taxIncludedPrice_excludes_delivery_coupon,https://item.rakuten.co.jp/weimall/ct0/,704502086,331810175:row=6:col=11,＼ランキング1位／【選べる17サイズ】 カーテン 4枚セット 遮光 レースカーテンセット 1級 三層構造 形状記憶 遮熱 遮像 防寒 洗える 遮光カーテン UVカット 幅100 幅150 4枚 2枚 カーテンセット カーテン4枚組 ミラーレース 厚手 省エネ 防音 無地 送料無料 / 幅100×丈210cm(4枚組) / ノクターンネイビー,3980,observed_product_currentPrice_excludes_delivery_surcharge,https://wowma.jp/item/704502086
observed-ct0-with-au-sibling,ct0,CT01220SGH,【最大2000円OFFクーポン配布】カーテン 遮光 1級 2級 遮光カーテン 遮光率99.99% 幅100cm 幅150cm レースカーテンセット カーテンセット タッセル付き UVカット 厚手 断熱 遮熱 省エネ シンプル 無地 洗える ウォッシャブル ドレープカーテン おしゃれ / 100×220cm / スモークグレー / なし,3380,observed_per_sku_taxIncludedPrice_excludes_delivery_coupon,https://item.rakuten.co.jp/weimall/ct0/,704500131,331814079:row=3:col=12,＼ランキング1位／ 【選べる17サイズ】 カーテン 2枚セット 遮光 1級 3層構造 形状記憶 遮熱 防寒 断熱 洗える 遮光カーテン 遮光率99.99% UVカット おしゃれ 幅100 幅150 2枚 カーテンセット カーテン2枚組 厚手 省エネ 無地 防音 ドレープカーテン 送料無料 / 幅100×丈220cm(2枚) / スモークグレー,2980,observed_product_currentPrice_excludes_delivery_surcharge,https://wowma.jp/item/704500131
observed-ct0-with-au-sibling,ct0,CT01190CG,【最大2000円OFFクーポン配布】カーテン 遮光 1級 2級 遮光カーテン 遮光率99.99% 幅100cm 幅150cm レースカーテンセット カーテンセット タッセル付き UVカット 厚手 断熱 遮熱 省エネ シンプル 無地 洗える ウォッシャブル ドレープカーテン おしゃれ / 100×190cm / アイスグレー / あり,4180,observed_per_sku_taxIncludedPrice_excludes_delivery_coupon,https://item.rakuten.co.jp/weimall/ct0/,704502086,331810175:row=1:col=9,＼ランキング1位／【選べる17サイズ】 カーテン 4枚セット 遮光 レースカーテンセット 1級 三層構造 形状記憶 遮熱 遮像 防寒 洗える 遮光カーテン UVカット 幅100 幅150 4枚 2枚 カーテンセット カーテン4枚組 ミラーレース 厚手 省エネ 防音 無地 送料無料 / 幅100×丈190cm(4枚組) / アイスグレー,3980,observed_product_currentPrice_excludes_delivery_surcharge,https://wowma.jp/item/704502086
observed-ct0-with-au-sibling,ct0,CT01105SGH,【最大2000円OFFクーポン配布】カーテン 遮光 1級 2級 遮光カーテン 遮光率99.99% 幅100cm 幅150cm レースカーテンセット カーテンセット タッセル付き UVカット 厚手 断熱 遮熱 省エネ シンプル 無地 洗える ウォッシャブル ドレープカーテン おしゃれ / 100×105cm / スモークグレー / なし,2150,observed_per_sku_taxIncludedPrice_excludes_delivery_coupon,https://item.rakuten.co.jp/weimall/ct0/,704500131,331814079:row=3:col=2,＼ランキング1位／ 【選べる17サイズ】 カーテン 2枚セット 遮光 1級 3層構造 形状記憶 遮熱 防寒 断熱 洗える 遮光カーテン 遮光率99.99% UVカット おしゃれ 幅100 幅150 2枚 カーテンセット カーテン2枚組 厚手 省エネ 無地 防音 ドレープカーテン 送料無料 / 幅100×丈105cm(2枚) / スモークグレー,2980,observed_product_currentPrice_excludes_delivery_surcharge,https://wowma.jp/item/704500131
observed-ct0-with-au-sibling,ct0,CT02135GY,【最大2000円OFFクーポン配布】カーテン 遮光 1級 2級 遮光カーテン 遮光率99.99% 幅100cm 幅150cm レースカーテンセット カーテンセット タッセル付き UVカット 厚手 断熱 遮熱 省エネ シンプル 無地 洗える ウォッシャブル ドレープカーテン おしゃれ / 150×135cm / ライトグレー / あり,3480,observed_per_sku_taxIncludedPrice_excludes_delivery_coupon,https://item.rakuten.co.jp/weimall/ct0/,704502086,331810175:row=2:col=14,＼ランキング1位／【選べる17サイズ】 カーテン 4枚セット 遮光 レースカーテンセット 1級 三層構造 形状記憶 遮熱 遮像 防寒 洗える 遮光カーテン UVカット 幅100 幅150 4枚 2枚 カーテンセット カーテン4枚組 ミラーレース 厚手 省エネ 防音 無地 送料無料 / 幅150×丈135cm(2枚組) / ライトグレー,3980,observed_product_currentPrice_excludes_delivery_surcharge,https://wowma.jp/item/704502086
observed-ct0-with-au-sibling,ct0,CT02135NVH,【最大2000円OFFクーポン配布】カーテン 遮光 1級 2級 遮光カーテン 遮光率99.99% 幅100cm 幅150cm レースカーテンセット カーテンセット タッセル付き UVカット 厚手 断熱 遮熱 省エネ シンプル 無地 洗える ウォッシャブル ドレープカーテン おしゃれ / 150×135cm / ノクターンネイビー / なし,2580,observed_per_sku_taxIncludedPrice_excludes_delivery_coupon,https://item.rakuten.co.jp/weimall/ct0/,704500131,331814079:row=6:col=14,＼ランキング1位／ 【選べる17サイズ】 カーテン 2枚セット 遮光 1級 3層構造 形状記憶 遮熱 防寒 断熱 洗える 遮光カーテン 遮光率99.99% UVカット おしゃれ 幅100 幅150 2枚 カーテンセット カーテン2枚組 厚手 省エネ 無地 防音 ドレープカーテン 送料無料 / 幅150×丈135cm(1枚) / ノクターンネイビー,2980,observed_product_currentPrice_excludes_delivery_surcharge,https://wowma.jp/item/704500131
observed-ct0-with-au-sibling,ct0,CT01230GY,【最大2000円OFFクーポン配布】カーテン 遮光 1級 2級 遮光カーテン 遮光率99.99% 幅100cm 幅150cm レースカーテンセット カーテンセット タッセル付き UVカット 厚手 断熱 遮熱 省エネ シンプル 無地 洗える ウォッシャブル ドレープカーテン おしゃれ / 100×230cm / ライトグレー / あり,4680,observed_per_sku_taxIncludedPrice_excludes_delivery_coupon,https://item.rakuten.co.jp/weimall/ct0/,704502086,331810175:row=2:col=13,＼ランキング1位／【選べる17サイズ】 カーテン 4枚セット 遮光 レースカーテンセット 1級 三層構造 形状記憶 遮熱 遮像 防寒 洗える 遮光カーテン UVカット 幅100 幅150 4枚 2枚 カーテンセット カーテン4枚組 ミラーレース 厚手 省エネ 防音 無地 送料無料 / 幅100×丈230cm(4枚組) / ライトグレー,3980,observed_product_currentPrice_excludes_delivery_surcharge,https://wowma.jp/item/704502086
observed-ct0-with-au-sibling,ct0,CT01230GR,【最大2000円OFFクーポン配布】カーテン 遮光 1級 2級 遮光カーテン 遮光率99.99% 幅100cm 幅150cm レースカーテンセット カーテンセット タッセル付き UVカット 厚手 断熱 遮熱 省エネ シンプル 無地 洗える ウォッシャブル ドレープカーテン おしゃれ / 100×230cm / ユーカリグリーン / あり,4680,observed_per_sku_taxIncludedPrice_excludes_delivery_coupon,https://item.rakuten.co.jp/weimall/ct0/,704502086,331810175:row=5:col=13,＼ランキング1位／【選べる17サイズ】 カーテン 4枚セット 遮光 レースカーテンセット 1級 三層構造 形状記憶 遮熱 遮像 防寒 洗える 遮光カーテン UVカット 幅100 幅150 4枚 2枚 カーテンセット カーテン4枚組 ミラーレース 厚手 省エネ 防音 無地 送料無料 / 幅100×丈230cm(4枚組) / ユーカリグリーン,3980,observed_product_currentPrice_excludes_delivery_surcharge,https://wowma.jp/item/704502086
observed-ct0-with-au-sibling,ct0,CT01135SBH,【最大2000円OFFクーポン配布】カーテン 遮光 1級 2級 遮光カーテン 遮光率99.99% 幅100cm 幅150cm レースカーテンセット カーテンセット タッセル付き UVカット 厚手 断熱 遮熱 省エネ シンプル 無地 洗える ウォッシャブル ドレープカーテン おしゃれ / 100×135cm / サンドベージュ / なし,2480,observed_per_sku_taxIncludedPrice_excludes_delivery_coupon,https://item.rakuten.co.jp/weimall/ct0/,704500131,331814079:row=4:col=5,＼ランキング1位／ 【選べる17サイズ】 カーテン 2枚セット 遮光 1級 3層構造 形状記憶 遮熱 防寒 断熱 洗える 遮光カーテン 遮光率99.99% UVカット おしゃれ 幅100 幅150 2枚 カーテンセット カーテン2枚組 厚手 省エネ 無地 防音 ドレープカーテン 送料無料 / 幅100×丈135cm(2枚) / サンドベージュ,2980,observed_product_currentPrice_excludes_delivery_surcharge,https://wowma.jp/item/704500131
observed-ct0-with-au-sibling,ct0,CT01185NV,【最大2000円OFFクーポン配布】カーテン 遮光 1級 2級 遮光カーテン 遮光率99.99% 幅100cm 幅150cm レースカーテンセット カーテンセット タッセル付き UVカット 厚手 断熱 遮熱 省エネ シンプル 無地 洗える ウォッシャブル ドレープカーテン おしゃれ / 100×185cm / ノクターンネイビー / あり,3980,observed_per_sku_taxIncludedPrice_excludes_delivery_coupon,https://item.rakuten.co.jp/weimall/ct0/,704502086,331810175:row=6:col=8,＼ランキング1位／【選べる17サイズ】 カーテン 4枚セット 遮光 レースカーテンセット 1級 三層構造 形状記憶 遮熱 遮像 防寒 洗える 遮光カーテン UVカット 幅100 幅150 4枚 2枚 カーテンセット カーテン4枚組 ミラーレース 厚手 省エネ 防音 無地 送料無料 / 幅100×丈185cm(4枚組) / ノクターンネイビー,3980,observed_product_currentPrice_excludes_delivery_surcharge,https://wowma.jp/item/704502086
observed-ct0-with-au-sibling,ct0,CT01120BKH,【最大2000円OFFクーポン配布】カーテン 遮光 1級 2級 遮光カーテン 遮光率99.99% 幅100cm 幅150cm レースカーテンセット カーテンセット タッセル付き UVカット 厚手 断熱 遮熱 省エネ シンプル 無地 洗える ウォッシャブル ドレープカーテン おしゃれ / 100×120cm / コールブラック / なし,2380,observed_per_sku_taxIncludedPrice_excludes_delivery_coupon,https://item.rakuten.co.jp/weimall/ct0/,704500131,331814079:row=7:col=4,＼ランキング1位／ 【選べる17サイズ】 カーテン 2枚セット 遮光 1級 3層構造 形状記憶 遮熱 防寒 断熱 洗える 遮光カーテン 遮光率99.99% UVカット おしゃれ 幅100 幅150 2枚 カーテンセット カーテン2枚組 厚手 省エネ 無地 防音 ドレープカーテン 送料無料 / 幅100×丈120cm(2枚) / コールブラック,2980,observed_product_currentPrice_excludes_delivery_surcharge,https://wowma.jp/item/704500131
observed-ct0-with-au-sibling,ct0,CT01178GR,【最大2000円OFFクーポン配布】カーテン 遮光 1級 2級 遮光カーテン 遮光率99.99% 幅100cm 幅150cm レースカーテンセット カーテンセット タッセル付き UVカット 厚手 断熱 遮熱 省エネ シンプル 無地 洗える ウォッシャブル ドレープカーテン おしゃれ / 100×178cm / ユーカリグリーン / あり,3780,observed_per_sku_taxIncludedPrice_excludes_delivery_coupon,https://item.rakuten.co.jp/weimall/ct0/,704502086,331810175:row=5:col=7,＼ランキング1位／【選べる17サイズ】 カーテン 4枚セット 遮光 レースカーテンセット 1級 三層構造 形状記憶 遮熱 遮像 防寒 洗える 遮光カーテン UVカット 幅100 幅150 4枚 2枚 カーテンセット カーテン4枚組 ミラーレース 厚手 省エネ 防音 無地 送料無料 / 幅100×丈178cm(4枚組) / ユーカリグリーン,3980,observed_product_currentPrice_excludes_delivery_surcharge,https://wowma.jp/item/704502086
observed-ct0-with-au-sibling,ct0,CT01210BRH,【最大2000円OFFクーポン配布】カーテン 遮光 1級 2級 遮光カーテン 遮光率99.99% 幅100cm 幅150cm レースカーテンセット カーテンセット タッセル付き UVカット 厚手 断熱 遮熱 省エネ シンプル 無地 洗える ウォッシャブル ドレープカーテン おしゃれ / 100×210cm / カフェブラウン / なし,3280,observed_per_sku_taxIncludedPrice_excludes_delivery_coupon,https://item.rakuten.co.jp/weimall/ct0/,704500131,331814079:row=8:col=11,＼ランキング1位／ 【選べる17サイズ】 カーテン 2枚セット 遮光 1級 3層構造 形状記憶 遮熱 防寒 断熱 洗える 遮光カーテン 遮光率99.99% UVカット おしゃれ 幅100 幅150 2枚 カーテンセット カーテン2枚組 厚手 省エネ 無地 防音 ドレープカーテン 送料無料 / 幅100×丈210cm(2枚) / カフェブラウン,2980,observed_product_currentPrice_excludes_delivery_surcharge,https://wowma.jp/item/704500131
observed-ct0-with-au-sibling,ct0,CT01105GY,【最大2000円OFFクーポン配布】カーテン 遮光 1級 2級 遮光カーテン 遮光率99.99% 幅100cm 幅150cm レースカーテンセット カーテンセット タッセル付き UVカット 厚手 断熱 遮熱 省エネ シンプル 無地 洗える ウォッシャブル ドレープカーテン おしゃれ / 100×105cm / ライトグレー / あり,2980,observed_per_sku_taxIncludedPrice_excludes_delivery_coupon,https://item.rakuten.co.jp/weimall/ct0/,704502086,331810175:row=2:col=2,＼ランキング1位／【選べる17サイズ】 カーテン 4枚セット 遮光 レースカーテンセット 1級 三層構造 形状記憶 遮熱 遮像 防寒 洗える 遮光カーテン UVカット 幅100 幅150 4枚 2枚 カーテンセット カーテン4枚組 ミラーレース 厚手 省エネ 防音 無地 送料無料 / 幅100×丈105cm(4枚組) / ライトグレー,3980,observed_product_currentPrice_excludes_delivery_surcharge,https://wowma.jp/item/704502086
observed-ct0-with-au-sibling,ct0,CT01230GRH,【最大2000円OFFクーポン配布】カーテン 遮光 1級 2級 遮光カーテン 遮光率99.99% 幅100cm 幅150cm レースカーテンセット カーテンセット タッセル付き UVカット 厚手 断熱 遮熱 省エネ シンプル 無地 洗える ウォッシャブル ドレープカーテン おしゃれ / 100×230cm / ユーカリグリーン / なし,3580,observed_per_sku_taxIncludedPrice_excludes_delivery_coupon,https://item.rakuten.co.jp/weimall/ct0/,704500131,331814079:row=5:col=13,＼ランキング1位／ 【選べる17サイズ】 カーテン 2枚セット 遮光 1級 3層構造 形状記憶 遮熱 防寒 断熱 洗える 遮光カーテン 遮光率99.99% UVカット おしゃれ 幅100 幅150 2枚 カーテンセット カーテン2枚組 厚手 省エネ 無地 防音 ドレープカーテン 送料無料 / 幅100×丈230cm(2枚) / ユーカリグリーン,2980,observed_product_currentPrice_excludes_delivery_surcharge,https://wowma.jp/item/704500131
observed-ct0-with-au-sibling,ct0,CT0180SBH,【最大2000円OFFクーポン配布】カーテン 遮光 1級 2級 遮光カーテン 遮光率99.99% 幅100cm 幅150cm レースカーテンセット カーテンセット タッセル付き UVカット 厚手 断熱 遮熱 省エネ シンプル 無地 洗える ウォッシャブル ドレープカーテン おしゃれ / 100×80cm / サンドベージュ / なし,1940,observed_per_sku_taxIncludedPrice_excludes_delivery_coupon,https://item.rakuten.co.jp/weimall/ct0/,704500131,331814079:row=4:col=0,＼ランキング1位／ 【選べる17サイズ】 カーテン 2枚セット 遮光 1級 3層構造 形状記憶 遮熱 防寒 断熱 洗える 遮光カーテン 遮光率99.99% UVカット おしゃれ 幅100 幅150 2枚 カーテンセット カーテン2枚組 厚手 省エネ 無地 防音 ドレープカーテン 送料無料 / 幅100×丈80cm(2枚) / サンドベージュ,2980,observed_product_currentPrice_excludes_delivery_surcharge,https://wowma.jp/item/704500131
observed-ct0-with-au-sibling,ct0,CT01105BEH,【最大2000円OFFクーポン配布】カーテン 遮光 1級 2級 遮光カーテン 遮光率99.99% 幅100cm 幅150cm レースカーテンセット カーテンセット タッセル付き UVカット 厚手 断熱 遮熱 省エネ シンプル 無地 洗える ウォッシャブル ドレープカーテン おしゃれ / 100×105cm / ベージュ / なし,2150,observed_per_sku_taxIncludedPrice_excludes_delivery_coupon,https://item.rakuten.co.jp/weimall/ct0/,704500131,331814079:row=0:col=2,＼ランキング1位／ 【選べる17サイズ】 カーテン 2枚セット 遮光 1級 3層構造 形状記憶 遮熱 防寒 断熱 洗える 遮光カーテン 遮光率99.99% UVカット おしゃれ 幅100 幅150 2枚 カーテンセット カーテン2枚組 厚手 省エネ 無地 防音 ドレープカーテン 送料無料 / 幅100×丈105cm(2枚) / ベージュ,2980,observed_product_currentPrice_excludes_delivery_surcharge,https://wowma.jp/item/704500131
observed-ct0-with-au-sibling,ct0,CT01120GY,【最大2000円OFFクーポン配布】カーテン 遮光 1級 2級 遮光カーテン 遮光率99.99% 幅100cm 幅150cm レースカーテンセット カーテンセット タッセル付き UVカット 厚手 断熱 遮熱 省エネ シンプル 無地 洗える ウォッシャブル ドレープカーテン おしゃれ / 100×120cm / ライトグレー / あり,3280,observed_per_sku_taxIncludedPrice_excludes_delivery_coupon,https://item.rakuten.co.jp/weimall/ct0/,704502086,331810175:row=2:col=4,＼ランキング1位／【選べる17サイズ】 カーテン 4枚セット 遮光 レースカーテンセット 1級 三層構造 形状記憶 遮熱 遮像 防寒 洗える 遮光カーテン UVカット 幅100 幅150 4枚 2枚 カーテンセット カーテン4枚組 ミラーレース 厚手 省エネ 防音 無地 送料無料 / 幅100×丈120cm(4枚組) / ライトグレー,3980,observed_product_currentPrice_excludes_delivery_surcharge,https://wowma.jp/item/704502086
observed-ct0-with-au-sibling,ct0,CT01105CGH,【最大2000円OFFクーポン配布】カーテン 遮光 1級 2級 遮光カーテン 遮光率99.99% 幅100cm 幅150cm レースカーテンセット カーテンセット タッセル付き UVカット 厚手 断熱 遮熱 省エネ シンプル 無地 洗える ウォッシャブル ドレープカーテン おしゃれ / 100×105cm / アイスグレー / なし,2150,observed_per_sku_taxIncludedPrice_excludes_delivery_coupon,https://item.rakuten.co.jp/weimall/ct0/,704500131,331814079:row=1:col=2,＼ランキング1位／ 【選べる17サイズ】 カーテン 2枚セット 遮光 1級 3層構造 形状記憶 遮熱 防寒 断熱 洗える 遮光カーテン 遮光率99.99% UVカット おしゃれ 幅100 幅150 2枚 カーテンセット カーテン2枚組 厚手 省エネ 無地 防音 ドレープカーテン 送料無料 / 幅100×丈105cm(2枚) / アイスグレー,2980,observed_product_currentPrice_excludes_delivery_surcharge,https://wowma.jp/item/704500131
observed-ct0-with-au-sibling,ct0,CT01178GY,【最大2000円OFFクーポン配布】カーテン 遮光 1級 2級 遮光カーテン 遮光率99.99% 幅100cm 幅150cm レースカーテンセット カーテンセット タッセル付き UVカット 厚手 断熱 遮熱 省エネ シンプル 無地 洗える ウォッシャブル ドレープカーテン おしゃれ / 100×178cm / ライトグレー / あり,3780,observed_per_sku_taxIncludedPrice_excludes_delivery_coupon,https://item.rakuten.co.jp/weimall/ct0/,704502086,331810175:row=2:col=7,＼ランキング1位／【選べる17サイズ】 カーテン 4枚セット 遮光 レースカーテンセット 1級 三層構造 形状記憶 遮熱 遮像 防寒 洗える 遮光カーテン UVカット 幅100 幅150 4枚 2枚 カーテンセット カーテン4枚組 ミラーレース 厚手 省エネ 防音 無地 送料無料 / 幅100×丈178cm(4枚組) / ライトグレー,3980,observed_product_currentPrice_excludes_delivery_surcharge,https://wowma.jp/item/704502086
observed-ct0-with-au-sibling,ct0,CT01105GR,【最大2000円OFFクーポン配布】カーテン 遮光 1級 2級 遮光カーテン 遮光率99.99% 幅100cm 幅150cm レースカーテンセット カーテンセット タッセル付き UVカット 厚手 断熱 遮熱 省エネ シンプル 無地 洗える ウォッシャブル ドレープカーテン おしゃれ / 100×105cm / ユーカリグリーン / あり,2980,observed_per_sku_taxIncludedPrice_excludes_delivery_coupon,https://item.rakuten.co.jp/weimall/ct0/,704502086,331810175:row=5:col=2,＼ランキング1位／【選べる17サイズ】 カーテン 4枚セット 遮光 レースカーテンセット 1級 三層構造 形状記憶 遮熱 遮像 防寒 洗える 遮光カーテン UVカット 幅100 幅150 4枚 2枚 カーテンセット カーテン4枚組 ミラーレース 厚手 省エネ 防音 無地 送料無料 / 幅100×丈105cm(4枚組) / ユーカリグリーン,3980,observed_product_currentPrice_excludes_delivery_surcharge,https://wowma.jp/item/704502086
observed-ct0-with-au-sibling,ct0,CT0190BEH,【最大2000円OFFクーポン配布】カーテン 遮光 1級 2級 遮光カーテン 遮光率99.99% 幅100cm 幅150cm レースカーテンセット カーテンセット タッセル付き UVカット 厚手 断熱 遮熱 省エネ シンプル 無地 洗える ウォッシャブル ドレープカーテン おしゃれ / 100×90cm / ベージュ / なし,1980,observed_per_sku_taxIncludedPrice_excludes_delivery_coupon,https://item.rakuten.co.jp/weimall/ct0/,704500131,331814079:row=0:col=1,＼ランキング1位／ 【選べる17サイズ】 カーテン 2枚セット 遮光 1級 3層構造 形状記憶 遮熱 防寒 断熱 洗える 遮光カーテン 遮光率99.99% UVカット おしゃれ 幅100 幅150 2枚 カーテンセット カーテン2枚組 厚手 省エネ 無地 防音 ドレープカーテン 送料無料 / 幅100×丈90cm(2枚) / ベージュ,2980,observed_product_currentPrice_excludes_delivery_surcharge,https://wowma.jp/item/704500131
observed-ct0-with-au-sibling,ct0,CT0180GY,【最大2000円OFFクーポン配布】カーテン 遮光 1級 2級 遮光カーテン 遮光率99.99% 幅100cm 幅150cm レースカーテンセット カーテンセット タッセル付き UVカット 厚手 断熱 遮熱 省エネ シンプル 無地 洗える ウォッシャブル ドレープカーテン おしゃれ / 100×80cm / ライトグレー / あり,2780,observed_per_sku_taxIncludedPrice_excludes_delivery_coupon,https://item.rakuten.co.jp/weimall/ct0/,704502086,331810175:row=2:col=0,＼ランキング1位／【選べる17サイズ】 カーテン 4枚セット 遮光 レースカーテンセット 1級 三層構造 形状記憶 遮熱 遮像 防寒 洗える 遮光カーテン UVカット 幅100 幅150 4枚 2枚 カーテンセット カーテン4枚組 ミラーレース 厚手 省エネ 防音 無地 送料無料 / 幅100×丈80cm(4枚組) / ライトグレー,3980,observed_product_currentPrice_excludes_delivery_surcharge,https://wowma.jp/item/704502086
observed-ct0-with-au-sibling,ct0,CT02135GYH,【最大2000円OFFクーポン配布】カーテン 遮光 1級 2級 遮光カーテン 遮光率99.99% 幅100cm 幅150cm レースカーテンセット カーテンセット タッセル付き UVカット 厚手 断熱 遮熱 省エネ シンプル 無地 洗える ウォッシャブル ドレープカーテン おしゃれ / 150×135cm / ライトグレー / なし,2580,observed_per_sku_taxIncludedPrice_excludes_delivery_coupon,https://item.rakuten.co.jp/weimall/ct0/,704500131,331814079:row=2:col=14,＼ランキング1位／ 【選べる17サイズ】 カーテン 2枚セット 遮光 1級 3層構造 形状記憶 遮熱 防寒 断熱 洗える 遮光カーテン 遮光率99.99% UVカット おしゃれ 幅100 幅150 2枚 カーテンセット カーテン2枚組 厚手 省エネ 無地 防音 ドレープカーテン 送料無料 / 幅150×丈135cm(1枚) / ライトグレー,2980,observed_product_currentPrice_excludes_delivery_surcharge,https://wowma.jp/item/704500131
observed-ct0-with-au-sibling,ct0,CT0190CGH,【最大2000円OFFクーポン配布】カーテン 遮光 1級 2級 遮光カーテン 遮光率99.99% 幅100cm 幅150cm レースカーテンセット カーテンセット タッセル付き UVカット 厚手 断熱 遮熱 省エネ シンプル 無地 洗える ウォッシャブル ドレープカーテン おしゃれ / 100×90cm / アイスグレー / なし,1980,observed_per_sku_taxIncludedPrice_excludes_delivery_coupon,https://item.rakuten.co.jp/weimall/ct0/,704500131,331814079:row=1:col=1,＼ランキング1位／ 【選べる17サイズ】 カーテン 2枚セット 遮光 1級 3層構造 形状記憶 遮熱 防寒 断熱 洗える 遮光カーテン 遮光率99.99% UVカット おしゃれ 幅100 幅150 2枚 カーテンセット カーテン2枚組 厚手 省エネ 無地 防音 ドレープカーテン 送料無料 / 幅100×丈90cm(2枚) / アイスグレー,2980,observed_product_currentPrice_excludes_delivery_surcharge,https://wowma.jp/item/704500131
observed-ct0-with-au-sibling,ct0,CT01120GR,【最大2000円OFFクーポン配布】カーテン 遮光 1級 2級 遮光カーテン 遮光率99.99% 幅100cm 幅150cm レースカーテンセット カーテンセット タッセル付き UVカット 厚手 断熱 遮熱 省エネ シンプル 無地 洗える ウォッシャブル ドレープカーテン おしゃれ / 100×120cm / ユーカリグリーン / あり,3280,observed_per_sku_taxIncludedPrice_excludes_delivery_coupon,https://item.rakuten.co.jp/weimall/ct0/,704502086,331810175:row=5:col=4,＼ランキング1位／【選べる17サイズ】 カーテン 4枚セット 遮光 レースカーテンセット 1級 三層構造 形状記憶 遮熱 遮像 防寒 洗える 遮光カーテン UVカット 幅100 幅150 4枚 2枚 カーテンセット カーテン4枚組 ミラーレース 厚手 省エネ 防音 無地 送料無料 / 幅100×丈120cm(4枚組) / ユーカリグリーン,3980,observed_product_currentPrice_excludes_delivery_surcharge,https://wowma.jp/item/704502086
observed-ct0-with-au-sibling,ct0,CT01135NV,【最大2000円OFFクーポン配布】カーテン 遮光 1級 2級 遮光カーテン 遮光率99.99% 幅100cm 幅150cm レースカーテンセット カーテンセット タッセル付き UVカット 厚手 断熱 遮熱 省エネ シンプル 無地 洗える ウォッシャブル ドレープカーテン おしゃれ / 100×135cm / ノクターンネイビー / あり,3380,observed_per_sku_taxIncludedPrice_excludes_delivery_coupon,https://item.rakuten.co.jp/weimall/ct0/,704502086,331810175:row=6:col=5,＼ランキング1位／【選べる17サイズ】 カーテン 4枚セット 遮光 レースカーテンセット 1級 三層構造 形状記憶 遮熱 遮像 防寒 洗える 遮光カーテン UVカット 幅100 幅150 4枚 2枚 カーテンセット カーテン4枚組 ミラーレース 厚手 省エネ 防音 無地 送料無料 / 幅100×丈135cm(4枚組) / ノクターンネイビー,3980,observed_product_currentPrice_excludes_delivery_surcharge,https://wowma.jp/item/704502086
observed-ct0-with-au-sibling,ct0,CT01190BE,【最大2000円OFFクーポン配布】カーテン 遮光 1級 2級 遮光カーテン 遮光率99.99% 幅100cm 幅150cm レースカーテンセット カーテンセット タッセル付き UVカット 厚手 断熱 遮熱 省エネ シンプル 無地 洗える ウォッシャブル ドレープカーテン おしゃれ / 100×190cm / ベージュ / あり,4180,observed_per_sku_taxIncludedPrice_excludes_delivery_coupon,https://item.rakuten.co.jp/weimall/ct0/,704502086,331810175:row=0:col=9,＼ランキング1位／【選べる17サイズ】 カーテン 4枚セット 遮光 レースカーテンセット 1級 三層構造 形状記憶 遮熱 遮像 防寒 洗える 遮光カーテン UVカット 幅100 幅150 4枚 2枚 カーテンセット カーテン4枚組 ミラーレース 厚手 省エネ 防音 無地 送料無料 / 幅100×丈190cm(4枚組) / ベージュ,3980,observed_product_currentPrice_excludes_delivery_surcharge,https://wowma.jp/item/704502086
observed-ct0-with-au-sibling,ct0,CT02135GR,【最大2000円OFFクーポン配布】カーテン 遮光 1級 2級 遮光カーテン 遮光率99.99% 幅100cm 幅150cm レースカーテンセット カーテンセット タッセル付き UVカット 厚手 断熱 遮熱 省エネ シンプル 無地 洗える ウォッシャブル ドレープカーテン おしゃれ / 150×135cm / ユーカリグリーン / あり,3480,observed_per_sku_taxIncludedPrice_excludes_delivery_coupon,https://item.rakuten.co.jp/weimall/ct0/,704502086,331810175:row=5:col=14,＼ランキング1位／【選べる17サイズ】 カーテン 4枚セット 遮光 レースカーテンセット 1級 三層構造 形状記憶 遮熱 遮像 防寒 洗える 遮光カーテン UVカット 幅100 幅150 4枚 2枚 カーテンセット カーテン4枚組 ミラーレース 厚手 省エネ 防音 無地 送料無料 / 幅150×丈135cm(2枚組) / ユーカリグリーン,3980,observed_product_currentPrice_excludes_delivery_surcharge,https://wowma.jp/item/704502086
observed-ct0-with-au-sibling,ct0,CT0180GR,【最大2000円OFFクーポン配布】カーテン 遮光 1級 2級 遮光カーテン 遮光率99.99% 幅100cm 幅150cm レースカーテンセット カーテンセット タッセル付き UVカット 厚手 断熱 遮熱 省エネ シンプル 無地 洗える ウォッシャブル ドレープカーテン おしゃれ / 100×80cm / ユーカリグリーン / あり,2780,observed_per_sku_taxIncludedPrice_excludes_delivery_coupon,https://item.rakuten.co.jp/weimall/ct0/,704502086,331810175:row=5:col=0,＼ランキング1位／【選べる17サイズ】 カーテン 4枚セット 遮光 レースカーテンセット 1級 三層構造 形状記憶 遮熱 遮像 防寒 洗える 遮光カーテン UVカット 幅100 幅150 4枚 2枚 カーテンセット カーテン4枚組 ミラーレース 厚手 省エネ 防音 無地 送料無料 / 幅100×丈80cm(4枚組) / ユーカリグリーン,3980,observed_product_currentPrice_excludes_delivery_surcharge,https://wowma.jp/item/704502086
observed-ct0-with-au-sibling,ct0,CT01150NV,【最大2000円OFFクーポン配布】カーテン 遮光 1級 2級 遮光カーテン 遮光率99.99% 幅100cm 幅150cm レースカーテンセット カーテンセット タッセル付き UVカット 厚手 断熱 遮熱 省エネ シンプル 無地 洗える ウォッシャブル ドレープカーテン おしゃれ / 100×150cm / ノクターンネイビー / あり,3680,observed_per_sku_taxIncludedPrice_excludes_delivery_coupon,https://item.rakuten.co.jp/weimall/ct0/,704502086,331810175:row=6:col=6,＼ランキング1位／【選べる17サイズ】 カーテン 4枚セット 遮光 レースカーテンセット 1級 三層構造 形状記憶 遮熱 遮像 防寒 洗える 遮光カーテン UVカット 幅100 幅150 4枚 2枚 カーテンセット カーテン4枚組 ミラーレース 厚手 省エネ 防音 無地 送料無料 / 幅100×丈150cm(4枚組) / ノクターンネイビー,3980,observed_product_currentPrice_excludes_delivery_surcharge,https://wowma.jp/item/704502086
observed-ct0-with-au-sibling,ct0,CT01190BK,【最大2000円OFFクーポン配布】カーテン 遮光 1級 2級 遮光カーテン 遮光率99.99% 幅100cm 幅150cm レースカーテンセット カーテンセット タッセル付き UVカット 厚手 断熱 遮熱 省エネ シンプル 無地 洗える ウォッシャブル ドレープカーテン おしゃれ / 100×190cm / コールブラック / あり,4180,observed_per_sku_taxIncludedPrice_excludes_delivery_coupon,https://item.rakuten.co.jp/weimall/ct0/,704502086,331810175:row=7:col=9,＼ランキング1位／【選べる17サイズ】 カーテン 4枚セット 遮光 レースカーテンセット 1級 三層構造 形状記憶 遮熱 遮像 防寒 洗える 遮光カーテン UVカット 幅100 幅150 4枚 2枚 カーテンセット カーテン4枚組 ミラーレース 厚手 省エネ 防音 無地 送料無料 / 幅100×丈190cm(4枚組) / コールブラック,3980,observed_product_currentPrice_excludes_delivery_surcharge,https://wowma.jp/item/704502086
observed-ct0-with-au-sibling,ct0,CT0190BRH,【最大2000円OFFクーポン配布】カーテン 遮光 1級 2級 遮光カーテン 遮光率99.99% 幅100cm 幅150cm レースカーテンセット カーテンセット タッセル付き UVカット 厚手 断熱 遮熱 省エネ シンプル 無地 洗える ウォッシャブル ドレープカーテン おしゃれ / 100×90cm / カフェブラウン / なし,1980,observed_per_sku_taxIncludedPrice_excludes_delivery_coupon,https://item.rakuten.co.jp/weimall/ct0/,704500131,331814079:row=8:col=1,＼ランキング1位／ 【選べる17サイズ】 カーテン 2枚セット 遮光 1級 3層構造 形状記憶 遮熱 防寒 断熱 洗える 遮光カーテン 遮光率99.99% UVカット おしゃれ 幅100 幅150 2枚 カーテンセット カーテン2枚組 厚手 省エネ 無地 防音 ドレープカーテン 送料無料 / 幅100×丈90cm(2枚) / カフェブラウン,2980,observed_product_currentPrice_excludes_delivery_surcharge,https://wowma.jp/item/704500131
observed-ct0-with-au-sibling,ct0,CT01200NVH,【最大2000円OFFクーポン配布】カーテン 遮光 1級 2級 遮光カーテン 遮光率99.99% 幅100cm 幅150cm レースカーテンセット カーテンセット タッセル付き UVカット 厚手 断熱 遮熱 省エネ シンプル 無地 洗える ウォッシャブル ドレープカーテン おしゃれ / 100×200cm / ノクターンネイビー / なし,2980,observed_per_sku_taxIncludedPrice_excludes_delivery_coupon,https://item.rakuten.co.jp/weimall/ct0/,704500131,331814079:row=6:col=10,＼ランキング1位／ 【選べる17サイズ】 カーテン 2枚セット 遮光 1級 3層構造 形状記憶 遮熱 防寒 断熱 洗える 遮光カーテン 遮光率99.99% UVカット おしゃれ 幅100 幅150 2枚 カーテンセット カーテン2枚組 厚手 省エネ 無地 防音 ドレープカーテン 送料無料 / 幅100×丈200cm(2枚) / ノクターンネイビー,2980,observed_product_currentPrice_excludes_delivery_surcharge,https://wowma.jp/item/704500131
observed-ct0-with-au-sibling,ct0,CT02178SG,【最大2000円OFFクーポン配布】カーテン 遮光 1級 2級 遮光カーテン 遮光率99.99% 幅100cm 幅150cm レースカーテンセット カーテンセット タッセル付き UVカット 厚手 断熱 遮熱 省エネ シンプル 無地 洗える ウォッシャブル ドレープカーテン おしゃれ / 150×178cm / スモークグレー / あり,3880,observed_per_sku_taxIncludedPrice_excludes_delivery_coupon,https://item.rakuten.co.jp/weimall/ct0/,704502086,331810175:row=3:col=15,＼ランキング1位／【選べる17サイズ】 カーテン 4枚セット 遮光 レースカーテンセット 1級 三層構造 形状記憶 遮熱 遮像 防寒 洗える 遮光カーテン UVカット 幅100 幅150 4枚 2枚 カーテンセット カーテン4枚組 ミラーレース 厚手 省エネ 防音 無地 送料無料 / 幅150×丈178cm(2枚組) / スモークグレー,3980,observed_product_currentPrice_excludes_delivery_surcharge,https://wowma.jp/item/704502086
observed-ct0-with-au-sibling,ct0,CT01110SGH,【最大2000円OFFクーポン配布】カーテン 遮光 1級 2級 遮光カーテン 遮光率99.99% 幅100cm 幅150cm レースカーテンセット カーテンセット タッセル付き UVカット 厚手 断熱 遮熱 省エネ シンプル 無地 洗える ウォッシャブル ドレープカーテン おしゃれ / 100×110cm / スモークグレー / なし,2180,observed_per_sku_taxIncludedPrice_excludes_delivery_coupon,https://item.rakuten.co.jp/weimall/ct0/,704500131,331814079:row=3:col=3,＼ランキング1位／ 【選べる17サイズ】 カーテン 2枚セット 遮光 1級 3層構造 形状記憶 遮熱 防寒 断熱 洗える 遮光カーテン 遮光率99.99% UVカット おしゃれ 幅100 幅150 2枚 カーテンセット カーテン2枚組 厚手 省エネ 無地 防音 ドレープカーテン 送料無料 / 幅100×丈110cm(2枚) / スモークグレー,2980,observed_product_currentPrice_excludes_delivery_surcharge,https://wowma.jp/item/704500131
observed-ct0-with-au-sibling,ct0,CT01230BKH,【最大2000円OFFクーポン配布】カーテン 遮光 1級 2級 遮光カーテン 遮光率99.99% 幅100cm 幅150cm レースカーテンセット カーテンセット タッセル付き UVカット 厚手 断熱 遮熱 省エネ シンプル 無地 洗える ウォッシャブル ドレープカーテン おしゃれ / 100×230cm / コールブラック / なし,3580,observed_per_sku_taxIncludedPrice_excludes_delivery_coupon,https://item.rakuten.co.jp/weimall/ct0/,704500131,331814079:row=7:col=13,＼ランキング1位／ 【選べる17サイズ】 カーテン 2枚セット 遮光 1級 3層構造 形状記憶 遮熱 防寒 断熱 洗える 遮光カーテン 遮光率99.99% UVカット おしゃれ 幅100 幅150 2枚 カーテンセット カーテン2枚組 厚手 省エネ 無地 防音 ドレープカーテン 送料無料 / 幅100×丈230cm(2枚) / コールブラック,2980,observed_product_currentPrice_excludes_delivery_surcharge,https://wowma.jp/item/704500131
observed-ct0-with-au-sibling,ct0,CT01110GY,【最大2000円OFFクーポン配布】カーテン 遮光 1級 2級 遮光カーテン 遮光率99.99% 幅100cm 幅150cm レースカーテンセット カーテンセット タッセル付き UVカット 厚手 断熱 遮熱 省エネ シンプル 無地 洗える ウォッシャブル ドレープカーテン おしゃれ / 100×110cm / ライトグレー / あり,3180,observed_per_sku_taxIncludedPrice_excludes_delivery_coupon,https://item.rakuten.co.jp/weimall/ct0/,704502086,331810175:row=2:col=3,＼ランキング1位／【選べる17サイズ】 カーテン 4枚セット 遮光 レースカーテンセット 1級 三層構造 形状記憶 遮熱 遮像 防寒 洗える 遮光カーテン UVカット 幅100 幅150 4枚 2枚 カーテンセット カーテン4枚組 ミラーレース 厚手 省エネ 防音 無地 送料無料 / 幅100×丈110cm(4枚組) / ライトグレー,3980,observed_product_currentPrice_excludes_delivery_surcharge,https://wowma.jp/item/704502086
observed-ct0-with-au-sibling,ct0,CT01200GYH,【最大2000円OFFクーポン配布】カーテン 遮光 1級 2級 遮光カーテン 遮光率99.99% 幅100cm 幅150cm レースカーテンセット カーテンセット タッセル付き UVカット 厚手 断熱 遮熱 省エネ シンプル 無地 洗える ウォッシャブル ドレープカーテン おしゃれ / 100×200cm / ライトグレー / なし,2980,observed_per_sku_taxIncludedPrice_excludes_delivery_coupon,https://item.rakuten.co.jp/weimall/ct0/,704500131,331814079:row=2:col=10,＼ランキング1位／ 【選べる17サイズ】 カーテン 2枚セット 遮光 1級 3層構造 形状記憶 遮熱 防寒 断熱 洗える 遮光カーテン 遮光率99.99% UVカット おしゃれ 幅100 幅150 2枚 カーテンセット カーテン2枚組 厚手 省エネ 無地 防音 ドレープカーテン 送料無料 / 幅100×丈200cm(2枚) / ライトグレー,2980,observed_product_currentPrice_excludes_delivery_surcharge,https://wowma.jp/item/704500131
observed-ct0-with-au-sibling,ct0,CT01110GR,【最大2000円OFFクーポン配布】カーテン 遮光 1級 2級 遮光カーテン 遮光率99.99% 幅100cm 幅150cm レースカーテンセット カーテンセット タッセル付き UVカット 厚手 断熱 遮熱 省エネ シンプル 無地 洗える ウォッシャブル ドレープカーテン おしゃれ / 100×110cm / ユーカリグリーン / あり,3180,observed_per_sku_taxIncludedPrice_excludes_delivery_coupon,https://item.rakuten.co.jp/weimall/ct0/,704502086,331810175:row=5:col=3,＼ランキング1位／【選べる17サイズ】 カーテン 4枚セット 遮光 レースカーテンセット 1級 三層構造 形状記憶 遮熱 遮像 防寒 洗える 遮光カーテン UVカット 幅100 幅150 4枚 2枚 カーテンセット カーテン4枚組 ミラーレース 厚手 省エネ 防音 無地 送料無料 / 幅100×丈110cm(4枚組) / ユーカリグリーン,3980,observed_product_currentPrice_excludes_delivery_surcharge,https://wowma.jp/item/704502086
observed-ct0-with-au-sibling,ct0,CT02200GRH,【最大2000円OFFクーポン配布】カーテン 遮光 1級 2級 遮光カーテン 遮光率99.99% 幅100cm 幅150cm レースカーテンセット カーテンセット タッセル付き UVカット 厚手 断熱 遮熱 省エネ シンプル 無地 洗える ウォッシャブル ドレープカーテン おしゃれ / 150×200cm / ユーカリグリーン / なし,2680,observed_per_sku_taxIncludedPrice_excludes_delivery_coupon,https://item.rakuten.co.jp/weimall/ct0/,704500131,331814079:row=5:col=16,＼ランキング1位／ 【選べる17サイズ】 カーテン 2枚セット 遮光 1級 3層構造 形状記憶 遮熱 防寒 断熱 洗える 遮光カーテン 遮光率99.99% UVカット おしゃれ 幅100 幅150 2枚 カーテンセット カーテン2枚組 厚手 省エネ 無地 防音 ドレープカーテン 送料無料 / 幅150×丈200cm(1枚) / ユーカリグリーン,2980,observed_product_currentPrice_excludes_delivery_surcharge,https://wowma.jp/item/704500131
observed-ct0-with-au-sibling,ct0,CT0190GY,【最大2000円OFFクーポン配布】カーテン 遮光 1級 2級 遮光カーテン 遮光率99.99% 幅100cm 幅150cm レースカーテンセット カーテンセット タッセル付き UVカット 厚手 断熱 遮熱 省エネ シンプル 無地 洗える ウォッシャブル ドレープカーテン おしゃれ / 100×90cm / ライトグレー / あり,2880,observed_per_sku_taxIncludedPrice_excludes_delivery_coupon,https://item.rakuten.co.jp/weimall/ct0/,704502086,331810175:row=2:col=1,＼ランキング1位／【選べる17サイズ】 カーテン 4枚セット 遮光 レースカーテンセット 1級 三層構造 形状記憶 遮熱 遮像 防寒 洗える 遮光カーテン UVカット 幅100 幅150 4枚 2枚 カーテンセット カーテン4枚組 ミラーレース 厚手 省エネ 防音 無地 送料無料 / 幅100×丈90cm(4枚組) / ライトグレー,3980,observed_product_currentPrice_excludes_delivery_surcharge,https://wowma.jp/item/704502086
observed-ct0-with-au-sibling,ct0,CT0180NVH,【最大2000円OFFクーポン配布】カーテン 遮光 1級 2級 遮光カーテン 遮光率99.99% 幅100cm 幅150cm レースカーテンセット カーテンセット タッセル付き UVカット 厚手 断熱 遮熱 省エネ シンプル 無地 洗える ウォッシャブル ドレープカーテン おしゃれ / 100×80cm / ノクターンネイビー / なし,1940,observed_per_sku_taxIncludedPrice_excludes_delivery_coupon,https://item.rakuten.co.jp/weimall/ct0/,704500131,331814079:row=6:col=0,＼ランキング1位／ 【選べる17サイズ】 カーテン 2枚セット 遮光 1級 3層構造 形状記憶 遮熱 防寒 断熱 洗える 遮光カーテン 遮光率99.99% UVカット おしゃれ 幅100 幅150 2枚 カーテンセット カーテン2枚組 厚手 省エネ 無地 防音 ドレープカーテン 送料無料 / 幅100×丈80cm(2枚) / ノクターンネイビー,2980,observed_product_currentPrice_excludes_delivery_surcharge,https://wowma.jp/item/704500131
observed-ct0-with-au-sibling,ct0,CT02178BE,【最大2000円OFFクーポン配布】カーテン 遮光 1級 2級 遮光カーテン 遮光率99.99% 幅100cm 幅150cm レースカーテンセット カーテンセット タッセル付き UVカット 厚手 断熱 遮熱 省エネ シンプル 無地 洗える ウォッシャブル ドレープカーテン おしゃれ / 150×178cm / ベージュ / あり,3880,observed_per_sku_taxIncludedPrice_excludes_delivery_coupon,https://item.rakuten.co.jp/weimall/ct0/,704502086,331810175:row=0:col=15,＼ランキング1位／【選べる17サイズ】 カーテン 4枚セット 遮光 レースカーテンセット 1級 三層構造 形状記憶 遮熱 遮像 防寒 洗える 遮光カーテン UVカット 幅100 幅150 4枚 2枚 カーテンセット カーテン4枚組 ミラーレース 厚手 省エネ 防音 無地 送料無料 / 幅150×丈178cm(2枚組) / ベージュ,3980,observed_product_currentPrice_excludes_delivery_surcharge,https://wowma.jp/item/704502086
observed-ct0-with-au-sibling,ct0,CT01110BEH,【最大2000円OFFクーポン配布】カーテン 遮光 1級 2級 遮光カーテン 遮光率99.99% 幅100cm 幅150cm レースカーテンセット カーテンセット タッセル付き UVカット 厚手 断熱 遮熱 省エネ シンプル 無地 洗える ウォッシャブル ドレープカーテン おしゃれ / 100×110cm / ベージュ / なし,2180,observed_per_sku_taxIncludedPrice_excludes_delivery_coupon,https://item.rakuten.co.jp/weimall/ct0/,704500131,331814079:row=0:col=3,＼ランキング1位／ 【選べる17サイズ】 カーテン 2枚セット 遮光 1級 3層構造 形状記憶 遮熱 防寒 断熱 洗える 遮光カーテン 遮光率99.99% UVカット おしゃれ 幅100 幅150 2枚 カーテンセット カーテン2枚組 厚手 省エネ 無地 防音 ドレープカーテン 送料無料 / 幅100×丈110cm(2枚) / ベージュ,2980,observed_product_currentPrice_excludes_delivery_surcharge,https://wowma.jp/item/704500131
observed-ct0-with-au-sibling,ct0,CT02178BR,【最大2000円OFFクーポン配布】カーテン 遮光 1級 2級 遮光カーテン 遮光率99.99% 幅100cm 幅150cm レースカーテンセット カーテンセット タッセル付き UVカット 厚手 断熱 遮熱 省エネ シンプル 無地 洗える ウォッシャブル ドレープカーテン おしゃれ / 150×178cm / カフェブラウン / あり,3880,observed_per_sku_taxIncludedPrice_excludes_delivery_coupon,https://item.rakuten.co.jp/weimall/ct0/,704502086,331810175:row=8:col=15,＼ランキング1位／【選べる17サイズ】 カーテン 4枚セット 遮光 レースカーテンセット 1級 三層構造 形状記憶 遮熱 遮像 防寒 洗える 遮光カーテン UVカット 幅100 幅150 4枚 2枚 カーテンセット カーテン4枚組 ミラーレース 厚手 省エネ 防音 無地 送料無料 / 幅150×丈178cm(2枚組) / カフェブラウン,3980,observed_product_currentPrice_excludes_delivery_surcharge,https://wowma.jp/item/704502086
observed-ct0-with-au-sibling,ct0,CT02178SB,【最大2000円OFFクーポン配布】カーテン 遮光 1級 2級 遮光カーテン 遮光率99.99% 幅100cm 幅150cm レースカーテンセット カーテンセット タッセル付き UVカット 厚手 断熱 遮熱 省エネ シンプル 無地 洗える ウォッシャブル ドレープカーテン おしゃれ / 150×178cm / サンドベージュ / あり,3880,observed_per_sku_taxIncludedPrice_excludes_delivery_coupon,https://item.rakuten.co.jp/weimall/ct0/,704502086,331810175:row=4:col=15,＼ランキング1位／【選べる17サイズ】 カーテン 4枚セット 遮光 レースカーテンセット 1級 三層構造 形状記憶 遮熱 遮像 防寒 洗える 遮光カーテン UVカット 幅100 幅150 4枚 2枚 カーテンセット カーテン4枚組 ミラーレース 厚手 省エネ 防音 無地 送料無料 / 幅150×丈178cm(2枚組) / サンドベージュ,3980,observed_product_currentPrice_excludes_delivery_surcharge,https://wowma.jp/item/704502086
observed-ct0-with-au-sibling,ct0,CT01110CGH,【最大2000円OFFクーポン配布】カーテン 遮光 1級 2級 遮光カーテン 遮光率99.99% 幅100cm 幅150cm レースカーテンセット カーテンセット タッセル付き UVカット 厚手 断熱 遮熱 省エネ シンプル 無地 洗える ウォッシャブル ドレープカーテン おしゃれ / 100×110cm / アイスグレー / なし,2180,observed_per_sku_taxIncludedPrice_excludes_delivery_coupon,https://item.rakuten.co.jp/weimall/ct0/,704500131,331814079:row=1:col=3,＼ランキング1位／ 【選べる17サイズ】 カーテン 2枚セット 遮光 1級 3層構造 形状記憶 遮熱 防寒 断熱 洗える 遮光カーテン 遮光率99.99% UVカット おしゃれ 幅100 幅150 2枚 カーテンセット カーテン2枚組 厚手 省エネ 無地 防音 ドレープカーテン 送料無料 / 幅100×丈110cm(2枚) / アイスグレー,2980,observed_product_currentPrice_excludes_delivery_surcharge,https://wowma.jp/item/704500131
observed-ct0-with-au-sibling,ct0,CT0190GR,【最大2000円OFFクーポン配布】カーテン 遮光 1級 2級 遮光カーテン 遮光率99.99% 幅100cm 幅150cm レースカーテンセット カーテンセット タッセル付き UVカット 厚手 断熱 遮熱 省エネ シンプル 無地 洗える ウォッシャブル ドレープカーテン おしゃれ / 100×90cm / ユーカリグリーン / あり,2880,observed_per_sku_taxIncludedPrice_excludes_delivery_coupon,https://item.rakuten.co.jp/weimall/ct0/,704502086,331810175:row=5:col=1,＼ランキング1位／【選べる17サイズ】 カーテン 4枚セット 遮光 レースカーテンセット 1級 三層構造 形状記憶 遮熱 遮像 防寒 洗える 遮光カーテン UVカット 幅100 幅150 4枚 2枚 カーテンセット カーテン4枚組 ミラーレース 厚手 省エネ 防音 無地 送料無料 / 幅100×丈90cm(4枚組) / ユーカリグリーン,3980,observed_product_currentPrice_excludes_delivery_surcharge,https://wowma.jp/item/704502086
observed-ct0-with-au-sibling,ct0,CT01220GRH,【最大2000円OFFクーポン配布】カーテン 遮光 1級 2級 遮光カーテン 遮光率99.99% 幅100cm 幅150cm レースカーテンセット カーテンセット タッセル付き UVカット 厚手 断熱 遮熱 省エネ シンプル 無地 洗える ウォッシャブル ドレープカーテン おしゃれ / 100×220cm / ユーカリグリーン / なし,3380,observed_per_sku_taxIncludedPrice_excludes_delivery_coupon,https://item.rakuten.co.jp/weimall/ct0/,704500131,331814079:row=5:col=12,＼ランキング1位／ 【選べる17サイズ】 カーテン 2枚セット 遮光 1級 3層構造 形状記憶 遮熱 防寒 断熱 洗える 遮光カーテン 遮光率99.99% UVカット おしゃれ 幅100 幅150 2枚 カーテンセット カーテン2枚組 厚手 省エネ 無地 防音 ドレープカーテン 送料無料 / 幅100×丈220cm(2枚) / ユーカリグリーン,2980,observed_product_currentPrice_excludes_delivery_surcharge,https://wowma.jp/item/704500131
observed-ct0-with-au-sibling,ct0,CT01200NV,【最大2000円OFFクーポン配布】カーテン 遮光 1級 2級 遮光カーテン 遮光率99.99% 幅100cm 幅150cm レースカーテンセット カーテンセット タッセル付き UVカット 厚手 断熱 遮熱 省エネ シンプル 無地 洗える ウォッシャブル ドレープカーテン おしゃれ / 100×200cm / ノクターンネイビー / あり,4280,observed_per_sku_taxIncludedPrice_excludes_delivery_coupon,https://item.rakuten.co.jp/weimall/ct0/,704502086,331810175:row=6:col=10,＼ランキング1位／【選べる17サイズ】 カーテン 4枚セット 遮光 レースカーテンセット 1級 三層構造 形状記憶 遮熱 遮像 防寒 洗える 遮光カーテン UVカット 幅100 幅150 4枚 2枚 カーテンセット カーテン4枚組 ミラーレース 厚手 省エネ 防音 無地 送料無料 / 幅100×丈200cm(4枚組) / ノクターンネイビー,3980,observed_product_currentPrice_excludes_delivery_surcharge,https://wowma.jp/item/704502086
observed-ct0-with-au-sibling,ct0,CT01135GYH,【最大2000円OFFクーポン配布】カーテン 遮光 1級 2級 遮光カーテン 遮光率99.99% 幅100cm 幅150cm レースカーテンセット カーテンセット タッセル付き UVカット 厚手 断熱 遮熱 省エネ シンプル 無地 洗える ウォッシャブル ドレープカーテン おしゃれ / 100×135cm / ライトグレー / なし,2480,observed_per_sku_taxIncludedPrice_excludes_delivery_coupon,https://item.rakuten.co.jp/weimall/ct0/,704500131,331814079:row=2:col=5,＼ランキング1位／ 【選べる17サイズ】 カーテン 2枚セット 遮光 1級 3層構造 形状記憶 遮熱 防寒 断熱 洗える 遮光カーテン 遮光率99.99% UVカット おしゃれ 幅100 幅150 2枚 カーテンセット カーテン2枚組 厚手 省エネ 無地 防音 ドレープカーテン 送料無料 / 幅100×丈135cm(2枚) / ライトグレー,2980,observed_product_currentPrice_excludes_delivery_surcharge,https://wowma.jp/item/704500131
observed-ct0-with-au-sibling,ct0,CT0180GYH,【最大2000円OFFクーポン配布】カーテン 遮光 1級 2級 遮光カーテン 遮光率99.99% 幅100cm 幅150cm レースカーテンセット カーテンセット タッセル付き UVカット 厚手 断熱 遮熱 省エネ シンプル 無地 洗える ウォッシャブル ドレープカーテン おしゃれ / 100×80cm / ライトグレー / なし,1940,observed_per_sku_taxIncludedPrice_excludes_delivery_coupon,https://item.rakuten.co.jp/weimall/ct0/,704500131,331814079:row=2:col=0,＼ランキング1位／ 【選べる17サイズ】 カーテン 2枚セット 遮光 1級 3層構造 形状記憶 遮熱 防寒 断熱 洗える 遮光カーテン 遮光率99.99% UVカット おしゃれ 幅100 幅150 2枚 カーテンセット カーテン2枚組 厚手 省エネ 無地 防音 ドレープカーテン 送料無料 / 幅100×丈80cm(2枚) / ライトグレー,2980,observed_product_currentPrice_excludes_delivery_surcharge,https://wowma.jp/item/704500131
observed-ct0-with-au-sibling,ct0,CT02178CG,【最大2000円OFFクーポン配布】カーテン 遮光 1級 2級 遮光カーテン 遮光率99.99% 幅100cm 幅150cm レースカーテンセット カーテンセット タッセル付き UVカット 厚手 断熱 遮熱 省エネ シンプル 無地 洗える ウォッシャブル ドレープカーテン おしゃれ / 150×178cm / アイスグレー / あり,3880,observed_per_sku_taxIncludedPrice_excludes_delivery_coupon,https://item.rakuten.co.jp/weimall/ct0/,704502086,331810175:row=1:col=15,＼ランキング1位／【選べる17サイズ】 カーテン 4枚セット 遮光 レースカーテンセット 1級 三層構造 形状記憶 遮熱 遮像 防寒 洗える 遮光カーテン UVカット 幅100 幅150 4枚 2枚 カーテンセット カーテン4枚組 ミラーレース 厚手 省エネ 防音 無地 送料無料 / 幅150×丈178cm(2枚組) / アイスグレー,3980,observed_product_currentPrice_excludes_delivery_surcharge,https://wowma.jp/item/704502086
observed-ct0-with-au-sibling,ct0,CT01185CG,【最大2000円OFFクーポン配布】カーテン 遮光 1級 2級 遮光カーテン 遮光率99.99% 幅100cm 幅150cm レースカーテンセット カーテンセット タッセル付き UVカット 厚手 断熱 遮熱 省エネ シンプル 無地 洗える ウォッシャブル ドレープカーテン おしゃれ / 100×185cm / アイスグレー / あり,3980,observed_per_sku_taxIncludedPrice_excludes_delivery_coupon,https://item.rakuten.co.jp/weimall/ct0/,704502086,331810175:row=1:col=8,＼ランキング1位／【選べる17サイズ】 カーテン 4枚セット 遮光 レースカーテンセット 1級 三層構造 形状記憶 遮熱 遮像 防寒 洗える 遮光カーテン UVカット 幅100 幅150 4枚 2枚 カーテンセット カーテン4枚組 ミラーレース 厚手 省エネ 防音 無地 送料無料 / 幅100×丈185cm(4枚組) / アイスグレー,3980,observed_product_currentPrice_excludes_delivery_surcharge,https://wowma.jp/item/704502086
observed-ct0-with-au-sibling,ct0,CT01150BE,【最大2000円OFFクーポン配布】カーテン 遮光 1級 2級 遮光カーテン 遮光率99.99% 幅100cm 幅150cm レースカーテンセット カーテンセット タッセル付き UVカット 厚手 断熱 遮熱 省エネ シンプル 無地 洗える ウォッシャブル ドレープカーテン おしゃれ / 100×150cm / ベージュ / あり,3680,observed_per_sku_taxIncludedPrice_excludes_delivery_coupon,https://item.rakuten.co.jp/weimall/ct0/,704502086,331810175:row=0:col=6,＼ランキング1位／【選べる17サイズ】 カーテン 4枚セット 遮光 レースカーテンセット 1級 三層構造 形状記憶 遮熱 遮像 防寒 洗える 遮光カーテン UVカット 幅100 幅150 4枚 2枚 カーテンセット カーテン4枚組 ミラーレース 厚手 省エネ 防音 無地 送料無料 / 幅100×丈150cm(4枚組) / ベージュ,3980,observed_product_currentPrice_excludes_delivery_surcharge,https://wowma.jp/item/704502086
observed-ct0-with-au-sibling,ct0,CT01210BK,【最大2000円OFFクーポン配布】カーテン 遮光 1級 2級 遮光カーテン 遮光率99.99% 幅100cm 幅150cm レースカーテンセット カーテンセット タッセル付き UVカット 厚手 断熱 遮熱 省エネ シンプル 無地 洗える ウォッシャブル ドレープカーテン おしゃれ / 100×210cm / コールブラック / あり,4380,observed_per_sku_taxIncludedPrice_excludes_delivery_coupon,https://item.rakuten.co.jp/weimall/ct0/,704502086,331810175:row=7:col=11,＼ランキング1位／【選べる17サイズ】 カーテン 4枚セット 遮光 レースカーテンセット 1級 三層構造 形状記憶 遮熱 遮像 防寒 洗える 遮光カーテン UVカット 幅100 幅150 4枚 2枚 カーテンセット カーテン4枚組 ミラーレース 厚手 省エネ 防音 無地 送料無料 / 幅100×丈210cm(4枚組) / コールブラック,3980,observed_product_currentPrice_excludes_delivery_surcharge,https://wowma.jp/item/704502086
observed-ct0-with-au-sibling,ct0,CT01210SB,【最大2000円OFFクーポン配布】カーテン 遮光 1級 2級 遮光カーテン 遮光率99.99% 幅100cm 幅150cm レースカーテンセット カーテンセット タッセル付き UVカット 厚手 断熱 遮熱 省エネ シンプル 無地 洗える ウォッシャブル ドレープカーテン おしゃれ / 100×210cm / サンドベージュ / あり,4380,observed_per_sku_taxIncludedPrice_excludes_delivery_coupon,https://item.rakuten.co.jp/weimall/ct0/,704502086,331810175:row=4:col=11,＼ランキング1位／【選べる17サイズ】 カーテン 4枚セット 遮光 レースカーテンセット 1級 三層構造 形状記憶 遮熱 遮像 防寒 洗える 遮光カーテン UVカット 幅100 幅150 4枚 2枚 カーテンセット カーテン4枚組 ミラーレース 厚手 省エネ 防音 無地 送料無料 / 幅100×丈210cm(4枚組) / サンドベージュ,3980,observed_product_currentPrice_excludes_delivery_surcharge,https://wowma.jp/item/704502086
observed-ct0-with-au-sibling,ct0,CT02200NV,【最大2000円OFFクーポン配布】カーテン 遮光 1級 2級 遮光カーテン 遮光率99.99% 幅100cm 幅150cm レースカーテンセット カーテンセット タッセル付き UVカット 厚手 断熱 遮熱 省エネ シンプル 無地 洗える ウォッシャブル ドレープカーテン おしゃれ / 150×200cm / ノクターンネイビー / あり,3880,observed_per_sku_taxIncludedPrice_excludes_delivery_coupon,https://item.rakuten.co.jp/weimall/ct0/,704502086,331810175:row=6:col=16,＼ランキング1位／【選べる17サイズ】 カーテン 4枚セット 遮光 レースカーテンセット 1級 三層構造 形状記憶 遮熱 遮像 防寒 洗える 遮光カーテン UVカット 幅100 幅150 4枚 2枚 カーテンセット カーテン4枚組 ミラーレース 厚手 省エネ 防音 無地 送料無料 / 幅150×丈200cm(2枚組) / ノクターンネイビー,3980,observed_product_currentPrice_excludes_delivery_surcharge,https://wowma.jp/item/704502086
observed-ct0-with-au-sibling,ct0,CT01210BE,【最大2000円OFFクーポン配布】カーテン 遮光 1級 2級 遮光カーテン 遮光率99.99% 幅100cm 幅150cm レースカーテンセット カーテンセット タッセル付き UVカット 厚手 断熱 遮熱 省エネ シンプル 無地 洗える ウォッシャブル ドレープカーテン おしゃれ / 100×210cm / ベージュ / あり,4380,observed_per_sku_taxIncludedPrice_excludes_delivery_coupon,https://item.rakuten.co.jp/weimall/ct0/,704502086,331810175:row=0:col=11,＼ランキング1位／【選べる17サイズ】 カーテン 4枚セット 遮光 レースカーテンセット 1級 三層構造 形状記憶 遮熱 遮像 防寒 洗える 遮光カーテン UVカット 幅100 幅150 4枚 2枚 カーテンセット カーテン4枚組 ミラーレース 厚手 省エネ 防音 無地 送料無料 / 幅100×丈210cm(4枚組) / ベージュ,3980,observed_product_currentPrice_excludes_delivery_surcharge,https://wowma.jp/item/704502086
observed-ct0-with-au-sibling,ct0,CT01150SGH,【最大2000円OFFクーポン配布】カーテン 遮光 1級 2級 遮光カーテン 遮光率99.99% 幅100cm 幅150cm レースカーテンセット カーテンセット タッセル付き UVカット 厚手 断熱 遮熱 省エネ シンプル 無地 洗える ウォッシャブル ドレープカーテン おしゃれ / 100×150cm / スモークグレー / なし,2580,observed_per_sku_taxIncludedPrice_excludes_delivery_coupon,https://item.rakuten.co.jp/weimall/ct0/,704500131,331814079:row=3:col=6,＼ランキング1位／ 【選べる17サイズ】 カーテン 2枚セット 遮光 1級 3層構造 形状記憶 遮熱 防寒 断熱 洗える 遮光カーテン 遮光率99.99% UVカット おしゃれ 幅100 幅150 2枚 カーテンセット カーテン2枚組 厚手 省エネ 無地 防音 ドレープカーテン 送料無料 / 幅100×丈150cm(2枚) / スモークグレー,2980,observed_product_currentPrice_excludes_delivery_surcharge,https://wowma.jp/item/704500131
observed-ct0-with-au-sibling,ct0,CT02200BEH,【最大2000円OFFクーポン配布】カーテン 遮光 1級 2級 遮光カーテン 遮光率99.99% 幅100cm 幅150cm レースカーテンセット カーテンセット タッセル付き UVカット 厚手 断熱 遮熱 省エネ シンプル 無地 洗える ウォッシャブル ドレープカーテン おしゃれ / 150×200cm / ベージュ / なし,2680,observed_per_sku_taxIncludedPrice_excludes_delivery_coupon,https://item.rakuten.co.jp/weimall/ct0/,704500131,331814079:row=0:col=16,＼ランキング1位／ 【選べる17サイズ】 カーテン 2枚セット 遮光 1級 3層構造 形状記憶 遮熱 防寒 断熱 洗える 遮光カーテン 遮光率99.99% UVカット おしゃれ 幅100 幅150 2枚 カーテンセット カーテン2枚組 厚手 省エネ 無地 防音 ドレープカーテン 送料無料 / 幅150×丈200cm(1枚) / ベージュ,2980,observed_product_currentPrice_excludes_delivery_surcharge,https://wowma.jp/item/704500131
observed-ct0-with-au-sibling,ct0,CT02200CGH,【最大2000円OFFクーポン配布】カーテン 遮光 1級 2級 遮光カーテン 遮光率99.99% 幅100cm 幅150cm レースカーテンセット カーテンセット タッセル付き UVカット 厚手 断熱 遮熱 省エネ シンプル 無地 洗える ウォッシャブル ドレープカーテン おしゃれ / 150×200cm / アイスグレー / なし,2680,observed_per_sku_taxIncludedPrice_excludes_delivery_coupon,https://item.rakuten.co.jp/weimall/ct0/,704500131,331814079:row=1:col=16,＼ランキング1位／ 【選べる17サイズ】 カーテン 2枚セット 遮光 1級 3層構造 形状記憶 遮熱 防寒 断熱 洗える 遮光カーテン 遮光率99.99% UVカット おしゃれ 幅100 幅150 2枚 カーテンセット カーテン2枚組 厚手 省エネ 無地 防音 ドレープカーテン 送料無料 / 幅150×丈200cm(1枚) / アイスグレー,2980,observed_product_currentPrice_excludes_delivery_surcharge,https://wowma.jp/item/704500131
observed-ct0-with-au-sibling,ct0,CT01135SGH,【最大2000円OFFクーポン配布】カーテン 遮光 1級 2級 遮光カーテン 遮光率99.99% 幅100cm 幅150cm レースカーテンセット カーテンセット タッセル付き UVカット 厚手 断熱 遮熱 省エネ シンプル 無地 洗える ウォッシャブル ドレープカーテン おしゃれ / 100×135cm / スモークグレー / なし,2480,observed_per_sku_taxIncludedPrice_excludes_delivery_coupon,https://item.rakuten.co.jp/weimall/ct0/,704500131,331814079:row=3:col=5,＼ランキング1位／ 【選べる17サイズ】 カーテン 2枚セット 遮光 1級 3層構造 形状記憶 遮熱 防寒 断熱 洗える 遮光カーテン 遮光率99.99% UVカット おしゃれ 幅100 幅150 2枚 カーテンセット カーテン2枚組 厚手 省エネ 無地 防音 ドレープカーテン 送料無料 / 幅100×丈135cm(2枚) / スモークグレー,2980,observed_product_currentPrice_excludes_delivery_surcharge,https://wowma.jp/item/704500131
observed-ct0-with-au-sibling,ct0,CT01120SBH,【最大2000円OFFクーポン配布】カーテン 遮光 1級 2級 遮光カーテン 遮光率99.99% 幅100cm 幅150cm レースカーテンセット カーテンセット タッセル付き UVカット 厚手 断熱 遮熱 省エネ シンプル 無地 洗える ウォッシャブル ドレープカーテン おしゃれ / 100×120cm / サンドベージュ / なし,2380,observed_per_sku_taxIncludedPrice_excludes_delivery_coupon,https://item.rakuten.co.jp/weimall/ct0/,704500131,331814079:row=4:col=4,＼ランキング1位／ 【選べる17サイズ】 カーテン 2枚セット 遮光 1級 3層構造 形状記憶 遮熱 防寒 断熱 洗える 遮光カーテン 遮光率99.99% UVカット おしゃれ 幅100 幅150 2枚 カーテンセット カーテン2枚組 厚手 省エネ 無地 防音 ドレープカーテン 送料無料 / 幅100×丈120cm(2枚) / サンドベージュ,2980,observed_product_currentPrice_excludes_delivery_surcharge,https://wowma.jp/item/704500131
observed-ct0-with-au-sibling,ct0,CT01135BEH,【最大2000円OFFクーポン配布】カーテン 遮光 1級 2級 遮光カーテン 遮光率99.99% 幅100cm 幅150cm レースカーテンセット カーテンセット タッセル付き UVカット 厚手 断熱 遮熱 省エネ シンプル 無地 洗える ウォッシャブル ドレープカーテン おしゃれ / 100×135cm / ベージュ / なし,2480,observed_per_sku_taxIncludedPrice_excludes_delivery_coupon,https://item.rakuten.co.jp/weimall/ct0/,704500131,331814079:row=0:col=5,＼ランキング1位／ 【選べる17サイズ】 カーテン 2枚セット 遮光 1級 3層構造 形状記憶 遮熱 防寒 断熱 洗える 遮光カーテン 遮光率99.99% UVカット おしゃれ 幅100 幅150 2枚 カーテンセット カーテン2枚組 厚手 省エネ 無地 防音 ドレープカーテン 送料無料 / 幅100×丈135cm(2枚) / ベージュ,2980,observed_product_currentPrice_excludes_delivery_surcharge,https://wowma.jp/item/704500131
observed-ct0-with-au-sibling,ct0,CT01110BKH,【最大2000円OFFクーポン配布】カーテン 遮光 1級 2級 遮光カーテン 遮光率99.99% 幅100cm 幅150cm レースカーテンセット カーテンセット タッセル付き UVカット 厚手 断熱 遮熱 省エネ シンプル 無地 洗える ウォッシャブル ドレープカーテン おしゃれ / 100×110cm / コールブラック / なし,2180,observed_per_sku_taxIncludedPrice_excludes_delivery_coupon,https://item.rakuten.co.jp/weimall/ct0/,704500131,331814079:row=7:col=3,＼ランキング1位／ 【選べる17サイズ】 カーテン 2枚セット 遮光 1級 3層構造 形状記憶 遮熱 防寒 断熱 洗える 遮光カーテン 遮光率99.99% UVカット おしゃれ 幅100 幅150 2枚 カーテンセット カーテン2枚組 厚手 省エネ 無地 防音 ドレープカーテン 送料無料 / 幅100×丈110cm(2枚) / コールブラック,2980,observed_product_currentPrice_excludes_delivery_surcharge,https://wowma.jp/item/704500131
observed-ct0-with-au-sibling,ct0,CT01200SBH,【最大2000円OFFクーポン配布】カーテン 遮光 1級 2級 遮光カーテン 遮光率99.99% 幅100cm 幅150cm レースカーテンセット カーテンセット タッセル付き UVカット 厚手 断熱 遮熱 省エネ シンプル 無地 洗える ウォッシャブル ドレープカーテン おしゃれ / 100×200cm / サンドベージュ / なし,2980,observed_per_sku_taxIncludedPrice_excludes_delivery_coupon,https://item.rakuten.co.jp/weimall/ct0/,704500131,331814079:row=4:col=10,＼ランキング1位／ 【選べる17サイズ】 カーテン 2枚セット 遮光 1級 3層構造 形状記憶 遮熱 防寒 断熱 洗える 遮光カーテン 遮光率99.99% UVカット おしゃれ 幅100 幅150 2枚 カーテンセット カーテン2枚組 厚手 省エネ 無地 防音 ドレープカーテン 送料無料 / 幅100×丈200cm(2枚) / サンドベージュ,2980,observed_product_currentPrice_excludes_delivery_surcharge,https://wowma.jp/item/704500131
observed-ct0-with-au-sibling,ct0,CT01150BEH,【最大2000円OFFクーポン配布】カーテン 遮光 1級 2級 遮光カーテン 遮光率99.99% 幅100cm 幅150cm レースカーテンセット カーテンセット タッセル付き UVカット 厚手 断熱 遮熱 省エネ シンプル 無地 洗える ウォッシャブル ドレープカーテン おしゃれ / 100×150cm / ベージュ / なし,2580,observed_per_sku_taxIncludedPrice_excludes_delivery_coupon,https://item.rakuten.co.jp/weimall/ct0/,704500131,331814079:row=0:col=6,＼ランキング1位／ 【選べる17サイズ】 カーテン 2枚セット 遮光 1級 3層構造 形状記憶 遮熱 防寒 断熱 洗える 遮光カーテン 遮光率99.99% UVカット おしゃれ 幅100 幅150 2枚 カーテンセット カーテン2枚組 厚手 省エネ 無地 防音 ドレープカーテン 送料無料 / 幅100×丈150cm(2枚) / ベージュ,2980,observed_product_currentPrice_excludes_delivery_surcharge,https://wowma.jp/item/704500131
observed-ct0-with-au-sibling,ct0,CT01150CGH,【最大2000円OFFクーポン配布】カーテン 遮光 1級 2級 遮光カーテン 遮光率99.99% 幅100cm 幅150cm レースカーテンセット カーテンセット タッセル付き UVカット 厚手 断熱 遮熱 省エネ シンプル 無地 洗える ウォッシャブル ドレープカーテン おしゃれ / 100×150cm / アイスグレー / なし,2580,observed_per_sku_taxIncludedPrice_excludes_delivery_coupon,https://item.rakuten.co.jp/weimall/ct0/,704500131,331814079:row=1:col=6,＼ランキング1位／ 【選べる17サイズ】 カーテン 2枚セット 遮光 1級 3層構造 形状記憶 遮熱 防寒 断熱 洗える 遮光カーテン 遮光率99.99% UVカット おしゃれ 幅100 幅150 2枚 カーテンセット カーテン2枚組 厚手 省エネ 無地 防音 ドレープカーテン 送料無料 / 幅100×丈150cm(2枚) / アイスグレー,2980,observed_product_currentPrice_excludes_delivery_surcharge,https://wowma.jp/item/704500131
observed-ct0-with-au-sibling,ct0,CT02200SGH,【最大2000円OFFクーポン配布】カーテン 遮光 1級 2級 遮光カーテン 遮光率99.99% 幅100cm 幅150cm レースカーテンセット カーテンセット タッセル付き UVカット 厚手 断熱 遮熱 省エネ シンプル 無地 洗える ウォッシャブル ドレープカーテン おしゃれ / 150×200cm / スモークグレー / なし,2680,observed_per_sku_taxIncludedPrice_excludes_delivery_coupon,https://item.rakuten.co.jp/weimall/ct0/,704500131,331814079:row=3:col=16,＼ランキング1位／ 【選べる17サイズ】 カーテン 2枚セット 遮光 1級 3層構造 形状記憶 遮熱 防寒 断熱 洗える 遮光カーテン 遮光率99.99% UVカット おしゃれ 幅100 幅150 2枚 カーテンセット カーテン2枚組 厚手 省エネ 無地 防音 ドレープカーテン 送料無料 / 幅150×丈200cm(1枚) / スモークグレー,2980,observed_product_currentPrice_excludes_delivery_surcharge,https://wowma.jp/item/704500131
observed-ct0-with-au-sibling,ct0,CT01135CGH,【最大2000円OFFクーポン配布】カーテン 遮光 1級 2級 遮光カーテン 遮光率99.99% 幅100cm 幅150cm レースカーテンセット カーテンセット タッセル付き UVカット 厚手 断熱 遮熱 省エネ シンプル 無地 洗える ウォッシャブル ドレープカーテン おしゃれ / 100×135cm / アイスグレー / なし,2480,observed_per_sku_taxIncludedPrice_excludes_delivery_coupon,https://item.rakuten.co.jp/weimall/ct0/,704500131,331814079:row=1:col=5,＼ランキング1位／ 【選べる17サイズ】 カーテン 2枚セット 遮光 1級 3層構造 形状記憶 遮熱 防寒 断熱 洗える 遮光カーテン 遮光率99.99% UVカット おしゃれ 幅100 幅150 2枚 カーテンセット カーテン2枚組 厚手 省エネ 無地 防音 ドレープカーテン 送料無料 / 幅100×丈135cm(2枚) / アイスグレー,2980,observed_product_currentPrice_excludes_delivery_surcharge,https://wowma.jp/item/704500131
observed-ct0-with-au-sibling,ct0,CT01150CG,【最大2000円OFFクーポン配布】カーテン 遮光 1級 2級 遮光カーテン 遮光率99.99% 幅100cm 幅150cm レースカーテンセット カーテンセット タッセル付き UVカット 厚手 断熱 遮熱 省エネ シンプル 無地 洗える ウォッシャブル ドレープカーテン おしゃれ / 100×150cm / アイスグレー / あり,3680,observed_per_sku_taxIncludedPrice_excludes_delivery_coupon,https://item.rakuten.co.jp/weimall/ct0/,704502086,331810175:row=1:col=6,＼ランキング1位／【選べる17サイズ】 カーテン 4枚セット 遮光 レースカーテンセット 1級 三層構造 形状記憶 遮熱 遮像 防寒 洗える 遮光カーテン UVカット 幅100 幅150 4枚 2枚 カーテンセット カーテン4枚組 ミラーレース 厚手 省エネ 防音 無地 送料無料 / 幅100×丈150cm(4枚組) / アイスグレー,3980,observed_product_currentPrice_excludes_delivery_surcharge,https://wowma.jp/item/704502086
observed-ct0-with-au-sibling,ct0,CT01178SGH,【最大2000円OFFクーポン配布】カーテン 遮光 1級 2級 遮光カーテン 遮光率99.99% 幅100cm 幅150cm レースカーテンセット カーテンセット タッセル付き UVカット 厚手 断熱 遮熱 省エネ シンプル 無地 洗える ウォッシャブル ドレープカーテン おしゃれ / 100×178cm / スモークグレー / なし,2680,observed_per_sku_taxIncludedPrice_excludes_delivery_coupon,https://item.rakuten.co.jp/weimall/ct0/,704500131,331814079:row=3:col=7,＼ランキング1位／ 【選べる17サイズ】 カーテン 2枚セット 遮光 1級 3層構造 形状記憶 遮熱 防寒 断熱 洗える 遮光カーテン 遮光率99.99% UVカット おしゃれ 幅100 幅150 2枚 カーテンセット カーテン2枚組 厚手 省エネ 無地 防音 ドレープカーテン 送料無料 / 幅100×丈178cm(2枚) / スモークグレー,2980,observed_product_currentPrice_excludes_delivery_surcharge,https://wowma.jp/item/704500131
observed-ct0-with-au-sibling,ct0,CT01185BK,【最大2000円OFFクーポン配布】カーテン 遮光 1級 2級 遮光カーテン 遮光率99.99% 幅100cm 幅150cm レースカーテンセット カーテンセット タッセル付き UVカット 厚手 断熱 遮熱 省エネ シンプル 無地 洗える ウォッシャブル ドレープカーテン おしゃれ / 100×185cm / コールブラック / あり,3980,observed_per_sku_taxIncludedPrice_excludes_delivery_coupon,https://item.rakuten.co.jp/weimall/ct0/,704502086,331810175:row=7:col=8,＼ランキング1位／【選べる17サイズ】 カーテン 4枚セット 遮光 レースカーテンセット 1級 三層構造 形状記憶 遮熱 遮像 防寒 洗える 遮光カーテン UVカット 幅100 幅150 4枚 2枚 カーテンセット カーテン4枚組 ミラーレース 厚手 省エネ 防音 無地 送料無料 / 幅100×丈185cm(4枚組) / コールブラック,3980,observed_product_currentPrice_excludes_delivery_surcharge,https://wowma.jp/item/704502086
observed-ct0-with-au-sibling,ct0,CT01210SGH,【最大2000円OFFクーポン配布】カーテン 遮光 1級 2級 遮光カーテン 遮光率99.99% 幅100cm 幅150cm レースカーテンセット カーテンセット タッセル付き UVカット 厚手 断熱 遮熱 省エネ シンプル 無地 洗える ウォッシャブル ドレープカーテン おしゃれ / 100×210cm / スモークグレー / なし,3280,observed_per_sku_taxIncludedPrice_excludes_delivery_coupon,https://item.rakuten.co.jp/weimall/ct0/,704500131,331814079:row=3:col=11,＼ランキング1位／ 【選べる17サイズ】 カーテン 2枚セット 遮光 1級 3層構造 形状記憶 遮熱 防寒 断熱 洗える 遮光カーテン 遮光率99.99% UVカット おしゃれ 幅100 幅150 2枚 カーテンセット カーテン2枚組 厚手 省エネ 無地 防音 ドレープカーテン 送料無料 / 幅100×丈210cm(2枚) / スモークグレー,2980,observed_product_currentPrice_excludes_delivery_surcharge,https://wowma.jp/item/704500131
observed-ct0-with-au-sibling,ct0,CT01190GRH,【最大2000円OFFクーポン配布】カーテン 遮光 1級 2級 遮光カーテン 遮光率99.99% 幅100cm 幅150cm レースカーテンセット カーテンセット タッセル付き UVカット 厚手 断熱 遮熱 省エネ シンプル 無地 洗える ウォッシャブル ドレープカーテン おしゃれ / 100×190cm / ユーカリグリーン / なし,2880,observed_per_sku_taxIncludedPrice_excludes_delivery_coupon,https://item.rakuten.co.jp/weimall/ct0/,704500131,331814079:row=5:col=9,＼ランキング1位／ 【選べる17サイズ】 カーテン 2枚セット 遮光 1級 3層構造 形状記憶 遮熱 防寒 断熱 洗える 遮光カーテン 遮光率99.99% UVカット おしゃれ 幅100 幅150 2枚 カーテンセット カーテン2枚組 厚手 省エネ 無地 防音 ドレープカーテン 送料無料 / 幅100×丈190cm(2枚) / ユーカリグリーン,2980,observed_product_currentPrice_excludes_delivery_surcharge,https://wowma.jp/item/704500131
observed-ct0-with-au-sibling,ct0,CT01185CGH,【最大2000円OFFクーポン配布】カーテン 遮光 1級 2級 遮光カーテン 遮光率99.99% 幅100cm 幅150cm レースカーテンセット カーテンセット タッセル付き UVカット 厚手 断熱 遮熱 省エネ シンプル 無地 洗える ウォッシャブル ドレープカーテン おしゃれ / 100×185cm / アイスグレー / なし,2780,observed_per_sku_taxIncludedPrice_excludes_delivery_coupon,https://item.rakuten.co.jp/weimall/ct0/,704500131,331814079:row=1:col=8,＼ランキング1位／ 【選べる17サイズ】 カーテン 2枚セット 遮光 1級 3層構造 形状記憶 遮熱 防寒 断熱 洗える 遮光カーテン 遮光率99.99% UVカット おしゃれ 幅100 幅150 2枚 カーテンセット カーテン2枚組 厚手 省エネ 無地 防音 ドレープカーテン 送料無料 / 幅100×丈185cm(2枚) / アイスグレー,2980,observed_product_currentPrice_excludes_delivery_surcharge,https://wowma.jp/item/704500131
observed-ct0-with-au-sibling,ct0,CT01220NV,【最大2000円OFFクーポン配布】カーテン 遮光 1級 2級 遮光カーテン 遮光率99.99% 幅100cm 幅150cm レースカーテンセット カーテンセット タッセル付き UVカット 厚手 断熱 遮熱 省エネ シンプル 無地 洗える ウォッシャブル ドレープカーテン おしゃれ / 100×220cm / ノクターンネイビー / あり,4580,observed_per_sku_taxIncludedPrice_excludes_delivery_coupon,https://item.rakuten.co.jp/weimall/ct0/,704502086,331810175:row=6:col=12,＼ランキング1位／【選べる17サイズ】 カーテン 4枚セット 遮光 レースカーテンセット 1級 三層構造 形状記憶 遮熱 遮像 防寒 洗える 遮光カーテン UVカット 幅100 幅150 4枚 2枚 カーテンセット カーテン4枚組 ミラーレース 厚手 省エネ 防音 無地 送料無料 / 幅100×丈220cm(4枚組) / ノクターンネイビー,3980,observed_product_currentPrice_excludes_delivery_surcharge,https://wowma.jp/item/704502086
observed-ct0-with-au-sibling,ct0,CT01185SB,【最大2000円OFFクーポン配布】カーテン 遮光 1級 2級 遮光カーテン 遮光率99.99% 幅100cm 幅150cm レースカーテンセット カーテンセット タッセル付き UVカット 厚手 断熱 遮熱 省エネ シンプル 無地 洗える ウォッシャブル ドレープカーテン おしゃれ / 100×185cm / サンドベージュ / あり,3980,observed_per_sku_taxIncludedPrice_excludes_delivery_coupon,https://item.rakuten.co.jp/weimall/ct0/,704502086,331810175:row=4:col=8,＼ランキング1位／【選べる17サイズ】 カーテン 4枚セット 遮光 レースカーテンセット 1級 三層構造 形状記憶 遮熱 遮像 防寒 洗える 遮光カーテン UVカット 幅100 幅150 4枚 2枚 カーテンセット カーテン4枚組 ミラーレース 厚手 省エネ 防音 無地 送料無料 / 幅100×丈185cm(4枚組) / サンドベージュ,3980,observed_product_currentPrice_excludes_delivery_surcharge,https://wowma.jp/item/704502086
observed-ct0-with-au-sibling,ct0,CT01135SG,【最大2000円OFFクーポン配布】カーテン 遮光 1級 2級 遮光カーテン 遮光率99.99% 幅100cm 幅150cm レースカーテンセット カーテンセット タッセル付き UVカット 厚手 断熱 遮熱 省エネ シンプル 無地 洗える ウォッシャブル ドレープカーテン おしゃれ / 100×135cm / スモークグレー / あり,3380,observed_per_sku_taxIncludedPrice_excludes_delivery_coupon,https://item.rakuten.co.jp/weimall/ct0/,704502086,331810175:row=3:col=5,＼ランキング1位／【選べる17サイズ】 カーテン 4枚セット 遮光 レースカーテンセット 1級 三層構造 形状記憶 遮熱 遮像 防寒 洗える 遮光カーテン UVカット 幅100 幅150 4枚 2枚 カーテンセット カーテン4枚組 ミラーレース 厚手 省エネ 防音 無地 送料無料 / 幅100×丈135cm(4枚組) / スモークグレー,3980,observed_product_currentPrice_excludes_delivery_surcharge,https://wowma.jp/item/704502086
observed-ct0-with-au-sibling,ct0,CT01185BEH,【最大2000円OFFクーポン配布】カーテン 遮光 1級 2級 遮光カーテン 遮光率99.99% 幅100cm 幅150cm レースカーテンセット カーテンセット タッセル付き UVカット 厚手 断熱 遮熱 省エネ シンプル 無地 洗える ウォッシャブル ドレープカーテン おしゃれ / 100×185cm / ベージュ / なし,2780,observed_per_sku_taxIncludedPrice_excludes_delivery_coupon,https://item.rakuten.co.jp/weimall/ct0/,704500131,331814079:row=0:col=8,＼ランキング1位／ 【選べる17サイズ】 カーテン 2枚セット 遮光 1級 3層構造 形状記憶 遮熱 防寒 断熱 洗える 遮光カーテン 遮光率99.99% UVカット おしゃれ 幅100 幅150 2枚 カーテンセット カーテン2枚組 厚手 省エネ 無地 防音 ドレープカーテン 送料無料 / 幅100×丈185cm(2枚) / ベージュ,2980,observed_product_currentPrice_excludes_delivery_surcharge,https://wowma.jp/item/704500131
observed-ct0-with-au-sibling,ct0,CT01185BR,【最大2000円OFFクーポン配布】カーテン 遮光 1級 2級 遮光カーテン 遮光率99.99% 幅100cm 幅150cm レースカーテンセット カーテンセット タッセル付き UVカット 厚手 断熱 遮熱 省エネ シンプル 無地 洗える ウォッシャブル ドレープカーテン おしゃれ / 100×185cm / カフェブラウン / あり,3980,observed_per_sku_taxIncludedPrice_excludes_delivery_coupon,https://item.rakuten.co.jp/weimall/ct0/,704502086,331810175:row=8:col=8,＼ランキング1位／【選べる17サイズ】 カーテン 4枚セット 遮光 レースカーテンセット 1級 三層構造 形状記憶 遮熱 遮像 防寒 洗える 遮光カーテン UVカット 幅100 幅150 4枚 2枚 カーテンセット カーテン4枚組 ミラーレース 厚手 省エネ 防音 無地 送料無料 / 幅100×丈185cm(4枚組) / カフェブラウン,3980,observed_product_currentPrice_excludes_delivery_surcharge,https://wowma.jp/item/704502086
observed-ct0-with-au-sibling,ct0,CT01135SB,【最大2000円OFFクーポン配布】カーテン 遮光 1級 2級 遮光カーテン 遮光率99.99% 幅100cm 幅150cm レースカーテンセット カーテンセット タッセル付き UVカット 厚手 断熱 遮熱 省エネ シンプル 無地 洗える ウォッシャブル ドレープカーテン おしゃれ / 100×135cm / サンドベージュ / あり,3380,observed_per_sku_taxIncludedPrice_excludes_delivery_coupon,https://item.rakuten.co.jp/weimall/ct0/,704502086,331810175:row=4:col=5,＼ランキング1位／【選べる17サイズ】 カーテン 4枚セット 遮光 レースカーテンセット 1級 三層構造 形状記憶 遮熱 遮像 防寒 洗える 遮光カーテン UVカット 幅100 幅150 4枚 2枚 カーテンセット カーテン4枚組 ミラーレース 厚手 省エネ 防音 無地 送料無料 / 幅100×丈135cm(4枚組) / サンドベージュ,3980,observed_product_currentPrice_excludes_delivery_surcharge,https://wowma.jp/item/704502086
observed-ct0-with-au-sibling,ct0,CT01178BEH,【最大2000円OFFクーポン配布】カーテン 遮光 1級 2級 遮光カーテン 遮光率99.99% 幅100cm 幅150cm レースカーテンセット カーテンセット タッセル付き UVカット 厚手 断熱 遮熱 省エネ シンプル 無地 洗える ウォッシャブル ドレープカーテン おしゃれ / 100×178cm / ベージュ / なし,2680,observed_per_sku_taxIncludedPrice_excludes_delivery_coupon,https://item.rakuten.co.jp/weimall/ct0/,704500131,331814079:row=0:col=7,＼ランキング1位／ 【選べる17サイズ】 カーテン 2枚セット 遮光 1級 3層構造 形状記憶 遮熱 防寒 断熱 洗える 遮光カーテン 遮光率99.99% UVカット おしゃれ 幅100 幅150 2枚 カーテンセット カーテン2枚組 厚手 省エネ 無地 防音 ドレープカーテン 送料無料 / 幅100×丈178cm(2枚) / ベージュ,2980,observed_product_currentPrice_excludes_delivery_surcharge,https://wowma.jp/item/704500131
observed-ct0-with-au-sibling,ct0,CT01150SG,【最大2000円OFFクーポン配布】カーテン 遮光 1級 2級 遮光カーテン 遮光率99.99% 幅100cm 幅150cm レースカーテンセット カーテンセット タッセル付き UVカット 厚手 断熱 遮熱 省エネ シンプル 無地 洗える ウォッシャブル ドレープカーテン おしゃれ / 100×150cm / スモークグレー / あり,3680,observed_per_sku_taxIncludedPrice_excludes_delivery_coupon,https://item.rakuten.co.jp/weimall/ct0/,704502086,331810175:row=3:col=6,＼ランキング1位／【選べる17サイズ】 カーテン 4枚セット 遮光 レースカーテンセット 1級 三層構造 形状記憶 遮熱 遮像 防寒 洗える 遮光カーテン UVカット 幅100 幅150 4枚 2枚 カーテンセット カーテン4枚組 ミラーレース 厚手 省エネ 防音 無地 送料無料 / 幅100×丈150cm(4枚組) / スモークグレー,3980,observed_product_currentPrice_excludes_delivery_surcharge,https://wowma.jp/item/704502086
observed-ct0-with-au-sibling,ct0,CT01178CGH,【最大2000円OFFクーポン配布】カーテン 遮光 1級 2級 遮光カーテン 遮光率99.99% 幅100cm 幅150cm レースカーテンセット カーテンセット タッセル付き UVカット 厚手 断熱 遮熱 省エネ シンプル 無地 洗える ウォッシャブル ドレープカーテン おしゃれ / 100×178cm / アイスグレー / なし,2680,observed_per_sku_taxIncludedPrice_excludes_delivery_coupon,https://item.rakuten.co.jp/weimall/ct0/,704500131,331814079:row=1:col=7,＼ランキング1位／ 【選べる17サイズ】 カーテン 2枚セット 遮光 1級 3層構造 形状記憶 遮熱 防寒 断熱 洗える 遮光カーテン 遮光率99.99% UVカット おしゃれ 幅100 幅150 2枚 カーテンセット カーテン2枚組 厚手 省エネ 無地 防音 ドレープカーテン 送料無料 / 幅100×丈178cm(2枚) / アイスグレー,2980,observed_product_currentPrice_excludes_delivery_surcharge,https://wowma.jp/item/704500131
observed-ct0-with-au-sibling,ct0,CT01185SG,【最大2000円OFFクーポン配布】カーテン 遮光 1級 2級 遮光カーテン 遮光率99.99% 幅100cm 幅150cm レースカーテンセット カーテンセット タッセル付き UVカット 厚手 断熱 遮熱 省エネ シンプル 無地 洗える ウォッシャブル ドレープカーテン おしゃれ / 100×185cm / スモークグレー / あり,3980,observed_per_sku_taxIncludedPrice_excludes_delivery_coupon,https://item.rakuten.co.jp/weimall/ct0/,704502086,331810175:row=3:col=8,＼ランキング1位／【選べる17サイズ】 カーテン 4枚セット 遮光 レースカーテンセット 1級 三層構造 形状記憶 遮熱 遮像 防寒 洗える 遮光カーテン UVカット 幅100 幅150 4枚 2枚 カーテンセット カーテン4枚組 ミラーレース 厚手 省エネ 防音 無地 送料無料 / 幅100×丈185cm(4枚組) / スモークグレー,3980,observed_product_currentPrice_excludes_delivery_surcharge,https://wowma.jp/item/704502086
observed-ct0-with-au-sibling,ct0,CT01210BEH,【最大2000円OFFクーポン配布】カーテン 遮光 1級 2級 遮光カーテン 遮光率99.99% 幅100cm 幅150cm レースカーテンセット カーテンセット タッセル付き UVカット 厚手 断熱 遮熱 省エネ シンプル 無地 洗える ウォッシャブル ドレープカーテン おしゃれ / 100×210cm / ベージュ / なし,3280,observed_per_sku_taxIncludedPrice_excludes_delivery_coupon,https://item.rakuten.co.jp/weimall/ct0/,704500131,331814079:row=0:col=11,＼ランキング1位／ 【選べる17サイズ】 カーテン 2枚セット 遮光 1級 3層構造 形状記憶 遮熱 防寒 断熱 洗える 遮光カーテン 遮光率99.99% UVカット おしゃれ 幅100 幅150 2枚 カーテンセット カーテン2枚組 厚手 省エネ 無地 防音 ドレープカーテン 送料無料 / 幅100×丈210cm(2枚) / ベージュ,2980,observed_product_currentPrice_excludes_delivery_surcharge,https://wowma.jp/item/704500131
observed-ct0-with-au-sibling,ct0,CT01135BK,【最大2000円OFFクーポン配布】カーテン 遮光 1級 2級 遮光カーテン 遮光率99.99% 幅100cm 幅150cm レースカーテンセット カーテンセット タッセル付き UVカット 厚手 断熱 遮熱 省エネ シンプル 無地 洗える ウォッシャブル ドレープカーテン おしゃれ / 100×135cm / コールブラック / あり,3380,observed_per_sku_taxIncludedPrice_excludes_delivery_coupon,https://item.rakuten.co.jp/weimall/ct0/,704502086,331810175:row=7:col=5,＼ランキング1位／【選べる17サイズ】 カーテン 4枚セット 遮光 レースカーテンセット 1級 三層構造 形状記憶 遮熱 遮像 防寒 洗える 遮光カーテン UVカット 幅100 幅150 4枚 2枚 カーテンセット カーテン4枚組 ミラーレース 厚手 省エネ 防音 無地 送料無料 / 幅100×丈135cm(4枚組) / コールブラック,3980,observed_product_currentPrice_excludes_delivery_surcharge,https://wowma.jp/item/704502086
observed-ct0-with-au-sibling,ct0,CT01150BR,【最大2000円OFFクーポン配布】カーテン 遮光 1級 2級 遮光カーテン 遮光率99.99% 幅100cm 幅150cm レースカーテンセット カーテンセット タッセル付き UVカット 厚手 断熱 遮熱 省エネ シンプル 無地 洗える ウォッシャブル ドレープカーテン おしゃれ / 100×150cm / カフェブラウン / あり,3680,observed_per_sku_taxIncludedPrice_excludes_delivery_coupon,https://item.rakuten.co.jp/weimall/ct0/,704502086,331810175:row=8:col=6,＼ランキング1位／【選べる17サイズ】 カーテン 4枚セット 遮光 レースカーテンセット 1級 三層構造 形状記憶 遮熱 遮像 防寒 洗える 遮光カーテン UVカット 幅100 幅150 4枚 2枚 カーテンセット カーテン4枚組 ミラーレース 厚手 省エネ 防音 無地 送料無料 / 幅100×丈150cm(4枚組) / カフェブラウン,3980,observed_product_currentPrice_excludes_delivery_surcharge,https://wowma.jp/item/704502086
observed-ct0-with-au-sibling,ct0,CT01150SB,【最大2000円OFFクーポン配布】カーテン 遮光 1級 2級 遮光カーテン 遮光率99.99% 幅100cm 幅150cm レースカーテンセット カーテンセット タッセル付き UVカット 厚手 断熱 遮熱 省エネ シンプル 無地 洗える ウォッシャブル ドレープカーテン おしゃれ / 100×150cm / サンドベージュ / あり,3680,observed_per_sku_taxIncludedPrice_excludes_delivery_coupon,https://item.rakuten.co.jp/weimall/ct0/,704502086,331810175:row=4:col=6,＼ランキング1位／【選べる17サイズ】 カーテン 4枚セット 遮光 レースカーテンセット 1級 三層構造 形状記憶 遮熱 遮像 防寒 洗える 遮光カーテン UVカット 幅100 幅150 4枚 2枚 カーテンセット カーテン4枚組 ミラーレース 厚手 省エネ 防音 無地 送料無料 / 幅100×丈150cm(4枚組) / サンドベージュ,3980,observed_product_currentPrice_excludes_delivery_surcharge,https://wowma.jp/item/704502086
observed-ct0-with-au-sibling,ct0,CT01210CGH,【最大2000円OFFクーポン配布】カーテン 遮光 1級 2級 遮光カーテン 遮光率99.99% 幅100cm 幅150cm レースカーテンセット カーテンセット タッセル付き UVカット 厚手 断熱 遮熱 省エネ シンプル 無地 洗える ウォッシャブル ドレープカーテン おしゃれ / 100×210cm / アイスグレー / なし,3280,observed_per_sku_taxIncludedPrice_excludes_delivery_coupon,https://item.rakuten.co.jp/weimall/ct0/,704500131,331814079:row=1:col=11,＼ランキング1位／ 【選べる17サイズ】 カーテン 2枚セット 遮光 1級 3層構造 形状記憶 遮熱 防寒 断熱 洗える 遮光カーテン 遮光率99.99% UVカット おしゃれ 幅100 幅150 2枚 カーテンセット カーテン2枚組 厚手 省エネ 無地 防音 ドレープカーテン 送料無料 / 幅100×丈210cm(2枚) / アイスグレー,2980,observed_product_currentPrice_excludes_delivery_surcharge,https://wowma.jp/item/704500131
observed-ct0-with-au-sibling,ct0,CT01185SGH,【最大2000円OFFクーポン配布】カーテン 遮光 1級 2級 遮光カーテン 遮光率99.99% 幅100cm 幅150cm レースカーテンセット カーテンセット タッセル付き UVカット 厚手 断熱 遮熱 省エネ シンプル 無地 洗える ウォッシャブル ドレープカーテン おしゃれ / 100×185cm / スモークグレー / なし,2780,observed_per_sku_taxIncludedPrice_excludes_delivery_coupon,https://item.rakuten.co.jp/weimall/ct0/,704500131,331814079:row=3:col=8,＼ランキング1位／ 【選べる17サイズ】 カーテン 2枚セット 遮光 1級 3層構造 形状記憶 遮熱 防寒 断熱 洗える 遮光カーテン 遮光率99.99% UVカット おしゃれ 幅100 幅150 2枚 カーテンセット カーテン2枚組 厚手 省エネ 無地 防音 ドレープカーテン 送料無料 / 幅100×丈185cm(2枚) / スモークグレー,2980,observed_product_currentPrice_excludes_delivery_surcharge,https://wowma.jp/item/704500131
observed-ct0-with-au-sibling,ct0,CT01135BE,【最大2000円OFFクーポン配布】カーテン 遮光 1級 2級 遮光カーテン 遮光率99.99% 幅100cm 幅150cm レースカーテンセット カーテンセット タッセル付き UVカット 厚手 断熱 遮熱 省エネ シンプル 無地 洗える ウォッシャブル ドレープカーテン おしゃれ / 100×135cm / ベージュ / あり,3380,observed_per_sku_taxIncludedPrice_excludes_delivery_coupon,https://item.rakuten.co.jp/weimall/ct0/,704502086,331810175:row=0:col=5,＼ランキング1位／【選べる17サイズ】 カーテン 4枚セット 遮光 レースカーテンセット 1級 三層構造 形状記憶 遮熱 遮像 防寒 洗える 遮光カーテン UVカット 幅100 幅150 4枚 2枚 カーテンセット カーテン4枚組 ミラーレース 厚手 省エネ 防音 無地 送料無料 / 幅100×丈135cm(4枚組) / ベージュ,3980,observed_product_currentPrice_excludes_delivery_surcharge,https://wowma.jp/item/704502086
observed-ct0-with-au-sibling,ct0,CT01110NV,【最大2000円OFFクーポン配布】カーテン 遮光 1級 2級 遮光カーテン 遮光率99.99% 幅100cm 幅150cm レースカーテンセット カーテンセット タッセル付き UVカット 厚手 断熱 遮熱 省エネ シンプル 無地 洗える ウォッシャブル ドレープカーテン おしゃれ / 100×110cm / ノクターンネイビー / あり,3180,observed_per_sku_taxIncludedPrice_excludes_delivery_coupon,https://item.rakuten.co.jp/weimall/ct0/,704502086,331810175:row=6:col=3,＼ランキング1位／【選べる17サイズ】 カーテン 4枚セット 遮光 レースカーテンセット 1級 三層構造 形状記憶 遮熱 遮像 防寒 洗える 遮光カーテン UVカット 幅100 幅150 4枚 2枚 カーテンセット カーテン4枚組 ミラーレース 厚手 省エネ 防音 無地 送料無料 / 幅100×丈110cm(4枚組) / ノクターンネイビー,3980,observed_product_currentPrice_excludes_delivery_surcharge,https://wowma.jp/item/704502086
observed-ct0-with-au-sibling,ct0,CT01150BK,【最大2000円OFFクーポン配布】カーテン 遮光 1級 2級 遮光カーテン 遮光率99.99% 幅100cm 幅150cm レースカーテンセット カーテンセット タッセル付き UVカット 厚手 断熱 遮熱 省エネ シンプル 無地 洗える ウォッシャブル ドレープカーテン おしゃれ / 100×150cm / コールブラック / あり,3680,observed_per_sku_taxIncludedPrice_excludes_delivery_coupon,https://item.rakuten.co.jp/weimall/ct0/,704502086,331810175:row=7:col=6,＼ランキング1位／【選べる17サイズ】 カーテン 4枚セット 遮光 レースカーテンセット 1級 三層構造 形状記憶 遮熱 遮像 防寒 洗える 遮光カーテン UVカット 幅100 幅150 4枚 2枚 カーテンセット カーテン4枚組 ミラーレース 厚手 省エネ 防音 無地 送料無料 / 幅100×丈150cm(4枚組) / コールブラック,3980,observed_product_currentPrice_excludes_delivery_surcharge,https://wowma.jp/item/704502086
observed-ct0-with-au-sibling,ct0,CT01200BRH,【最大2000円OFFクーポン配布】カーテン 遮光 1級 2級 遮光カーテン 遮光率99.99% 幅100cm 幅150cm レースカーテンセット カーテンセット タッセル付き UVカット 厚手 断熱 遮熱 省エネ シンプル 無地 洗える ウォッシャブル ドレープカーテン おしゃれ / 100×200cm / カフェブラウン / なし,2980,observed_per_sku_taxIncludedPrice_excludes_delivery_coupon,https://item.rakuten.co.jp/weimall/ct0/,704500131,331814079:row=8:col=10,＼ランキング1位／ 【選べる17サイズ】 カーテン 2枚セット 遮光 1級 3層構造 形状記憶 遮熱 防寒 断熱 洗える 遮光カーテン 遮光率99.99% UVカット おしゃれ 幅100 幅150 2枚 カーテンセット カーテン2枚組 厚手 省エネ 無地 防音 ドレープカーテン 送料無料 / 幅100×丈200cm(2枚) / カフェブラウン,2980,observed_product_currentPrice_excludes_delivery_surcharge,https://wowma.jp/item/704500131
observed-ct0-with-au-sibling,ct0,CT0190SBH,【最大2000円OFFクーポン配布】カーテン 遮光 1級 2級 遮光カーテン 遮光率99.99% 幅100cm 幅150cm レースカーテンセット カーテンセット タッセル付き UVカット 厚手 断熱 遮熱 省エネ シンプル 無地 洗える ウォッシャブル ドレープカーテン おしゃれ / 100×90cm / サンドベージュ / なし,1980,observed_per_sku_taxIncludedPrice_excludes_delivery_coupon,https://item.rakuten.co.jp/weimall/ct0/,704500131,331814079:row=4:col=1,＼ランキング1位／ 【選べる17サイズ】 カーテン 2枚セット 遮光 1級 3層構造 形状記憶 遮熱 防寒 断熱 洗える 遮光カーテン 遮光率99.99% UVカット おしゃれ 幅100 幅150 2枚 カーテンセット カーテン2枚組 厚手 省エネ 無地 防音 ドレープカーテン 送料無料 / 幅100×丈90cm(2枚) / サンドベージュ,2980,observed_product_currentPrice_excludes_delivery_surcharge,https://wowma.jp/item/704500131
observed-ct0-with-au-sibling,ct0,CT01190CGH,【最大2000円OFFクーポン配布】カーテン 遮光 1級 2級 遮光カーテン 遮光率99.99% 幅100cm 幅150cm レースカーテンセット カーテンセット タッセル付き UVカット 厚手 断熱 遮熱 省エネ シンプル 無地 洗える ウォッシャブル ドレープカーテン おしゃれ / 100×190cm / アイスグレー / なし,2880,observed_per_sku_taxIncludedPrice_excludes_delivery_coupon,https://item.rakuten.co.jp/weimall/ct0/,704500131,331814079:row=1:col=9,＼ランキング1位／ 【選べる17サイズ】 カーテン 2枚セット 遮光 1級 3層構造 形状記憶 遮熱 防寒 断熱 洗える 遮光カーテン 遮光率99.99% UVカット おしゃれ 幅100 幅150 2枚 カーテンセット カーテン2枚組 厚手 省エネ 無地 防音 ドレープカーテン 送料無料 / 幅100×丈190cm(2枚) / アイスグレー,2980,observed_product_currentPrice_excludes_delivery_surcharge,https://wowma.jp/item/704500131
observed-ct0-with-au-sibling,ct0,CT01220BKH,【最大2000円OFFクーポン配布】カーテン 遮光 1級 2級 遮光カーテン 遮光率99.99% 幅100cm 幅150cm レースカーテンセット カーテンセット タッセル付き UVカット 厚手 断熱 遮熱 省エネ シンプル 無地 洗える ウォッシャブル ドレープカーテン おしゃれ / 100×220cm / コールブラック / なし,3380,observed_per_sku_taxIncludedPrice_excludes_delivery_coupon,https://item.rakuten.co.jp/weimall/ct0/,704500131,331814079:row=7:col=12,＼ランキング1位／ 【選べる17サイズ】 カーテン 2枚セット 遮光 1級 3層構造 形状記憶 遮熱 防寒 断熱 洗える 遮光カーテン 遮光率99.99% UVカット おしゃれ 幅100 幅150 2枚 カーテンセット カーテン2枚組 厚手 省エネ 無地 防音 ドレープカーテン 送料無料 / 幅100×丈220cm(2枚) / コールブラック,2980,observed_product_currentPrice_excludes_delivery_surcharge,https://wowma.jp/item/704500131
observed-ct0-with-au-sibling,ct0,CT01190BEH,【最大2000円OFFクーポン配布】カーテン 遮光 1級 2級 遮光カーテン 遮光率99.99% 幅100cm 幅150cm レースカーテンセット カーテンセット タッセル付き UVカット 厚手 断熱 遮熱 省エネ シンプル 無地 洗える ウォッシャブル ドレープカーテン おしゃれ / 100×190cm / ベージュ / なし,2880,observed_per_sku_taxIncludedPrice_excludes_delivery_coupon,https://item.rakuten.co.jp/weimall/ct0/,704500131,331814079:row=0:col=9,＼ランキング1位／ 【選べる17サイズ】 カーテン 2枚セット 遮光 1級 3層構造 形状記憶 遮熱 防寒 断熱 洗える 遮光カーテン 遮光率99.99% UVカット おしゃれ 幅100 幅150 2枚 カーテンセット カーテン2枚組 厚手 省エネ 無地 防音 ドレープカーテン 送料無料 / 幅100×丈190cm(2枚) / ベージュ,2980,observed_product_currentPrice_excludes_delivery_surcharge,https://wowma.jp/item/704500131
observed-ct0-with-au-sibling,ct0,CT01120NVH,【最大2000円OFFクーポン配布】カーテン 遮光 1級 2級 遮光カーテン 遮光率99.99% 幅100cm 幅150cm レースカーテンセット カーテンセット タッセル付き UVカット 厚手 断熱 遮熱 省エネ シンプル 無地 洗える ウォッシャブル ドレープカーテン おしゃれ / 100×120cm / ノクターンネイビー / なし,2380,observed_per_sku_taxIncludedPrice_excludes_delivery_coupon,https://item.rakuten.co.jp/weimall/ct0/,704500131,331814079:row=6:col=4,＼ランキング1位／ 【選べる17サイズ】 カーテン 2枚セット 遮光 1級 3層構造 形状記憶 遮熱 防寒 断熱 洗える 遮光カーテン 遮光率99.99% UVカット おしゃれ 幅100 幅150 2枚 カーテンセット カーテン2枚組 厚手 省エネ 無地 防音 ドレープカーテン 送料無料 / 幅100×丈120cm(2枚) / ノクターンネイビー,2980,observed_product_currentPrice_excludes_delivery_surcharge,https://wowma.jp/item/704500131
observed-ct0-with-au-sibling,ct0,CT02178SGH,【最大2000円OFFクーポン配布】カーテン 遮光 1級 2級 遮光カーテン 遮光率99.99% 幅100cm 幅150cm レースカーテンセット カーテンセット タッセル付き UVカット 厚手 断熱 遮熱 省エネ シンプル 無地 洗える ウォッシャブル ドレープカーテン おしゃれ / 150×178cm / スモークグレー / なし,2680,observed_per_sku_taxIncludedPrice_excludes_delivery_coupon,https://item.rakuten.co.jp/weimall/ct0/,704500131,331814079:row=3:col=15,＼ランキング1位／ 【選べる17サイズ】 カーテン 2枚セット 遮光 1級 3層構造 形状記憶 遮熱 防寒 断熱 洗える 遮光カーテン 遮光率99.99% UVカット おしゃれ 幅100 幅150 2枚 カーテンセット カーテン2枚組 厚手 省エネ 無地 防音 ドレープカーテン 送料無料 / 幅150×丈178cm(1枚) / スモークグレー,2980,observed_product_currentPrice_excludes_delivery_surcharge,https://wowma.jp/item/704500131
observed-ct0-with-au-sibling,ct0,CT01200CG,【最大2000円OFFクーポン配布】カーテン 遮光 1級 2級 遮光カーテン 遮光率99.99% 幅100cm 幅150cm レースカーテンセット カーテンセット タッセル付き UVカット 厚手 断熱 遮熱 省エネ シンプル 無地 洗える ウォッシャブル ドレープカーテン おしゃれ / 100×200cm / アイスグレー / あり,4280,observed_per_sku_taxIncludedPrice_excludes_delivery_coupon,https://item.rakuten.co.jp/weimall/ct0/,704502086,331810175:row=1:col=10,＼ランキング1位／【選べる17サイズ】 カーテン 4枚セット 遮光 レースカーテンセット 1級 三層構造 形状記憶 遮熱 遮像 防寒 洗える 遮光カーテン UVカット 幅100 幅150 4枚 2枚 カーテンセット カーテン4枚組 ミラーレース 厚手 省エネ 防音 無地 送料無料 / 幅100×丈200cm(4枚組) / アイスグレー,3980,observed_product_currentPrice_excludes_delivery_surcharge,https://wowma.jp/item/704502086
observed-ct0-with-au-sibling,ct0,CT01190SGH,【最大2000円OFFクーポン配布】カーテン 遮光 1級 2級 遮光カーテン 遮光率99.99% 幅100cm 幅150cm レースカーテンセット カーテンセット タッセル付き UVカット 厚手 断熱 遮熱 省エネ シンプル 無地 洗える ウォッシャブル ドレープカーテン おしゃれ / 100×190cm / スモークグレー / なし,2880,observed_per_sku_taxIncludedPrice_excludes_delivery_coupon,https://item.rakuten.co.jp/weimall/ct0/,704500131,331814079:row=3:col=9,＼ランキング1位／ 【選べる17サイズ】 カーテン 2枚セット 遮光 1級 3層構造 形状記憶 遮熱 防寒 断熱 洗える 遮光カーテン 遮光率99.99% UVカット おしゃれ 幅100 幅150 2枚 カーテンセット カーテン2枚組 厚手 省エネ 無地 防音 ドレープカーテン 送料無料 / 幅100×丈190cm(2枚) / スモークグレー,2980,observed_product_currentPrice_excludes_delivery_surcharge,https://wowma.jp/item/704500131
observed-ct0-with-au-sibling,ct0,CT01120GYH,【最大2000円OFFクーポン配布】カーテン 遮光 1級 2級 遮光カーテン 遮光率99.99% 幅100cm 幅150cm レースカーテンセット カーテンセット タッセル付き UVカット 厚手 断熱 遮熱 省エネ シンプル 無地 洗える ウォッシャブル ドレープカーテン おしゃれ / 100×120cm / ライトグレー / なし,2380,observed_per_sku_taxIncludedPrice_excludes_delivery_coupon,https://item.rakuten.co.jp/weimall/ct0/,704500131,331814079:row=2:col=4,＼ランキング1位／ 【選べる17サイズ】 カーテン 2枚セット 遮光 1級 3層構造 形状記憶 遮熱 防寒 断熱 洗える 遮光カーテン 遮光率99.99% UVカット おしゃれ 幅100 幅150 2枚 カーテンセット カーテン2枚組 厚手 省エネ 無地 防音 ドレープカーテン 送料無料 / 幅100×丈120cm(2枚) / ライトグレー,2980,observed_product_currentPrice_excludes_delivery_surcharge,https://wowma.jp/item/704500131
observed-ct0-with-au-sibling,ct0,CT0190NVH,【最大2000円OFFクーポン配布】カーテン 遮光 1級 2級 遮光カーテン 遮光率99.99% 幅100cm 幅150cm レースカーテンセット カーテンセット タッセル付き UVカット 厚手 断熱 遮熱 省エネ シンプル 無地 洗える ウォッシャブル ドレープカーテン おしゃれ / 100×90cm / ノクターンネイビー / なし,1980,observed_per_sku_taxIncludedPrice_excludes_delivery_coupon,https://item.rakuten.co.jp/weimall/ct0/,704500131,331814079:row=6:col=1,＼ランキング1位／ 【選べる17サイズ】 カーテン 2枚セット 遮光 1級 3層構造 形状記憶 遮熱 防寒 断熱 洗える 遮光カーテン 遮光率99.99% UVカット おしゃれ 幅100 幅150 2枚 カーテンセット カーテン2枚組 厚手 省エネ 無地 防音 ドレープカーテン 送料無料 / 幅100×丈90cm(2枚) / ノクターンネイビー,2980,observed_product_currentPrice_excludes_delivery_surcharge,https://wowma.jp/item/704500131
observed-ct0-with-au-sibling,ct0,CT02178CGH,【最大2000円OFFクーポン配布】カーテン 遮光 1級 2級 遮光カーテン 遮光率99.99% 幅100cm 幅150cm レースカーテンセット カーテンセット タッセル付き UVカット 厚手 断熱 遮熱 省エネ シンプル 無地 洗える ウォッシャブル ドレープカーテン おしゃれ / 150×178cm / アイスグレー / なし,2680,observed_per_sku_taxIncludedPrice_excludes_delivery_coupon,https://item.rakuten.co.jp/weimall/ct0/,704500131,331814079:row=1:col=15,＼ランキング1位／ 【選べる17サイズ】 カーテン 2枚セット 遮光 1級 3層構造 形状記憶 遮熱 防寒 断熱 洗える 遮光カーテン 遮光率99.99% UVカット おしゃれ 幅100 幅150 2枚 カーテンセット カーテン2枚組 厚手 省エネ 無地 防音 ドレープカーテン 送料無料 / 幅150×丈178cm(1枚) / アイスグレー,2980,observed_product_currentPrice_excludes_delivery_surcharge,https://wowma.jp/item/704500131
observed-ct0-with-au-sibling,ct0,CT02135BRH,【最大2000円OFFクーポン配布】カーテン 遮光 1級 2級 遮光カーテン 遮光率99.99% 幅100cm 幅150cm レースカーテンセット カーテンセット タッセル付き UVカット 厚手 断熱 遮熱 省エネ シンプル 無地 洗える ウォッシャブル ドレープカーテン おしゃれ / 150×135cm / カフェブラウン / なし,2580,observed_per_sku_taxIncludedPrice_excludes_delivery_coupon,https://item.rakuten.co.jp/weimall/ct0/,704500131,331814079:row=8:col=14,＼ランキング1位／ 【選べる17サイズ】 カーテン 2枚セット 遮光 1級 3層構造 形状記憶 遮熱 防寒 断熱 洗える 遮光カーテン 遮光率99.99% UVカット おしゃれ 幅100 幅150 2枚 カーテンセット カーテン2枚組 厚手 省エネ 無地 防音 ドレープカーテン 送料無料 / 幅150×丈135cm(1枚) / カフェブラウン,2980,observed_product_currentPrice_excludes_delivery_surcharge,https://wowma.jp/item/704500131
observed-ct0-with-au-sibling,ct0,CT0180NV,【最大2000円OFFクーポン配布】カーテン 遮光 1級 2級 遮光カーテン 遮光率99.99% 幅100cm 幅150cm レースカーテンセット カーテンセット タッセル付き UVカット 厚手 断熱 遮熱 省エネ シンプル 無地 洗える ウォッシャブル ドレープカーテン おしゃれ / 100×80cm / ノクターンネイビー / あり,2780,observed_per_sku_taxIncludedPrice_excludes_delivery_coupon,https://item.rakuten.co.jp/weimall/ct0/,704502086,331810175:row=6:col=0,＼ランキング1位／【選べる17サイズ】 カーテン 4枚セット 遮光 レースカーテンセット 1級 三層構造 形状記憶 遮熱 遮像 防寒 洗える 遮光カーテン UVカット 幅100 幅150 4枚 2枚 カーテンセット カーテン4枚組 ミラーレース 厚手 省エネ 防音 無地 送料無料 / 幅100×丈80cm(4枚組) / ノクターンネイビー,3980,observed_product_currentPrice_excludes_delivery_surcharge,https://wowma.jp/item/704502086
observed-ct0-with-au-sibling,ct0,CT02178BEH,【最大2000円OFFクーポン配布】カーテン 遮光 1級 2級 遮光カーテン 遮光率99.99% 幅100cm 幅150cm レースカーテンセット カーテンセット タッセル付き UVカット 厚手 断熱 遮熱 省エネ シンプル 無地 洗える ウォッシャブル ドレープカーテン おしゃれ / 150×178cm / ベージュ / なし,2680,observed_per_sku_taxIncludedPrice_excludes_delivery_coupon,https://item.rakuten.co.jp/weimall/ct0/,704500131,331814079:row=0:col=15,＼ランキング1位／ 【選べる17サイズ】 カーテン 2枚セット 遮光 1級 3層構造 形状記憶 遮熱 防寒 断熱 洗える 遮光カーテン 遮光率99.99% UVカット おしゃれ 幅100 幅150 2枚 カーテンセット カーテン2枚組 厚手 省エネ 無地 防音 ドレープカーテン 送料無料 / 幅150×丈178cm(1枚) / ベージュ,2980,observed_product_currentPrice_excludes_delivery_surcharge,https://wowma.jp/item/704500131
observed-ct0-with-au-sibling,ct0,CT01185BE,【最大2000円OFFクーポン配布】カーテン 遮光 1級 2級 遮光カーテン 遮光率99.99% 幅100cm 幅150cm レースカーテンセット カーテンセット タッセル付き UVカット 厚手 断熱 遮熱 省エネ シンプル 無地 洗える ウォッシャブル ドレープカーテン おしゃれ / 100×185cm / ベージュ / あり,3980,observed_per_sku_taxIncludedPrice_excludes_delivery_coupon,https://item.rakuten.co.jp/weimall/ct0/,704502086,331810175:row=0:col=8,＼ランキング1位／【選べる17サイズ】 カーテン 4枚セット 遮光 レースカーテンセット 1級 三層構造 形状記憶 遮熱 遮像 防寒 洗える 遮光カーテン UVカット 幅100 幅150 4枚 2枚 カーテンセット カーテン4枚組 ミラーレース 厚手 省エネ 防音 無地 送料無料 / 幅100×丈185cm(4枚組) / ベージュ,3980,observed_product_currentPrice_excludes_delivery_surcharge,https://wowma.jp/item/704502086
observed-ct0-with-au-sibling,ct0,CT01200BK,【最大2000円OFFクーポン配布】カーテン 遮光 1級 2級 遮光カーテン 遮光率99.99% 幅100cm 幅150cm レースカーテンセット カーテンセット タッセル付き UVカット 厚手 断熱 遮熱 省エネ シンプル 無地 洗える ウォッシャブル ドレープカーテン おしゃれ / 100×200cm / コールブラック / あり,4280,observed_per_sku_taxIncludedPrice_excludes_delivery_coupon,https://item.rakuten.co.jp/weimall/ct0/,704502086,331810175:row=7:col=10,＼ランキング1位／【選べる17サイズ】 カーテン 4枚セット 遮光 レースカーテンセット 1級 三層構造 形状記憶 遮熱 遮像 防寒 洗える 遮光カーテン UVカット 幅100 幅150 4枚 2枚 カーテンセット カーテン4枚組 ミラーレース 厚手 省エネ 防音 無地 送料無料 / 幅100×丈200cm(4枚組) / コールブラック,3980,observed_product_currentPrice_excludes_delivery_surcharge,https://wowma.jp/item/704502086
observed-ct0-with-au-sibling,ct0,CT0190GYH,【最大2000円OFFクーポン配布】カーテン 遮光 1級 2級 遮光カーテン 遮光率99.99% 幅100cm 幅150cm レースカーテンセット カーテンセット タッセル付き UVカット 厚手 断熱 遮熱 省エネ シンプル 無地 洗える ウォッシャブル ドレープカーテン おしゃれ / 100×90cm / ライトグレー / なし,1980,observed_per_sku_taxIncludedPrice_excludes_delivery_coupon,https://item.rakuten.co.jp/weimall/ct0/,704500131,331814079:row=2:col=1,＼ランキング1位／ 【選べる17サイズ】 カーテン 2枚セット 遮光 1級 3層構造 形状記憶 遮熱 防寒 断熱 洗える 遮光カーテン 遮光率99.99% UVカット おしゃれ 幅100 幅150 2枚 カーテンセット カーテン2枚組 厚手 省エネ 無地 防音 ドレープカーテン 送料無料 / 幅100×丈90cm(2枚) / ライトグレー,2980,observed_product_currentPrice_excludes_delivery_surcharge,https://wowma.jp/item/704500131
observed-ct0-with-au-sibling,ct0,CT01200SB,【最大2000円OFFクーポン配布】カーテン 遮光 1級 2級 遮光カーテン 遮光率99.99% 幅100cm 幅150cm レースカーテンセット カーテンセット タッセル付き UVカット 厚手 断熱 遮熱 省エネ シンプル 無地 洗える ウォッシャブル ドレープカーテン おしゃれ / 100×200cm / サンドベージュ / あり,4280,observed_per_sku_taxIncludedPrice_excludes_delivery_coupon,https://item.rakuten.co.jp/weimall/ct0/,704502086,331810175:row=4:col=10,＼ランキング1位／【選べる17サイズ】 カーテン 4枚セット 遮光 レースカーテンセット 1級 三層構造 形状記憶 遮熱 遮像 防寒 洗える 遮光カーテン UVカット 幅100 幅150 4枚 2枚 カーテンセット カーテン4枚組 ミラーレース 厚手 省エネ 防音 無地 送料無料 / 幅100×丈200cm(4枚組) / サンドベージュ,3980,observed_product_currentPrice_excludes_delivery_surcharge,https://wowma.jp/item/704502086
observed-ct0-with-au-sibling,ct0,CT02178GY,【最大2000円OFFクーポン配布】カーテン 遮光 1級 2級 遮光カーテン 遮光率99.99% 幅100cm 幅150cm レースカーテンセット カーテンセット タッセル付き UVカット 厚手 断熱 遮熱 省エネ シンプル 無地 洗える ウォッシャブル ドレープカーテン おしゃれ / 150×178cm / ライトグレー / あり,3880,observed_per_sku_taxIncludedPrice_excludes_delivery_coupon,https://item.rakuten.co.jp/weimall/ct0/,704502086,331810175:row=2:col=15,＼ランキング1位／【選べる17サイズ】 カーテン 4枚セット 遮光 レースカーテンセット 1級 三層構造 形状記憶 遮熱 遮像 防寒 洗える 遮光カーテン UVカット 幅100 幅150 4枚 2枚 カーテンセット カーテン4枚組 ミラーレース 厚手 省エネ 防音 無地 送料無料 / 幅150×丈178cm(2枚組) / ライトグレー,3980,observed_product_currentPrice_excludes_delivery_surcharge,https://wowma.jp/item/704502086
observed-ct0-with-au-sibling,ct0,CT01105GRH,【最大2000円OFFクーポン配布】カーテン 遮光 1級 2級 遮光カーテン 遮光率99.99% 幅100cm 幅150cm レースカーテンセット カーテンセット タッセル付き UVカット 厚手 断熱 遮熱 省エネ シンプル 無地 洗える ウォッシャブル ドレープカーテン おしゃれ / 100×105cm / ユーカリグリーン / なし,2150,observed_per_sku_taxIncludedPrice_excludes_delivery_coupon,https://item.rakuten.co.jp/weimall/ct0/,704500131,331814079:row=5:col=2,＼ランキング1位／ 【選べる17サイズ】 カーテン 2枚セット 遮光 1級 3層構造 形状記憶 遮熱 防寒 断熱 洗える 遮光カーテン 遮光率99.99% UVカット おしゃれ 幅100 幅150 2枚 カーテンセット カーテン2枚組 厚手 省エネ 無地 防音 ドレープカーテン 送料無料 / 幅100×丈105cm(2枚) / ユーカリグリーン,2980,observed_product_currentPrice_excludes_delivery_surcharge,https://wowma.jp/item/704500131
observed-ct0-with-au-sibling,ct0,CT01178GRH,【最大2000円OFFクーポン配布】カーテン 遮光 1級 2級 遮光カーテン 遮光率99.99% 幅100cm 幅150cm レースカーテンセット カーテンセット タッセル付き UVカット 厚手 断熱 遮熱 省エネ シンプル 無地 洗える ウォッシャブル ドレープカーテン おしゃれ / 100×178cm / ユーカリグリーン / なし,2680,observed_per_sku_taxIncludedPrice_excludes_delivery_coupon,https://item.rakuten.co.jp/weimall/ct0/,704500131,331814079:row=5:col=7,＼ランキング1位／ 【選べる17サイズ】 カーテン 2枚セット 遮光 1級 3層構造 形状記憶 遮熱 防寒 断熱 洗える 遮光カーテン 遮光率99.99% UVカット おしゃれ 幅100 幅150 2枚 カーテンセット カーテン2枚組 厚手 省エネ 無地 防音 ドレープカーテン 送料無料 / 幅100×丈178cm(2枚) / ユーカリグリーン,2980,observed_product_currentPrice_excludes_delivery_surcharge,https://wowma.jp/item/704500131
observed-ct0-with-au-sibling,ct0,CT01200BE,【最大2000円OFFクーポン配布】カーテン 遮光 1級 2級 遮光カーテン 遮光率99.99% 幅100cm 幅150cm レースカーテンセット カーテンセット タッセル付き UVカット 厚手 断熱 遮熱 省エネ シンプル 無地 洗える ウォッシャブル ドレープカーテン おしゃれ / 100×200cm / ベージュ / あり,4280,observed_per_sku_taxIncludedPrice_excludes_delivery_coupon,https://item.rakuten.co.jp/weimall/ct0/,704502086,331810175:row=0:col=10,＼ランキング1位／【選べる17サイズ】 カーテン 4枚セット 遮光 レースカーテンセット 1級 三層構造 形状記憶 遮熱 遮像 防寒 洗える 遮光カーテン UVカット 幅100 幅150 4枚 2枚 カーテンセット カーテン4枚組 ミラーレース 厚手 省エネ 防音 無地 送料無料 / 幅100×丈200cm(4枚組) / ベージュ,3980,observed_product_currentPrice_excludes_delivery_surcharge,https://wowma.jp/item/704502086
observed-ct0-with-au-sibling,ct0,CT01210GRH,【最大2000円OFFクーポン配布】カーテン 遮光 1級 2級 遮光カーテン 遮光率99.99% 幅100cm 幅150cm レースカーテンセット カーテンセット タッセル付き UVカット 厚手 断熱 遮熱 省エネ シンプル 無地 洗える ウォッシャブル ドレープカーテン おしゃれ / 100×210cm / ユーカリグリーン / なし,3280,observed_per_sku_taxIncludedPrice_excludes_delivery_coupon,https://item.rakuten.co.jp/weimall/ct0/,704500131,331814079:row=5:col=11,＼ランキング1位／ 【選べる17サイズ】 カーテン 2枚セット 遮光 1級 3層構造 形状記憶 遮熱 防寒 断熱 洗える 遮光カーテン 遮光率99.99% UVカット おしゃれ 幅100 幅150 2枚 カーテンセット カーテン2枚組 厚手 省エネ 無地 防音 ドレープカーテン 送料無料 / 幅100×丈210cm(2枚) / ユーカリグリーン,2980,observed_product_currentPrice_excludes_delivery_surcharge,https://wowma.jp/item/704500131
observed-ct0-with-au-sibling,ct0,CT01230NVH,【最大2000円OFFクーポン配布】カーテン 遮光 1級 2級 遮光カーテン 遮光率99.99% 幅100cm 幅150cm レースカーテンセット カーテンセット タッセル付き UVカット 厚手 断熱 遮熱 省エネ シンプル 無地 洗える ウォッシャブル ドレープカーテン おしゃれ / 100×230cm / ノクターンネイビー / なし,3580,observed_per_sku_taxIncludedPrice_excludes_delivery_coupon,https://item.rakuten.co.jp/weimall/ct0/,704500131,331814079:row=6:col=13,＼ランキング1位／ 【選べる17サイズ】 カーテン 2枚セット 遮光 1級 3層構造 形状記憶 遮熱 防寒 断熱 洗える 遮光カーテン 遮光率99.99% UVカット おしゃれ 幅100 幅150 2枚 カーテンセット カーテン2枚組 厚手 省エネ 無地 防音 ドレープカーテン 送料無料 / 幅100×丈230cm(2枚) / ノクターンネイビー,2980,observed_product_currentPrice_excludes_delivery_surcharge,https://wowma.jp/item/704500131
observed-ct0-with-au-sibling,ct0,CT01150GRH,【最大2000円OFFクーポン配布】カーテン 遮光 1級 2級 遮光カーテン 遮光率99.99% 幅100cm 幅150cm レースカーテンセット カーテンセット タッセル付き UVカット 厚手 断熱 遮熱 省エネ シンプル 無地 洗える ウォッシャブル ドレープカーテン おしゃれ / 100×150cm / ユーカリグリーン / なし,2580,observed_per_sku_taxIncludedPrice_excludes_delivery_coupon,https://item.rakuten.co.jp/weimall/ct0/,704500131,331814079:row=5:col=6,＼ランキング1位／ 【選べる17サイズ】 カーテン 2枚セット 遮光 1級 3層構造 形状記憶 遮熱 防寒 断熱 洗える 遮光カーテン 遮光率99.99% UVカット おしゃれ 幅100 幅150 2枚 カーテンセット カーテン2枚組 厚手 省エネ 無地 防音 ドレープカーテン 送料無料 / 幅100×丈150cm(2枚) / ユーカリグリーン,2980,observed_product_currentPrice_excludes_delivery_surcharge,https://wowma.jp/item/704500131
observed-ct0-with-au-sibling,ct0,CT0180BKH,【最大2000円OFFクーポン配布】カーテン 遮光 1級 2級 遮光カーテン 遮光率99.99% 幅100cm 幅150cm レースカーテンセット カーテンセット タッセル付き UVカット 厚手 断熱 遮熱 省エネ シンプル 無地 洗える ウォッシャブル ドレープカーテン おしゃれ / 100×80cm / コールブラック / なし,1940,observed_per_sku_taxIncludedPrice_excludes_delivery_coupon,https://item.rakuten.co.jp/weimall/ct0/,704500131,331814079:row=7:col=0,＼ランキング1位／ 【選べる17サイズ】 カーテン 2枚セット 遮光 1級 3層構造 形状記憶 遮熱 防寒 断熱 洗える 遮光カーテン 遮光率99.99% UVカット おしゃれ 幅100 幅150 2枚 カーテンセット カーテン2枚組 厚手 省エネ 無地 防音 ドレープカーテン 送料無料 / 幅100×丈80cm(2枚) / コールブラック,2980,observed_product_currentPrice_excludes_delivery_surcharge,https://wowma.jp/item/704500131
observed-ct0-with-au-sibling,ct0,CT01230GYH,【最大2000円OFFクーポン配布】カーテン 遮光 1級 2級 遮光カーテン 遮光率99.99% 幅100cm 幅150cm レースカーテンセット カーテンセット タッセル付き UVカット 厚手 断熱 遮熱 省エネ シンプル 無地 洗える ウォッシャブル ドレープカーテン おしゃれ / 100×230cm / ライトグレー / なし,3580,observed_per_sku_taxIncludedPrice_excludes_delivery_coupon,https://item.rakuten.co.jp/weimall/ct0/,704500131,331814079:row=2:col=13,＼ランキング1位／ 【選べる17サイズ】 カーテン 2枚セット 遮光 1級 3層構造 形状記憶 遮熱 防寒 断熱 洗える 遮光カーテン 遮光率99.99% UVカット おしゃれ 幅100 幅150 2枚 カーテンセット カーテン2枚組 厚手 省エネ 無地 防音 ドレープカーテン 送料無料 / 幅100×丈230cm(2枚) / ライトグレー,2980,observed_product_currentPrice_excludes_delivery_surcharge,https://wowma.jp/item/704500131
observed-ct0-with-au-sibling,ct0,CT01200BR,【最大2000円OFFクーポン配布】カーテン 遮光 1級 2級 遮光カーテン 遮光率99.99% 幅100cm 幅150cm レースカーテンセット カーテンセット タッセル付き UVカット 厚手 断熱 遮熱 省エネ シンプル 無地 洗える ウォッシャブル ドレープカーテン おしゃれ / 100×200cm / カフェブラウン / あり,4280,observed_per_sku_taxIncludedPrice_excludes_delivery_coupon,https://item.rakuten.co.jp/weimall/ct0/,704502086,331810175:row=8:col=10,＼ランキング1位／【選べる17サイズ】 カーテン 4枚セット 遮光 レースカーテンセット 1級 三層構造 形状記憶 遮熱 遮像 防寒 洗える 遮光カーテン UVカット 幅100 幅150 4枚 2枚 カーテンセット カーテン4枚組 ミラーレース 厚手 省エネ 防音 無地 送料無料 / 幅100×丈200cm(4枚組) / カフェブラウン,3980,observed_product_currentPrice_excludes_delivery_surcharge,https://wowma.jp/item/704502086
observed-ct0-with-au-sibling,ct0,CT02135SBH,【最大2000円OFFクーポン配布】カーテン 遮光 1級 2級 遮光カーテン 遮光率99.99% 幅100cm 幅150cm レースカーテンセット カーテンセット タッセル付き UVカット 厚手 断熱 遮熱 省エネ シンプル 無地 洗える ウォッシャブル ドレープカーテン おしゃれ / 150×135cm / サンドベージュ / なし,2580,observed_per_sku_taxIncludedPrice_excludes_delivery_coupon,https://item.rakuten.co.jp/weimall/ct0/,704500131,331814079:row=4:col=14,＼ランキング1位／ 【選べる17サイズ】 カーテン 2枚セット 遮光 1級 3層構造 形状記憶 遮熱 防寒 断熱 洗える 遮光カーテン 遮光率99.99% UVカット おしゃれ 幅100 幅150 2枚 カーテンセット カーテン2枚組 厚手 省エネ 無地 防音 ドレープカーテン 送料無料 / 幅150×丈135cm(1枚) / サンドベージュ,2980,observed_product_currentPrice_excludes_delivery_surcharge,https://wowma.jp/item/704500131
observed-ct0-with-au-sibling,ct0,CT01200SG,【最大2000円OFFクーポン配布】カーテン 遮光 1級 2級 遮光カーテン 遮光率99.99% 幅100cm 幅150cm レースカーテンセット カーテンセット タッセル付き UVカット 厚手 断熱 遮熱 省エネ シンプル 無地 洗える ウォッシャブル ドレープカーテン おしゃれ / 100×200cm / スモークグレー / あり,4280,observed_per_sku_taxIncludedPrice_excludes_delivery_coupon,https://item.rakuten.co.jp/weimall/ct0/,704502086,331810175:row=3:col=10,＼ランキング1位／【選べる17サイズ】 カーテン 4枚セット 遮光 レースカーテンセット 1級 三層構造 形状記憶 遮熱 遮像 防寒 洗える 遮光カーテン UVカット 幅100 幅150 4枚 2枚 カーテンセット カーテン4枚組 ミラーレース 厚手 省エネ 防音 無地 送料無料 / 幅100×丈200cm(4枚組) / スモークグレー,3980,observed_product_currentPrice_excludes_delivery_surcharge,https://wowma.jp/item/704502086
observed-ct0-with-au-sibling,ct0,CT02178GR,【最大2000円OFFクーポン配布】カーテン 遮光 1級 2級 遮光カーテン 遮光率99.99% 幅100cm 幅150cm レースカーテンセット カーテンセット タッセル付き UVカット 厚手 断熱 遮熱 省エネ シンプル 無地 洗える ウォッシャブル ドレープカーテン おしゃれ / 150×178cm / ユーカリグリーン / あり,3880,observed_per_sku_taxIncludedPrice_excludes_delivery_coupon,https://item.rakuten.co.jp/weimall/ct0/,704502086,331810175:row=5:col=15,＼ランキング1位／【選べる17サイズ】 カーテン 4枚セット 遮光 レースカーテンセット 1級 三層構造 形状記憶 遮熱 遮像 防寒 洗える 遮光カーテン UVカット 幅100 幅150 4枚 2枚 カーテンセット カーテン4枚組 ミラーレース 厚手 省エネ 防音 無地 送料無料 / 幅150×丈178cm(2枚組) / ユーカリグリーン,3980,observed_product_currentPrice_excludes_delivery_surcharge,https://wowma.jp/item/704502086
