id,name,group,kind,run_group,robots_status,robots_assessment,robots_location,robots_body_sha256,robots_text,robots_headers,home_status,home_outcome,home_error,query_status,query_outcome,query_error,observed_role,challenge_hint,captcha_difficulty,quality_assessment,provider_hints,proxy_errors,tls_errors,external_hosts_seen,blocked_requests_reasons,blocked_request_hosts,test_block_count,source_url,final_url,query_url_proposed,dom_sha256,screenshot,title,visible_text,captcha_marker,waseda_domain_count,query_stage_seen,query_attempted,query_confirmed,scope_note,robots_url,robots_run_group,service_notice_url,service_notice_text,service_notice_dom_sha256,service_notice_screenshot,home_screenshot,home_dom_sha256,robots_current_outcome,robots_probe_applied,robots_redirect_trace,robots_retry_done,robots_retry_budget_before,robots_retry_budget_after,robots_retry_event_summary,browser_observation_done,execution_policy,browser_accounting_before,browser_accounting_after,observation_limits,robots_is_current_gate,current_blocked_requests_reasons,historical_robots_denied_count,result_extraction_method,simple_challenge_attempted,simple_challenge_passed,visual_challenge_attempted,external_evidence_source,external_http_status,external_result_count,external_waseda_official_count,external_result_mix,external_captcha_assessment,external_query_context,external_reproduced_in_this_run,result_candidates_json
google,Google,general,search,general,200,,,1aba570a1b32deb66941e0c29d4f37be71ee58aa1a624aa20754b3639538cf2c,User-agent: * User-agent: Yandex Disallow: /search Allow: /search/about Allow: /search/howsearchworks Disallow: /sdch Disallow: /groups Disallow: /index.html? Disallow: /? Disallow: /goto? Allow: /?hl= Disallow: /?hl=*& Allow: /?hl=*&gws_rd=ssl$ Disa,"{'content-encoding': 'br', 'content-length': '1527', 'content-type': 'text/plain', 'server': 'envoy'}",200,content_observed,,200,content_observed,,target,False,CAPTCHA未観測,保存DOMから教員関連候補リンク抽出,,0,1,11,"{'outside_scope': 6, 'non_get': 10, 'byte_budget': 5, 'observation_end': 2}","{'fonts.gstatic.com': 3, 'www.google.com': 17, 'www.gstatic.com': 3}",1,https://www.google.com/search?q=%E6%97%A9%E7%A8%B2%E7%94%B0%E5%A4%A7%E5%AD%A6+%E6%95%99%E5%93%A1,https://www.google.com/search?q=%E6%97%A9%E7%A8%B2%E7%94%B0%E5%A4%A7%E5%AD%A6+%E6%95%99%E5%93%A1&sei=HBbAaurzNbzW0PEPyu3UuQs,https://www.google.com/search?q=%E6%97%A9%E7%A8%B2%E7%94%B0%E5%A4%A7%E5%AD%A6+%E6%95%99%E5%93%A1,1bcfe3c7e48a500fb163c5a319bcdbb319fbc94d5627e978bc3d17d7625cc4b2,general/patchright-google-browser-observation-target-1-85.png,早稲田大学 | 教員 | - | Google | Search,早稲田大学 教員 - Google Search Skip to main content Accessibility help Add images Add files 🍌 Create images Canvas Press / to jump to the search box 早稲田大学 教員 AI Mode 🍌 Create Remove Create Images Canvas Remove Canvas Choose what you’re giving feedback on Delete See more Report inappropriate predictions Quick Settings Sign in AI Mode All Images News Shopping Videos Forums More Short videos Maps Books Web Tools Search Results Any time Any time Past hour Past 24 hours Past week Past month Past year Custo,,3,True,True,True,,https://www.google.com/robots.txt,general,,,,,general/patchright-google-baseline-homepage-1-62.png,8b61e24834653444fe11aa6fd27d2102ccccb1bca7bcdd11e658daafb5062423,not_enforced_browser_observation,False,[],False,,,,True,browser_observation,"{'requests': 12, 'bytes_charged': 7830460}","{'requests': 105, 'bytes_charged': 15887980}",['websocket_handshake_or_frames_not_recorded'],False,{},1,"Saved Google SERP metadata comments for encrypted /goto links; partial candidate recovery, not full ranking",False,False,False,,,,,,,,,"[{""url"": ""https://w-rdb.waseda.jp/search?m=field&l=ja&s=1&p=2&f1=A900&f2=A04020&o=shokumei"", ""title"": ""教授 - 研究者データベース - 早稲田大学""}, {""url"": ""https://www.waseda.jp/fpse/faculty/?pg=28"", ""title"": ""教員 – 早稲田大学 政治経済学術院""}, {""url"": ""https://www.waseda.jp/fire/sils/tag/global/?pg=2"", ""title"": ""グローバル – 早稲田大学 国際教養学部""}]"
bing,Bing,general,search,general,200,,,40d2da70c3b443225d5b01cc7b05117944980347637cc95ab285c6e4f5548235,User-agent: msnbot-media Disallow: / Allow: /th? User-agent: Twitterbot Disallow: User-agent: * Disallow: /academic/profile Disallow: /academic/search Disallow: /account/ Disallow: /aclick Disallow: /alink Disallow: /amp/ Allow: /api/maps/ Disallow: ,"{'content-encoding': 'br', 'content-length': '701', 'content-security-policy': ""script-src https: 'strict-dynamic' 'report-sample' 'wasm-unsafe-eval' 'nonce-mLUWGDnIisDe9lchTsNO5zN5chMhBKJgW7ahRasfNXs='; base-uri 'self';report-to csp-endpoint"", 'content-type': 'text/plain', 'server': 'envoy'}",200,content_observed,,200,content_observed,,target,False,CAPTCHA未観測,保存DOMから教員関連候補リンク抽出,target turnstile:widget_or_library (Turnstile marker),0,2,3,"{'outside_scope': 36, 'resource_policy': 4, 'non_get': 1, 'observation_end': 2}","{'r.bing.com': 38, 'www.bing.com': 5}",1,https://www.bing.com/search?q=%E6%97%A9%E7%A8%B2%E7%94%B0%E5%A4%A7%E5%AD%A6+%E6%95%99%E5%93%A1,https://www.bing.com/search?q=%E6%97%A9%E7%A8%B2%E7%94%B0%E5%A4%A7%E5%AD%A6+%E6%95%99%E5%93%A1,https://www.bing.com/search?q=%E6%97%A9%E7%A8%B2%E7%94%B0%E5%A4%A7%E5%AD%A6+%E6%95%99%E5%93%A1,b2a54304af5e31e0552205470ee231c7d856eb3c573f2a95e07731da35f111f2,general/patchright-bing-browser-observation-target-1-69.png,早稲田大学 | 教員 | - | Search,"早稲田大学 教員 - Search Skip to content Accessibility Feedback The photos you provided may be used to improve Bing image processing services. Privacy Policy | Terms of Use Can't use this link. Check that your link starts with 'http://' or 'https://' to try again. Unable to process this search. Please try a different image or keywords. Try Visual Search Search, identify objects and text, translate, or solve problems using an image Drag one or more images here, upload an image or open camera Drop image ",,9,True,True,True,,https://www.bing.com/robots.txt,general,,,,,general/patchright-bing-baseline-homepage-1-34.png,1bdf80b3429506337065de1c8bcc99dac95ae43e4287bfeaba781a279eadd913,not_enforced_browser_observation,False,[],False,,,,True,browser_observation,"{'requests': 9, 'bytes_charged': 4467733}","{'requests': 208, 'bytes_charged': 8831935}",['websocket_handshake_or_frames_not_recorded'],False,{'observation_end': 2},1,Keyword-matched saved DOM anchors; may include sitelinks or mixed result modules,False,False,False,,,,,,,,,"[{""title"": ""早稲田大学 https://w-rdb.waseda.jp › search Translate this result"", ""url"": ""https://w-rdb.waseda.jp/search?m=home&l=ja""}, {""title"": ""教員紹介"", ""url"": ""https://www.waseda.jp/flas/faculty/""}, {""title"": ""名前検索"", ""url"": ""https://w-rdb.waseda.jp/search?m=name&l=ja""}, {""title"": ""教職員に関する情報"", ""url"": ""https://www.waseda.jp/top/about/disclosure/staff""}, {""title"": ""早稲田大学 基幹理工学部・研究科 https://www.fse.sci.waseda.ac.jp › dept › faculty Translate this result"", ""url"": ""https://www.fse.sci.waseda.ac.jp/dept/faculty/""}, {""title"": ""waseda.ac.jp https://www.phys.waseda.ac.jp › staff Translate this result"", ""url"": ""https://www.phys.waseda.ac.jp/staff/""}, {""title"": ""早稲田大学文学学術院 英文学コース https://waseda-buneibun.com › academic-staff Translate this result"", ""url"": ""https://waseda-buneibun.com/academic-staff/""}, {""title"": ""waseda.jp https://psychol.w.waseda.jp › 教員紹介 Translate this result"", ""url"": ""https://psychol.w.waseda.jp/%E6%95%99%E5%93%A1%E7%B4%B9%E4%BB%8B/""}, {""title"": ""早稲田大学 建築学科 https://www.arch.waseda.ac.jp › w… Translate this result"", ""url"": ""https://www.arch.waseda.ac.jp/wa/professors""}, {""title"": ""早稲田大学 基幹理工学部 情報理工学科 https://www.cs.waseda.ac.jp › professor_list Translate this result"", ""url"": ""https://www.cs.waseda.ac.jp/professor_list/professor_list""}]"
brave,Brave Search,general,search,general,200,,,6b1bf5e8e58f1cc2815186379f4b59a424f29e97895d959ab434060d8b5aa317,User-agent: * Allow: /search?conversation= Allow: /search*&conversation= Allow: /goggles/discover Allow: /goggles/create Allow: /goggles/profile Allow: /maps Disallow: /search Disallow: /images Disallow: /news Disallow: /videos Disallow: /goggles Dis,"{'content-length': '352', 'content-type': 'text/plain; charset=utf-8', 'server': 'envoy', 'via': '1.1 81f818adbacff6b703252be1c8922598.cloudfront.net (CloudFront)', 'x-amz-cf-id': 'GrEd9xf05aUq3_ouQGLzrLPQNXmwIjbAmJPSiLJLFFoItEY9vW3jKw==', 'x-amz-cf-pop': 'SFO5-P1', 'x-cache': 'Miss from cloudfront'}",200,content_observed,,200,content_observed,,target,False,HTTP429のVerifyボタンを1回クリックし、数秒後にHTTP200の検索結果を確認（短いpollの判定は未成立、最終DOMで通過を検証）,保存DOMから教員関連候補リンク抽出,homepage aws-cloudfront:technology (CloudFront CDN header; does not identify a WAF rule); target aws-cloudfront:technology (CloudFront CDN header; does not identify a WAF rule),0,2,2,"{'outside_scope': 51, 'non_get': 1}","{'cdn.search.brave.com': 51, 'search.brave.com': 1}",1,https://search.brave.com/search?q=%E6%97%A9%E7%A8%B2%E7%94%B0%E5%A4%A7%E5%AD%A6+%E6%95%99%E5%93%A1,https://search.brave.com/search?q=%E6%97%A9%E7%A8%B2%E7%94%B0%E5%A4%A7%E5%AD%A6+%E6%95%99%E5%93%A1&_rr=1,https://search.brave.com/search?q=%E6%97%A9%E7%A8%B2%E7%94%B0%E5%A4%A7%E5%AD%A6+%E6%95%99%E5%93%A1,d11489174fe37faea8877bbbfea7f830bf3076bec3a1fb56a75e9badb1c83d7c,general/patchright-brave-challenge-check-target-2-88.png,早稲田大学 | 教員 | - | Brave | Search,"早稲田大学 教員 - Brave Search Ask All Images News Videos Maps Goggles Waseda University waseda.jp › flas › faculty 教員紹介 – 早稲田大学 文学学術院 早稲田大学 文学学術院 オフィシャルサイト。文化構想学部、文学部、文学研究科、総合人文科学研究センター、4つの組織から構成される学術院の案内です。 Waseda University Located in the heart of Tokyo, Waseda is a research-intensive institution which provides a stimulating academic environment for its students from around the world. 文学学術院のご案内about the Faculty 早稲田大学戸山キャンパスでは、長く第一文学部（昼間）、第二文学部（夜間）に大学院文学研究科を加えた体制で教育・研究が展開されてきましたが、2004年に2学部・1研究科を統合する「",,9,True,True,True,,https://search.brave.com/robots.txt,general,,,,,general/patchright-brave-baseline-homepage-1-37.png,dde937d19fc98c1945992bb52fae9b65cbf4dff6fa4f9c3b0c3667ae5613d86b,not_enforced_browser_observation,False,[],False,,,,True,browser_observation,"{'requests': 7, 'bytes_charged': 5004882}","{'requests': 81, 'bytes_charged': 7061939}",['websocket_handshake_or_frames_not_recorded'],False,{},1,"Brave result-wrapper anchors, excluding sitelinks and video clusters",True,True,False,user_relayed_external_test,200,10,9,10件中9件が早稲田公式との報告。教員情報への関連性は未評価。,容易に突破できたとの別検証報告（課題形式・操作・所要時間は不明）,元依頼の検索語は「早稲田大学 教員」。別検証の実際の送信クエリは明示されていない。,True,"[{""title"": ""Waseda University waseda.jp › flas › faculty 教員紹介 – 早稲田大学 文学学術院"", ""url"": ""https://www.waseda.jp/flas/faculty/""}, {""title"": ""Waseda University waseda.jp › top › about › disclosure › staff 教職員に関する情報 – 早稲田大学"", ""url"": ""https://www.waseda.jp/top/about/disclosure/staff?lng=en""}, {""title"": ""Waseda University waseda.jp › fsci › about › faculty 教員 – 早稲田大学 理工学術院"", ""url"": ""https://www.waseda.jp/fsci/about/faculty/""}, {""title"": ""Waseda fse.sci.waseda.ac.jp › dept › faculty 全教員リスト | 早稲田大学 基幹理工学部・研究科"", ""url"": ""https://www.fse.sci.waseda.ac.jp/dept/faculty/""}, {""title"": ""Waseda University waseda.jp › fsss › sss › about › faculty 教員紹介 – 早稲田大学 社会科学部"", ""url"": ""https://www.waseda.jp/fsss/sss/about/faculty/""}, {""title"": ""Waseda University waseda.jp › fedu › edu › about › faculty 教員・助手紹介 – 早稲田大学 教育学部"", ""url"": ""https://www.waseda.jp/fedu/edu/about/faculty/""}, {""title"": ""Waseda University waseda.jp › fcom › soc › about › faculty 教員紹介 – 早稲田大学 商学部"", ""url"": ""https://www.waseda.jp/fcom/soc/about/faculty""}, {""title"": ""Waseda University waseda.jp › inst › cjl › about › faculty 教員 – 早稲田大学 日本語教育研究センター"", ""url"": ""https://www.waseda.jp/inst/cjl/about/faculty/""}, {""title"": ""University of Tokyo up-j.shigaku.go.jp › school › category07 › 00000000268601000.html 早稲田大学 教員情報 - 大学ポートレート（私学版）"", ""url"": ""https://up-j.shigaku.go.jp/school/category07/00000000268601000.html""}, {""title"": ""Waseda University w-rdb.waseda.jp 研究者データベース - 早稲田大学"", ""url"": ""https://w-rdb.waseda.jp/""}]"
mojeek,Mojeek,general,search,general,200,,,9249562d0d3731c25d7d0485d9d2297d21e65e8de477dc7d43605fe56d92420e,"# Let's treat everybody the same, bad bots will ignore it anyway. User-agent: * Disallow: /search Disallow: /url Disallow: /focus/dashboard Disallow: /eval Disallow: /image?","{'content-encoding': 'gzip', 'content-length': '138', 'content-security-policy': ""frame-ancestors 'none'; default-src * 'unsafe-inline' 'unsafe-eval' blob: *.mojeek.com; style-src 'self' 'unsafe-inline'; script-src 'self' 'unsafe-inline' 'unsafe-eval' blob: https://js.stripe.com/v3/; img-src 'self' data: *.mojeek.com; object-src 'none'; base-uri 'self'; form-action 'self' https://checkout.stripe.com"", 'content-type': 'text/plain; charset=utf-8', 'server': 'envoy'}",200,content_observed,,403,access_denied_observed,,target,False,CAPTCHA未観測,HTTP403拒否（検索結果未確認）,,0,2,0,"{'resource_policy': 3, 'byte_budget': 2}",{'www.mojeek.com': 5},1,https://www.mojeek.com/search?q=%E6%97%A9%E7%A8%B2%E7%94%B0%E5%A4%A7%E5%AD%A6+%E6%95%99%E5%93%A1,https://www.mojeek.com/search?q=%E6%97%A9%E7%A8%B2%E7%94%B0%E5%A4%A7%E5%AD%A6+%E6%95%99%E5%93%A1,https://www.mojeek.com/search?q=%E6%97%A9%E7%A8%B2%E7%94%B0%E5%A4%A7%E5%AD%A6+%E6%95%99%E5%93%A1,248d056dfec3f187e345d0f2f128b191b0f731b829dca8d7e5bc0c2fa02bec73,general/patchright-mojeek-browser-observation-target-1-71.png,403 | - | Forbidden,403 - Forbidden 403 - Forbidden Sorry your network appears to be sending automated queries so we can't process your search at this time. If you are seeing this in error please contact us .,,0,True,True,False,,https://www.mojeek.com/robots.txt,general,,,,,general/patchright-mojeek-baseline-homepage-1-40.png,1030bebce4f8229772770a22e67b0792006b7ef6c43aad94a8ebf7a38d40da7a,not_enforced_browser_observation,False,[],False,,,,True,browser_observation,"{'requests': 8, 'bytes_charged': 4567139}","{'requests': 9, 'bytes_charged': 4567482}",['websocket_handshake_or_frames_not_recorded'],False,{},1,Keyword-matched saved DOM anchors; may include sitelinks or mixed result modules,False,False,False,,,,,,,,,[]
yep,Yep,general,search,general,200,,,f67bb5a8cbaab5a7da41298a2394e4b4f59d324972140457767429da78449f42,User-agent: * Disallow: /web? Disallow: /news? Disallow: /images? Sitemap: https://yep.com/sitemap.xml,"{'cf-ray': 'a4461f57bc09b341-SJC', 'content-encoding': 'br', 'content-type': 'text/plain; charset=utf-8', 'server': 'envoy'}",403,access_denied_observed,,403,access_denied_observed,,target,False,CAPTCHA未観測,HTTP403拒否（検索結果未確認）,homepage cloudflare:technology (cf-ray or Cloudflare server header); target cloudflare:technology (cf-ray or Cloudflare server header),0,1,0,"{'resource_policy': 3, 'non_get': 1}",{'yep.com': 4},0,https://yep.com/search?q=%E6%97%A9%E7%A8%B2%E7%94%B0%E5%A4%A7%E5%AD%A6+%E6%95%99%E5%93%A1,https://yep.com/search?q=%E6%97%A9%E7%A8%B2%E7%94%B0%E5%A4%A7%E5%AD%A6+%E6%95%99%E5%93%A1,https://yep.com/search?q=%E6%97%A9%E7%A8%B2%E7%94%B0%E5%A4%A7%E5%AD%A6+%E6%95%99%E5%93%A1,b328f51789c4dd0a4eda5b513ae27017d384f3dff8298459c23d8ea3a355020d,general/patchright-yep-browser-observation-target-1-73.png,Attention | Required! | | | Cloudflare,"Attention Required! | Cloudflare Please enable cookies. Sorry, you have been blocked You are unable to access yep.com Why have I been blocked? This website is using a security service to protect itself from online attacks. The action you just performed triggered the security solution. There are several actions that could trigger this block including submitting a certain word or phrase, a SQL command or malformed data. What can I do to resolve this? You can email the site owner to let them know y",,0,True,True,False,,https://yep.com/robots.txt,general,,,,,general/patchright-yep-baseline-homepage-1-43.png,3e8693dbade6447845bb2addfd938fc5e673eb1f9e895c9d22e9fa7f4f96ac0b,not_enforced_browser_observation,False,[],False,,,,True,browser_observation,"{'requests': 9, 'bytes_charged': 4246086}","{'requests': 16, 'bytes_charged': 4299756}",['websocket_handshake_or_frames_not_recorded'],False,{},0,Keyword-matched saved DOM anchors; may include sitelinks or mixed result modules,False,False,False,,,,,,,,,[]
mwmbl,Mwmbl,general,search,general,404,,,cc0c2c7c13dbc1da7030ee91ae8a96f95ef6511381c82f8ed792c66294826fa4,"<!doctype html> <html lang=""en""> <head> <meta charset=""utf-8"" /> <link rel=""icon"" href=""./favicon.png"" /> <meta name=""viewport"" content=""width=device-width, initial-scale=1.0"" /> <!-- Disabling user scaling might reduce weird autoscaling issues with ","{'content-encoding': 'gzip', 'content-type': 'text/html', 'server': 'envoy'}",200,content_observed,,500,server_error_observed,,target,False,CAPTCHA未観測,検索結果未確認（通信/robots取得失敗）,,0,1,0,"{'byte_budget': 63, 'resource_policy': 15}",{'mwmbl.org': 78},0,https://mwmbl.org/?q=%E6%97%A9%E7%A8%B2%E7%94%B0%E5%A4%A7%E5%AD%A6+%E6%95%99%E5%93%A1,https://mwmbl.org/?q=%E6%97%A9%E7%A8%B2%E7%94%B0%E5%A4%A7%E5%AD%A6+%E6%95%99%E5%93%A1,https://mwmbl.org/?q=%E6%97%A9%E7%A8%B2%E7%94%B0%E5%A4%A7%E5%AD%A6+%E6%95%99%E5%93%A1,e10a0e297168a521ce85571f30bb47bf9819d7458fc6fd293a3e69d971c408e6,general/patchright-mwmbl-browser-observation-target-1-75.png,MWMBL,MWMBL 500 Internal Error,,0,True,True,False,,https://mwmbl.org/robots.txt,general,,,,,general/patchright-mwmbl-baseline-homepage-1-45.png,f18c2a9d58ee6dec59d594c05d1cbfa135f22f17547fb2da58182a02066ed9cf,not_enforced_browser_observation,False,[],False,,,,True,browser_observation,"{'requests': 12, 'bytes_charged': 2504814}","{'requests': 41, 'bytes_charged': 2812815}",['websocket_handshake_or_frames_not_recorded'],False,{},0,Keyword-matched saved DOM anchors; may include sitelinks or mixed result modules,False,False,False,,,,,,,,,[]
yacy,YaCy,selfhosted,selfhosted,general,200,,,8d62c1ae9a2ce859f2080a66b388c623d62646de2c92d64693009bbf86b3b18f,User-agent: * Disallow: User-agent: devtest.yacy Crawl-delay: 0 Sitemap: http://yacy.net/sitemap.xml,"{'content-length': '103', 'content-type': 'text/plain', 'server': 'envoy'}",200,content_observed,,,,,homepage,False,CAPTCHA未観測,未観測,,0,1,0,"{'byte_budget': 10, 'resource_policy': 10, 'outside_scope': 59, 'observation_end': 1}","{'yacy.net': 20, 'yacy.searchlab.eu': 60}",0,https://yacy.net/,https://yacy.net/,,3e3cb7e462e47db22a3d021205e598d54a65944ce8c7a64bd825346efc69b195,general/patchright-yacy-baseline-homepage-1-48.png,Home | - | YaCy,"Home - YaCy Toggle navigation Home Demo Download Docs FAQ User Forum Support GPT Stats GitHub YaCy is free software for your own search engine. YaCy is free search engine software for local search, organization-wide search portals, and a decentralized peer-to-peer web index. Download YaCy Try Demo Choose how you want to use YaCy Run YaCy locally, build a search portal for your organization, or join the decentralized peer-to-peer search network. P2P Mode Web Search by the people, for the people: ",,0,False,False,False,検索クエリ対象外（API/ディレクトリ/セルフホスト等）,https://yacy.net/robots.txt,general,,,,,general/patchright-yacy-baseline-homepage-1-48.png,3e3cb7e462e47db22a3d021205e598d54a65944ce8c7a64bd825346efc69b195,,False,[],False,,,,False,historical_grounding_constraints,,,[],True,"{'byte_budget': 10, 'resource_policy': 10, 'outside_scope': 59, 'observation_end': 1}",0,Keyword-matched saved DOM anchors; may include sitelinks or mixed result modules,False,False,False,,,,,,,,,[]
marginalia,Marginalia Search,independent,search,general,200,,,cf1c0ed7da31c4e19a870dca79bfc4523daabbd57e9cf5b7bd752dc108379739,User-agent: * Disallow: /browse/ Disallow: /search/ Disallow: /search Disallow: /wiki/ Disallow: /explore/ Disallow: /site/ Disallow: /links/,"{'content-encoding': 'gzip', 'content-type': 'text/plain;charset=utf-8', 'server': 'envoy'}",200,content_observed,,200,content_observed,,target,False,CAPTCHA未観測,0件表示を観測,,0,1,0,"{'byte_budget': 1, 'resource_policy': 5}",{'marginalia-search.com': 6},1,https://marginalia-search.com/search?query=%E6%97%A9%E7%A8%B2%E7%94%B0%E5%A4%A7%E5%AD%A6+%E6%95%99%E5%93%A1,https://marginalia-search.com/search?query=%E6%97%A9%E7%A8%B2%E7%94%B0%E5%A4%A7%E5%AD%A6+%E6%95%99%E5%93%A1,https://marginalia-search.com/search?query=%E6%97%A9%E7%A8%B2%E7%94%B0%E5%A4%A7%E5%AD%A6+%E6%95%99%E5%93%A1,cae1792e6a6d995aee0d2cffcb73894760857ade881fcda7b4e3a037fb22603b,general/patchright-marginalia-browser-observation-target-1-77.png,早稲田大学 | 教員 | - | Marginalia | Search,"早稲田大学 教員 - Marginalia Search Skip To Content Search Sites Explore About Marginalia Search Search Filters Language Filter All Blogs Academia Vintage Small Web Wikis Forums Recipes Custom Filter Close Search Language English Swedish French German Multiple language support is currently in a public testing phase, and does not yet work as well as the English portion of the search engine and the non-English index is at this phase very small. The UI will also be streamlined when the functionality start",,0,True,True,True,,https://marginalia-search.com/robots.txt,general,,,,,general/patchright-marginalia-baseline-homepage-1-50.png,6a4c632b82c814e255d825c3f0cfe5333c4ea236559018612ab1b62e02b56924,not_enforced_browser_observation,False,[],False,,,,True,browser_observation,"{'requests': 7, 'bytes_charged': 2260536}","{'requests': 16, 'bytes_charged': 2664889}",['websocket_handshake_or_frames_not_recorded'],False,{},1,Keyword-matched saved DOM anchors; may include sitelinks or mixed result modules,False,False,False,,,,,,,,,[]
wiby,Wiby,independent,search,general,200,,,344ec75af9412751cf747a4e96cc56fcffa0a66b25d0cad6e6f6b8980e702000,User-agent: barkrowler Disallow: / User-agent: AhrefsBot Disallow: / User-agent: Cloudfind Disallow: / User-agent: dotbot Disallow: / User-agent: BLEXBot Disallow: / User-agent: SemrushBot Disallow: / User-Agent: MJ12bot Disallow: / User-agent: * Dis,"{'content-length': '289', 'content-type': 'text/plain', 'server': 'envoy'}",200,content_observed,,200,content_observed,,target,False,CAPTCHA未観測,0件表示を観測,,0,1,0,{'resource_policy': 3},{'wiby.me': 3},0,https://wiby.me/?q=%E6%97%A9%E7%A8%B2%E7%94%B0%E5%A4%A7%E5%AD%A6%20%E6%95%99%E5%93%A1,https://wiby.me/?q=%E6%97%A9%E7%A8%B2%E7%94%B0%E5%A4%A7%E5%AD%A6%20%E6%95%99%E5%93%A1,https://wiby.me/?q=%E6%97%A9%E7%A8%B2%E7%94%B0%E5%A4%A7%E5%AD%A6+%E6%95%99%E5%93%A1,463df5c7e132f7650333ec31099d030099f49c2971491a645d08f83ef716b1c8,general/patchright-wiby-baseline-target-2-54.png,早稲田大学 | 教員,早稲田大学 教員 wiby Settings That's everything I could find. Help make me smarter by submitting a page .,,0,True,True,True,,https://wiby.me/robots.txt,general,,,,,general/patchright-wiby-baseline-homepage-1-53.png,0fc7487a68ac0762abb74db2a445a253db67140b40932a9620c1769209b3c735,,False,[],False,,,,False,historical_grounding_constraints,,,[],True,{'resource_policy': 1},0,Keyword-matched saved DOM anchors; may include sitelinks or mixed result modules,False,False,False,,,,,,,,,[]
yandex,Yandex,regional,search,general,200,,,7afa5219ab35a8321c93c5a690b4e5460bd585c4dc0ac00f331612002974877b,# yandex.com User-agent: * Disallow: /? Disallow: /403.html Disallow: /404.html Disallow: /500.html Disallow: /about.html Disallow: /adddata Disallow: /adresa-segmentator Disallow: /advanced_engl.html Disallow: /advertising Disallow: /ads/ Disallow: ,"{'content-encoding': 'br', 'content-length': '2497', 'content-type': 'text/plain', 'server': 'envoy', 'x-request-id': '77f6c7d3-d7b6-45f8-9240-94c1e0f33f9b'}",200,content_observed,,503,server_error_observed,,target,False,チェックボックス後に画像のシンボル6個を順序選択。画像回答を1回送信したがcheckcaptcha POSTは環境proxy HTTP503、回答の成否・検索結果は未確認,実行環境proxy/upstream失敗（サイトWAFとは未確定）,,0,1,8,"{'outside_scope': 20, 'non_get': 1}","{'yastatic.net': 19, 'static-mon.yandex.net': 1, 'yandex.com': 1}",1,https://yandex.com/search/?text=%E6%97%A9%E7%A8%B2%E7%94%B0%E5%A4%A7%E5%AD%A6+%E6%95%99%E5%93%A1,https://yandex.com/checkcaptcha?key=00AokDm6dd6u7njFePtgQIsb54dcd3b0_4/1790973978/4409bbb283c0a6c2f744ea5a42cc1110_7dd3555dec930e9816796de7a1bbae45&mt=983A2ED12457543516BED2D337402CD584C35EB50E1049146214DA021B49DDE03FE81AA742960D6DD956CF856430F1A814A1068A6B427A07C3141CE92D33D16DAC36DE4895F14D4241C4E3A5573744CE35C5BBFE13EB9366BFEE3081CF239A7BFF8151920C9179772AD7808FE90C9251B174F0F8B86239F9EC049F788FBEF88146B416253F848DB105EE28DA226E4EE22D9CA55ACDB0C597350D71FD45C56FC121F7CDD5919EED31B6E421382810A7957597CA6A83C358116872F4C2DCD805A2A2830E378B44873EA75CD2EB69A5DF16A3E2DE360D7929D8692DB296D3F6E6C387420D7FF7DCF20AA3CC5FF92505C576F60322&retpath=aHR0cHM6Ly95YW5kZXguY29tL3NlYXJjaD90ZXh0PSVFNiU5NyVBOSVFNyVBOCVCMiVFNyU5NCVCMCVFNSVBNCVBNyVFNSVBRCVBNislRTYlOTUlOTklRTUlOTMlQTE%2C_0e0a676d3156452416841509d470ad41&u=9509764714143168692&s=9d2314e9d375f74a397264d5e89d8c44,https://yandex.com/search/?text=%E6%97%A9%E7%A8%B2%E7%94%B0%E5%A4%A7%E5%AD%A6+%E6%95%99%E5%93%A1,cb7ec7653be2c097f0ac40beba408c2fce307b8e7ddccd049a0dfaf61dd2db6e,general/patchright-yandex-visual-check-target-3-95.png,,"upstream connect error or disconnect/reset before headers. reset reason: remote connection failure, transport failure reason: immediate connect error: Invalid argument|remote address:envoy://cloudflare_https_tunnel/",,0,True,True,False,,https://yandex.com/robots.txt,general,,,,,general/patchright-yandex-baseline-homepage-1-56.png,84674a97569accb781552725b9a8a7016e9ce6fb1bda7048e55babf626f3680e,not_enforced_browser_observation,False,[],False,,,,True,browser_observation,"{'requests': 5, 'bytes_charged': 2549391}","{'requests': 26, 'bytes_charged': 4998745}",['websocket_handshake_or_frames_not_recorded'],False,{},1,Keyword-matched saved DOM anchors; may include sitelinks or mixed result modules,True,False,True,user_relayed_external_test,200,10,,大学概要・卒業生などが混在との報告。,容易に突破できたとの別検証報告（課題形式・操作・所要時間は不明）,元依頼の検索語は「早稲田大学 教員」。別検証の実際の送信クエリは明示されていない。,False,[]
baidu,Baidu,regional,search,general,200,,,c28ebeffb7baf9bd6407109e80dc95d87c75c0eaecc20b23884cb33111cc5df0,User-agent: Baiduspider Disallow: /baidu Disallow: /s? Disallow: /ulink? Disallow: /link? Disallow: /home/news/data/ Disallow: /bh User-agent: Googlebot Disallow: /baidu Disallow: /s? Disallow: /shifen/ Disallow: /homepage/ Disallow: /cpro Disallow: ,"{'content-encoding': 'gzip', 'content-length': '232', 'content-type': 'text/plain', 'server': 'envoy'}",,robots_denied,,200,content_observed,,target,False,CAPTCHA未観測,保存DOMから教員関連候補リンク抽出,,0,0,17,{'observation_end': 1},{'chat-ws.baidu.com': 1},1,https://www.baidu.com/s?wd=%E6%97%A9%E7%A8%B2%E7%94%B0%E5%A4%A7%E5%AD%A6+%E6%95%99%E5%93%A1,https://www.baidu.com/s?wd=%E6%97%A9%E7%A8%B2%E7%94%B0%E5%A4%A7%E5%AD%A6+%E6%95%99%E5%93%A1,https://www.baidu.com/s?wd=%E6%97%A9%E7%A8%B2%E7%94%B0%E5%A4%A7%E5%AD%A6+%E6%95%99%E5%93%A1,6fea0f64c22800697dd8b6d494921300d1a61bfdcc01cdb757aa236cf0e920db,general/patchright-baidu-browser-observation-target-1-79.png,早稲田大学 | 教員_百度搜索,早稲田大学 教員_百度搜索 早稲田大学 教員 百度一下  输入法 手写 拼音 关闭 百度首页 设置 登录 登录体验更多服务👆 抗击肺炎 新闻 hao123 地图 视频 贴吧 学术 登录 设置 更多产品 尝试使用 / 快捷输入吧~  网页 图片 资讯 视频 笔记 地图 贴吧 文库 更多 搜索工具 相关搜索 早稻田大学 商学研究科 早稻田相当于国内什么大学 西早稻田 早稻田大学学费 早稻田大学教授 早稻田大学校友    换一换 热搜榜 财经榜 民生榜  迈步新征程 我们自信而笃行 1 全国各地为何都在“爆改地铁” 热 2 亚运三金到手 归来仍是高中生 3 万里边关 同升五星红旗 4 男子偶遇烈士纪念碑 留下国旗后哽咽 5 Zara新品裙子上线就售罄：6000多一条 6 “饿死肿瘤”的方法竟然真找到了 7 全球跑的中国游客 让老外过上黄金周 8 “像造车一样盖房”真的来了 热 9 小猫误入天安门执勤岗哨 这一幕太暖 10 董路：国足这么踢日本可能要输0-15 11 这些涉及假期的网传信息都是假的 12 两匹马高架狂奔 被笑称“宝马X2” 13 青海一汽车夜间行驶撞上野鹿 14 普,,3,True,True,True,,https://www.baidu.com/robots.txt,general,,,,,,,not_enforced_browser_observation,False,[],False,,,,True,browser_observation,"{'requests': 1, 'bytes_charged': 2814}","{'requests': 98, 'bytes_charged': 8711647}",['websocket_handshake_or_frames_not_recorded'],False,{'observation_end': 1},1,Baidu regular result.c-container card mu URLs and h3 titles; AI/knowledge/image modules excluded,False,False,False,,,,,,,,,"[{""url"": ""https://www.waseda.jp/inst/gec/gec/faculty/"", ""title"": ""教員 紹介 – 早稲田大学 グローバル・エデュケーション・セン...""}, {""url"": ""https://www.waseda.jp/fpse/pse/about/faculty/"", ""title"": ""教員 紹介 – 早稲田大学 政治経済学部""}, {""url"": ""https://www.eb.waseda.ac.jp/laboratory/"", ""title"": ""教員 紹介| 早稲田大学 電気・情報生命工学科/専攻""}, {""url"": ""https://www.musabi.ac.jp/collaboration/consortium/waseda/"", ""title"": ""早稲田大学 との学生交流制度について | 武蔵野美術大学""}, {""url"": ""https://zhuanlan.zhihu.com/p/543935227"", ""title"": ""教授图鉴 ‖ 早稻田大学 商学研究科藤田誠教授介绍 - 知乎""}, {""url"": ""https://math.fjnu.edu.cn/e4/8b/c15101a451723/page.htm"", ""title"": ""日本 早稻田大学 Takashi Kumagai教授系列学术报告""}]"
naver,Naver,regional,search,general,200,,,739de25c2d07c3b73255c107cd986db920102eb1ea92dd00458c38d2057d06ac,User-agent: * Disallow: / # BOT ACCESS FOR THE PURPOSES OF AI TRAINING AND RETRIEVAL-AUGMENTED GENERATION (RAG) IS STRICTLY PROHIBITED. User-agent: GPTBot Disallow: / User-agent: OAI-SearchBot Disallow: / User-agent: PerplexityBot Disallow: / User-ag,"{'content-length': '474', 'content-type': 'text/plain', 'server': 'envoy'}",,robots_denied,,200,content_observed,,target,False,CAPTCHA未観測,保存DOMから教員関連候補リンク抽出,target hcaptcha:widget_or_library (hCaptcha marker),0,0,13,{'observation_end': 3},"{'kr-col-ext.nelo.navercorp.com': 1, 'l.search.naver.com': 2}",1,https://search.naver.com/search.naver?query=%E6%97%A9%E7%A8%B2%E7%94%B0%E5%A4%A7%E5%AD%A6+%E6%95%99%E5%93%A1,https://search.naver.com/search.naver?query=%E6%97%A9%E7%A8%B2%E7%94%B0%E5%A4%A7%E5%AD%A6+%E6%95%99%E5%93%A1,https://search.naver.com/search.naver?query=%E6%97%A9%E7%A8%B2%E7%94%B0%E5%A4%A7%E5%AD%A6+%E6%95%99%E5%93%A1,8209fae2f563cce3813147b62d627b01fc3a2b89993f31e41f98d02f44ebfd5e,general/patchright-naver-browser-observation-target-1-81.png,早稲田大学 | 教員 | : | 네이버 | 검색,"早稲田大学 教員 : 네이버 검색 메뉴 영역으로 바로가기 본문 영역으로 바로가기 현재 PC에 최적화된 브라우저 웨일을 설치하세요 다운로드 닫기 NAVER 검색 한글 입력기 입력도구 최근 검색어 전체삭제 검색어 저장 기능이 꺼져 있습니다. 설정이 초기화 된다면 도움말 새 창 열림 을 확인해 주세요. 최근 검색어 내역이 없습니다. 설정이 초기화 된다면 도움말 새 창 열림 을 확인해 주세요. 추천 검색어 이 정보가 표시된 이유 네이버 AI 모델이 내 검색 이력을 기준으로, 내 관심사와 맥락에 어울리는 맞춤형 검색어를 추천해 드려요. 정보확인 레이어 닫기 일시적인 오류로 정보를 표시할 수 없습니다. 다시 시도해주십시오. 재시도 검색 이력 기반 추천 검색어 도움말 새 창 열림 추천 검색어 자동저장 끄기 도움말 새 창 열림 닫기 자세히보기 새 창 열림 관심사를 반영한 컨텍스트 자동완성 도움말 새 창 열림 컨텍스트 자동완성 컨텍스트 자동완성 ON/OFF 설정은 해당기기(브라우저)에 저장됩니다. 자",,10,True,True,True,,https://search.naver.com/robots.txt,general,,,,,,,not_enforced_browser_observation,False,[],False,,,,True,browser_observation,"{'requests': 1, 'bytes_charged': 474}","{'requests': 93, 'bytes_charged': 10372265}",['websocket_handshake_or_frames_not_recorded'],False,{'observation_end': 3},1,Keyword-matched saved DOM anchors; may include sitelinks or mixed result modules,False,False,False,,,,,,,,,"[{""title"": ""waseda.ac.jp www.mmech.waseda.ac.jp 새 창 열림"", ""url"": ""https://www.mmech.waseda.ac.jp/""}, {""title"": ""研究室 새 창 열림"", ""url"": ""https://www.mmech.waseda.ac.jp/laboratory/""}, {""title"": ""高校生の皆さんへ 새 창 열림"", ""url"": ""https://www.mmech.waseda.ac.jp/university/""}, {""title"": ""大学生の皆さんへ 새 창 열림"", ""url"": ""https://www.mmech.waseda.ac.jp/graduate/""}, {""title"": ""カリキュラム 새 창 열림"", ""url"": ""https://www.cse.sci.waseda.ac.jp/department/mmech/""}, {""title"": ""進路 새 창 열림"", ""url"": ""https://www.mmech.waseda.ac.jp/course/""}, {""title"": ""waseda.ac.jp www.fse.sci.waseda.ac.jp 새 창 열림"", ""url"": ""https://www.fse.sci.waseda.ac.jp/""}, {""title"": ""学科・専攻 새 창 열림"", ""url"": ""https://www.fse.sci.waseda.ac.jp/dept/""}, {""title"": ""学系別入試 새 창 열림"", ""url"": ""https://www.fse.sci.waseda.ac.jp/exam/""}, {""title"": ""学部長より 새 창 열림"", ""url"": ""https://www.fse.sci.waseda.ac.jp/dean/""}]"
duckduckgo,DuckDuckGo,privacy,search,meta,200,,,02fc159e8e3fefe13845427b27022341b6dc9e62a96e5605f59c2c0d03ee0baf,"User-agent: * Disallow: /lite Disallow: /html # Block query strings on other pages; allow them at the root (covers SERP's # ?q= and any other root-level params). # Google/Bing apply the least-restrictive rule on a tie, so Allow wins for root. Disallo","{'content-encoding': 'br', 'content-security-policy': ""default-src 'none' ; connect-src  https://duck.ai https://*.duck.ai https://duckduckgo.com https://*.duckduckgo.com https://duckduckgogg42xjoc72x3sjasowoarfbgcmvfimaftt6twagswzczad.onion/ https://spreadprivacy.com ; manifest-src  https://duck.ai https://*.duck.ai https://duckduckgo.com https://*.duckduckgo.com https://duckduckgogg42xjoc72x3sjasowoarfbgcmvfimaftt6twagswzczad.onion/ https://spreadprivacy.com ; media-src  https://duck.ai https://*.duck.ai https://duckduckgo.com https://*.duckduckgo.com https://duckduckgogg42xjoc72x3sjasowoarfbgcmvfimaftt6twagswzczad.onion/ https://spreadprivacy.com ; script-src blob:  https://duck.ai https://*.duck.ai https://duckduckgo.com https://*.duckduckgo.com https://duckduckgogg42xjoc72x3sjasowoarfbgcmvfimaftt6twagswzczad.onion/ https://spreadprivacy.com 'unsafe-inline' 'unsafe-eval' ; font-src data:  https://duck.ai https://*.duck.ai https://duckduckgo.com https://*.duckduckgo.com https://duckduckgogg42xjoc72x3sjasowoarfbgcmvfimaftt6twagswzczad.onion/ https://spreadprivacy.com ; img-src blob: data:  https://duck.ai https://*.duck.ai https://duckduckgo.com https://*.duckduckgo.com https://duckduckgogg42xjoc72x3sjasowoarfbgcmvfimaftt6twagswzczad.onion/ https://spreadprivacy.com ; style-src  https://duck.ai https://*.duck.ai https://duckduckgo.com https://*.duckduckgo.com https://duckduckgogg42xjoc72x3sjasowoarfbgcmvfimaftt6twagswzczad.onion/ https://spreadprivacy.com 'unsafe-inline' ; object-src 'none' ; worker-src blob: ; child-src blob:  https://duck.ai https://*.duck.ai https://duckduckgo.com https://*.duckduckgo.com https://duckduckgogg42xjoc72x3sjasowoarfbgcmvfimaftt6twagswzczad.onion/ https://spreadprivacy.com ; frame-src blob:  https://duck.ai https://*.duck.ai https://duckduckgo.com https://*.duckduckgo.com https://duckduckgogg42xjoc72x3sjasowoarfbgcmvfimaftt6twagswzczad.onion/ https://spreadprivacy.com ; form-action  https://duck.ai https://*.duck.ai https://duckduckgo.com https://*.duckduckgo.com https://duckduckgogg42xjoc72x3sjasowoarfbgcmvfimaftt6twagswzczad.onion/ https://spreadprivacy.com ; frame-ancestors 'self' https://html.duckduckgo.com; base-uri 'self' ; block-all-mixed-content ;"", 'content-type': 'text/plain; charset=UTF-8', 'server': 'envoy'}",200,content_observed,,200,content_observed,,target,False,CAPTCHA未観測,保存DOMから教員関連候補リンク抽出,,0,1,3,"{'resource_policy': 23, 'byte_budget': 23, 'non_get': 3, 'outside_scope': 1}","{'duckduckgo.com': 46, 'improving.duckduckgo.com': 3, 'links.duckduckgo.com': 1}",0,https://duckduckgo.com/?q=%E6%97%A9%E7%A8%B2%E7%94%B0%E5%A4%A7%E5%AD%A6+%E6%95%99%E5%93%A1,https://duckduckgo.com/?q=%E6%97%A9%E7%A8%B2%E7%94%B0%E5%A4%A7%E5%AD%A6+%E6%95%99%E5%93%A1&ia=web,https://duckduckgo.com/?q=%E6%97%A9%E7%A8%B2%E7%94%B0%E5%A4%A7%E5%AD%A6+%E6%95%99%E5%93%A1,a47de6cb7144765fdf291c65591f862998b4ee1cc51494d3fd776f575a40f56c,meta/patchright-duckduckgo-browser-observation-target-1-83.png,早稲田大学 | 教員 | at | DuckDuckGo,早稲田大学 教員 at DuckDuckGo DuckDuckGo Protection. Privacy. Peace of mind. Open menu All Images Videos News More Search Assist Duck.ai Search Settings Private All regions Safe search: moderate Any time w-rdb.waseda.jp Only include results for this site Redo search without this site Block this site from all results Share feedback about this site 早稲田大学 https://w-rdb.waseda.jp › search?m=home&l=ja 研究者データベース - 早稲田大学 - Waseda 2026年9月8日（火）、早稲田大学国際会議場において「W-SPRING・W-SPRING-AI博士フォーラム」を開催しました。 本フォーラムは、博士後期課程へ,,8,True,True,True,,https://duckduckgo.com/robots.txt,meta,,,,,meta/patchright-duckduckgo-baseline-homepage-1-24.png,397259f07439e5c33b9db2fa8485f7de09b47d35d9865b13a4abb58bfd119026,not_enforced_browser_observation,False,[],False,,,,True,browser_observation,"{'requests': 10, 'bytes_charged': 2916833}","{'requests': 81, 'bytes_charged': 10960467}",['websocket_handshake_or_frames_not_recorded'],False,{},0,Keyword-matched saved DOM anchors; may include sitelinks or mixed result modules,False,False,False,,,,,,,,,"[{""title"": ""https://w-rdb.waseda.jp › search?m=home&l=ja"", ""url"": ""https://w-rdb.waseda.jp/search?m=home&l=ja""}, {""title"": ""教員紹介 早稲田大学 文学学術院 オフィシャルサイト。文化構想学部、文学部、文学研究科、総合人文科学研究センター、4つの組織から構成される学術院の案内です。"", ""url"": ""https://www.waseda.jp/flas/faculty/""}, {""title"": ""教職員に関する情報 早稲田大学の専任教員は約2000人。非常勤講師等を含めると、約5000人が教育・研究に携わっています。学外機関から各種顕彰を受けている教員も多数います。また、学問・芸術などで顕著な貢献をされた方には、名誉博士の学位を贈呈しています。"", ""url"": ""https://www.waseda.jp/top/about/disclosure/staff""}, {""title"": ""名前検索 早稲田大学の教員氏名から検索します。 文字ボタンで頭文字を1文字選択してください。"", ""url"": ""https://w-rdb.waseda.jp/search?m=name&l=ja""}, {""title"": ""https://www.fse.sci.waseda.ac.jp › dept › faculty"", ""url"": ""https://www.fse.sci.waseda.ac.jp/dept/faculty/""}, {""title"": ""https://www.phys.waseda.ac.jp › staff"", ""url"": ""https://www.phys.waseda.ac.jp/staff/""}, {""title"": ""https://waseda-buneibun.com › academic-staff"", ""url"": ""https://waseda-buneibun.com/academic-staff/""}, {""title"": ""https://psychol.w.waseda.jp › 教員紹介"", ""url"": ""https://psychol.w.waseda.jp/%E6%95%99%E5%93%A1%E7%B4%B9%E4%BB%8B/""}, {""title"": ""https://waseda-edu-english.com › a_staff"", ""url"": ""https://waseda-edu-english.com/a_staff/""}, {""title"": ""https://www.arch.waseda.ac.jp › wa › professors"", ""url"": ""https://www.arch.waseda.ac.jp/wa/professors""}]"
startpage,Startpage,privacy,search,meta,200,,,795bee4d79cfc811f19fa32f2ce9e9aaac481b367c34a2d85982f4ba2761624e,User-agent: * Allow: /sp/cdn/images/ Allow: /sp/cdn/favicons/ Disallow: /cgi-bin/ Disallow: /do/ Disallow: /sp/ Disallow: /av/ Noindex: /cgi-bin/ Noindex: /do/ Noindex: /sp/ Noindex: /av/,"{'content-length': '188', 'content-type': 'text/plain', 'server': 'envoy'}",200,content_observed,,200,content_observed,,target,False,CAPTCHA未観測,保存DOMから教員関連候補リンク抽出,,0,1,1,"{'resource_policy': 1, 'observation_end': 1}",{'www.startpage.com': 2},1,https://www.startpage.com/sp/search?query=%E6%97%A9%E7%A8%B2%E7%94%B0%E5%A4%A7%E5%AD%A6+%E6%95%99%E5%93%A1,https://www.startpage.com/sp/search?query=%E6%97%A9%E7%A8%B2%E7%94%B0%E5%A4%A7%E5%AD%A6+%E6%95%99%E5%93%A1,https://www.startpage.com/sp/search?query=%E6%97%A9%E7%A8%B2%E7%94%B0%E5%A4%A7%E5%AD%A6+%E6%95%99%E5%93%A1,1d0cce1618cdd974972221e5a777443ab330a1ccad72584ff174511814661cfe,meta/patchright-startpage-browser-observation-target-1-85.png,Startpage | Search | Results,"Startpage Search Results 100% Ad-Free Startpage Go Ad-Free skip to main content Log In Search Settings Products Startpage Search Mobile Browser To add Startpage to your home screen, tap: and then choose: Add to Home Screen Got it! Browser Extension Resources About Us Privacy Policy Press Support Imprint Blog Go Ad-Free Log In Search Settings Products Startpage Search Mobile Browser To add Startpage to your home screen, tap: and then choose: Add to Home Screen Got it! Browser Extension Resources ",,8,True,True,True,,https://www.startpage.com/robots.txt,meta,,,,,meta/patchright-startpage-baseline-homepage-1-27.png,663ea44f5b11ef7ba8d4792962b2aa474030d5ad722f30157cdc384afdaa5c16,not_enforced_browser_observation,False,[],False,,,,True,browser_observation,"{'requests': 9, 'bytes_charged': 4232833}","{'requests': 69, 'bytes_charged': 9121042}",['websocket_handshake_or_frames_not_recorded'],False,{},1,Keyword-matched saved DOM anchors; may include sitelinks or mixed result modules,False,False,False,,,,,,,,,"[{""title"": ""早稲田大学"", ""url"": ""https://www.waseda.jp/flas/faculty""}, {""title"": ""早稲田大学研究者データベース"", ""url"": ""https://w-rdb.waseda.jp/""}, {""title"": ""早稲田大学研究者データベース"", ""url"": ""https://w-rdb.waseda.jp/search?m=name&l=ja""}, {""title"": ""早稲田大学"", ""url"": ""https://www.waseda.jp/top/about/disclosure/staff""}, {""title"": ""早稲田大学"", ""url"": ""https://www.waseda.jp/fhum/hum/about/faculty-3""}, {""title"": ""早稲田大学研究者データベース"", ""url"": ""https://w-rdb.waseda.jp/search?m=affiliation&l=ja&a2=0000008&s=1&o=shokumei""}, {""title"": ""早稲田大学生活協同組合"", ""url"": ""https://www.wcoop.ne.jp/staff/index.html""}, {""title"": ""早稲田大学研究者データベース"", ""url"": ""https://w-rdb.waseda.jp/search?m=field&l=ja&s=1&p=1&k=%E3%83%89%E3%82%A4%E3%83%84&o=count""}, {""title"": ""https://w-rdb.waseda.jp/search?m=field&l=ja&s=1&p=1&k=ドイツ&o=count https://w-rdb.waseda.jp › search"", ""url"": ""https://w-rdb.waseda.jp/search?m=field&l=ja&s=1&p=1&k=ドイツ&o=count""}, {""title"": ""早稲田大学教員組合"", ""url"": ""http://wkyoso.com/""}]"
qwant,Qwant,privacy,search,meta,200,,,66d05073c57839eb83b774f49f5deb79b9199bc6bd0f2391af92223178a27588,#Robots.txt - www.qwant.com User-agent: * Disallow: /?*q=* Disallow: /?*drawer=* Disallow: /?*bottomMenu=* Disallow: /?*home=* #AI Bots User-agent: AI2Bot User-agent: AI2Bot-DeepResearchEval User-agent: Ai2Bot-Dolma User-agent: Amazonbot User-agent: ,"{'content-encoding': 'gzip', 'content-security-policy': ""default-src 'self' data: blob:;script-src 'self' 'unsafe-inline' 'unsafe-eval' data: *.qwant.com qwant.com *.qwant.com qwant.com;script-src-elem 'self' 'unsafe-inline' data: *.qwant.com qwant.com *.qwant.com  qwant-prod.piwik.pro  ;style-src 'self' 'unsafe-inline' data: *.qwant.com qwant.com;object-src 'self';connect-src 'self' ws: *.apple.com *.qwant.com qwant.com *.qwant.com qwant.com  qwant-prod.piwik.pro    ;img-src blob: 'self' www.qwant.com s1.qwant.com s2.qwant.com s.qwant.com f.qwant.com data: s.qwant.com s1.qwant.com s2.qwant.com www.qwant.com *.s3.gra.io.cloud.ovh.net      prod-adserver.s3.gra.perf.cloud.ovh.net;frame-ancestors *.qwant.com *.qwant.com;form-action auth.qwant.com appleid.apple.com;font-src 'self';worker-src blob: 'self' www.youtube-nocookie.com www.youtube.com;frame-src player.twitch.tv player.vimeo.com www.dailymotion.com www.youtube-nocookie.com net.geo.opera.com *.captcha-delivery.com  *.qwant.com *.qwant.com;media-src blob: *.qwant.com *.qwant.com *.apple.com *.s3.gra.io.cloud.ovh.net;base-uri 'self'"", 'content-type': 'text/plain; charset=utf-8', 'server': 'envoy', 'x-cache': 'MISS'}",200,content_observed,,200,content_observed,,target,False,CAPTCHA未観測,検索UI HTTP200、結果取得エラー（画面: FDN 50 / HTTP403）,,0,1,8,"{'byte_budget': 175, 'resource_policy': 7, 'outside_scope': 2, 'observation_end': 3}","{'www.qwant.com': 185, 'dd.qwant.com': 2}",0,https://www.qwant.com/?q=%E6%97%A9%E7%A8%B2%E7%94%B0%E5%A4%A7%E5%AD%A6%20%E6%95%99%E5%93%A1&t=web,https://www.qwant.com/?q=%E6%97%A9%E7%A8%B2%E7%94%B0%E5%A4%A7%E5%AD%A6%20%E6%95%99%E5%93%A1&t=web,https://www.qwant.com/search?q=%E6%97%A9%E7%A8%B2%E7%94%B0%E5%A4%A7%E5%AD%A6+%E6%95%99%E5%93%A1,13f5b572cf14e66f30a4e364bee9740b0f4b8366389d432df210f09d88c45dce,meta/patchright-qwant-browser-observation-target-1-113.png,早稲田大学 | 教員 | – | Qwant | Search,"早稲田大学 教員 – Qwant Search Skip to main content All Images Videos News Shopping Filters United States Search results for 早稲田大学 教員 Qwant is temporarily unavailable Please check your connection or refresh page . (FDN 50 / HTTP 403) Relaunch your search No more results available Qwant extension Install Qwant as your default search engine. Add to Chrome The search engine that values you as a user, not as a product Discover the service Services Search Junior About Qwant Better Web Join Us Help Center Co",,0,True,True,False,,https://www.qwant.com/robots.txt,meta,,,,,meta/patchright-qwant-baseline-homepage-1-30.png,3e261249be9b38d79ef5c938ee2a74aad5f8789c5ab7cd3081c3bca11ea49767,not_enforced_browser_observation,False,[],False,,,,True,browser_observation,"{'requests': 15, 'bytes_charged': 6504813}","{'requests': 120, 'bytes_charged': 9170096}",['websocket_handshake_or_frames_not_recorded'],False,{},0,Keyword-matched saved DOM anchors; may include sitelinks or mixed result modules,False,False,False,,,,,,,,,[]
ecosia,Ecosia,privacy,search,meta,200,,,99caab3493b58dffaca32a051828fb90cc804590979803f7883d6a408b1f56ac,User-agent: * Disallow: /search Disallow: /videos Disallow: /images Disallow: /install Disallow: /news Disallow: /map Disallow: /maps Disallow: /google Disallow: /settings Disallow: /firstrun Disallow: /uninstall Disallow: /account/* Disallow: /accou,"{'cf-ray': 'a4462148cac1e19d-SJC', 'content-encoding': 'br', 'content-type': 'text/plain', 'server': 'envoy', 'via': '1.1 40eef8a1f68a2d42c85df34e3766b79c.cloudfront.net (CloudFront)', 'x-amz-cf-id': 'tbx6bqx0V52byxOPjlC6PjXOQ9PAdMqexHwPkh50pFFS52V6R7v5tA==', 'x-amz-cf-pop': 'SFO53-P1', 'x-cache': 'Hit from cloudfront'}",403,challenge_observed,,403,challenge_observed,,target,True,確認画面を観測。外部widgetの実験側制限なし、通過未確認,人間確認/Challenge表示（検索結果未確認）,homepage cloudflare:technology (cf-ray or Cloudflare server header); homepage cloudflare:challenge (cf-mitigated: challenge); target cloudflare:technology (cf-ray or Cloudflare server header); target cloudflare:challenge (cf-mitigated: challenge); target turnstile:widget_or_library (Turnstile marker),0,1,2,{'observation_end': 1},{'www.ecosia.org': 1},2,https://www.ecosia.org/search?q=%E6%97%A9%E7%A8%B2%E7%94%B0%E5%A4%A7%E5%AD%A6+%E6%95%99%E5%93%A1,https://www.ecosia.org/search?q=%E6%97%A9%E7%A8%B2%E7%94%B0%E5%A4%A7%E5%AD%A6+%E6%95%99%E5%93%A1,https://www.ecosia.org/search?q=%E6%97%A9%E7%A8%B2%E7%94%B0%E5%A4%A7%E5%AD%A6+%E6%95%99%E5%93%A1,ec315870a841590494cef0196ba7195a4730fc1b2fb0b1ac68648343bf3a5e82,meta/patchright-ecosia-browser-observation-target-1-89.png,Just | a | moment...,Just a moment... Confirm you’re not a robot Our system has detected unusual traffic from your network. Please solve the challenge below to show you’re not a robot. Verification successful. Waiting for www.ecosia.org to respond,,0,True,True,False,,https://www.ecosia.org/robots.txt,meta,,,,,meta/patchright-ecosia-baseline-homepage-1-33.png,46a7567d2ddec5872eeb56ed4c6c34e1314bb00b265803241d66c94be3d8c2c9,not_enforced_browser_observation,False,[],False,,,,True,browser_observation,"{'requests': 6, 'bytes_charged': 4200922}","{'requests': 17, 'bytes_charged': 5810198}",['websocket_handshake_or_frames_not_recorded'],False,{},0,Keyword-matched saved DOM anchors; may include sitelinks or mixed result modules,False,False,False,,,,,,,,,[]
swisscows,Swisscows,privacy,search,meta,200,,,09c9df843d9c84783ae63e0d80488ded8ca6aa3d493b9b4cd0400ed160c470e4,User-agent: * Disallow: /api/ Disallow: /web Disallow: /en/web Disallow: /de/web Disallow: /fr/web Disallow: /it/web Disallow: /es/web Disallow: /nl/web Disallow: /hu/web Disallow: /lv/web Disallow: /ru/web Disallow: /uk/web Disallow: /images Disallo,"{'content-encoding': 'gzip', 'content-type': 'text/plain; charset=UTF-8', 'server': 'envoy'}",200,content_observed,,200,content_observed,,target,False,CAPTCHA未観測,保存DOMから教員関連候補リンク抽出,,0,1,10,"{'resource_policy': 5, 'byte_budget': 42}",{'swisscows.com': 47},1,https://swisscows.com/web?query=%E6%97%A9%E7%A8%B2%E7%94%B0%E5%A4%A7%E5%AD%A6+%E6%95%99%E5%93%A1,https://swisscows.com/en/web?query=%E6%97%A9%E7%A8%B2%E7%94%B0%E5%A4%A7%E5%AD%A6+%E6%95%99%E5%93%A1,https://swisscows.com/web?query=%E6%97%A9%E7%A8%B2%E7%94%B0%E5%A4%A7%E5%AD%A6+%E6%95%99%E5%93%A1,25772eab5279c365d94cc8d856d485f5d4d70ae1fbefc4ac943716665e45dbda,meta/patchright-swisscows-browser-observation-target-1-91.png,Web | pages | for | 早稲田大学 | 教員 | - | Swisscows,Web pages for 早稲田大学 教員 - Swisscows Swisscows VPN Get 30% OFF! Code: VPN30 Web Images Video Shopping Music Any time 教員紹介 – 早稲田大学 文学学術院 早稲田大学 文学学術院 オフィシャルサイト。文化構想学部、文学部、文学研究科、総合人文科学研究センター、4つの組織から構成される学術院の案内です。 www.waseda.jp Preview AI summary 教職員に関する情報 – 早稲田大学 早稲田大学の専任教員は約2000人。非常勤講師等を含めると、約5000人が教育・研究に携わっています。学外機関から各種顕彰を受けている教員も多数います。また、学問・芸術などで顕著な貢献をされた方には、名誉博... www.waseda.jp Preview AI summary Video 3:47 慶應・早稲田大学によくいる教授【教授あるある】 ... www.youtube.com 327K 5:41 早稲田大学教授への道 ～大学研究者のキャリア～ ... www.yout,,5,True,True,True,,https://swisscows.com/robots.txt,meta,,,,,meta/patchright-swisscows-baseline-homepage-1-35.png,513306e18b435c841e441c4a793a5ea92de5ce3fc6cdc1acfbe45f44223cdb4a,not_enforced_browser_observation,False,[],False,,,,True,browser_observation,"{'requests': 11, 'bytes_charged': 2444565}","{'requests': 108, 'bytes_charged': 4808381}",['websocket_handshake_or_frames_not_recorded'],False,{},1,Keyword-matched saved DOM anchors; may include sitelinks or mixed result modules,False,False,False,,,,,,,,,"[{""title"": ""教員紹介 – 早稲田大学 文学学術院"", ""url"": ""https://www.waseda.jp/flas/faculty/""}, {""title"": ""教職員に関する情報 – 早稲田大学"", ""url"": ""https://www.waseda.jp/top/about/disclosure/staff?lng=en""}, {""title"": ""慶應・早稲田大学によくいる教授【教授あるある】 ..."", ""url"": ""https://www.youtube.com/watch?v=zh8oOyw_hUM""}, {""title"": ""早稲田大学教授への道 ～大学研究者のキャリア～ ..."", ""url"": ""https://www.youtube.com/watch?v=2jIz5yzTDtc""}, {""title"": ""劉傑 早稲田大学教授 2010.12.6 - YouTube"", ""url"": ""https://www.youtube.com/watch?v=nMTjbweWvfQ""}, {""title"": ""【教員にならない人も】早稲田教授が語る、教職..."", ""url"": ""https://www.youtube.com/shorts/pob9l6yJmFs""}, {""title"": ""【教職大学院でわかる適正】早稲田大学教職大学..."", ""url"": ""https://www.youtube.com/watch?v=8-1R9cybCRQ""}, {""title"": ""全教員リスト | 早稲田大学 基幹理工学部・研究科"", ""url"": ""https://www.fse.sci.waseda.ac.jp/dept/faculty/""}, {""title"": ""教員 – 早稲田大学 理工学術院"", ""url"": ""https://www.waseda.jp/fsci/about/faculty/""}, {""title"": ""教員紹介 – 早稲田大学 社会科学部"", ""url"": ""https://www.waseda.jp/fsss/sss/about/faculty/""}]"
metager,MetaGer,metasearch,metasearch,meta,200,,,9088516a1f664376f79ca06ec217f07f88a74f5e9e6c31fbf26dc11317871360,User-agent: * Disallow: /meta/ Disallow: /*/meta/ Disallow: /qt Disallow: /en/qt Disallow: /konto Disallow: /*/konto Disallow: /anmelden Disallow: /*/anmelden Disallow: /schluessel-erstellen Disallow: /*/schluessel-erstellen Disallow: /keys/key/ Disa,"{'content-security-policy': ""default-src 'self'; script-src 'self'; script-src-elem 'self'; script-src-attr 'self'; worker-src 'self' blob:; style-src 'self'; style-src-elem 'self'; style-src-attr 'self'; img-src 'self' data:; font-src 'self'; connect-src 'self'; frame-src 'self'; frame-ancestors 'self' https://scripts.zdv.uni-mainz.de; form-action 'self' metager.org metager.de"", 'content-type': 'text/plain; charset=utf-8', 'server': 'envoy'}",200,content_observed,,200,content_observed,,target,False,CAPTCHA未観測,応答あり、結果本体未確認（空/JSシェル等）,,0,1,0,"{'byte_budget': 4, 'resource_policy': 25}",{'metager.org': 29},1,https://metager.org/meta/meta.ger3?eingabe=%E6%97%A9%E7%A8%B2%E7%94%B0%E5%A4%A7%E5%AD%A6+%E6%95%99%E5%93%A1,https://metager.org/?eingabe=%E6%97%A9%E7%A8%B2%E7%94%B0%E5%A4%A7%E5%AD%A6%20%E6%95%99%E5%93%A1,https://metager.org/meta/meta.ger3?eingabe=%E6%97%A9%E7%A8%B2%E7%94%B0%E5%A4%A7%E5%AD%A6+%E6%95%99%E5%93%A1,c444f53ccd896f83223b865dd122f221698f71c3cd31cc4afb90b9bfc41da7ff,meta/patchright-metager-browser-observation-target-1-93.png,MetaGer: | Privacy | Protected | Search | & | Find,"MetaGer: Privacy Protected Search & Find Quickly jump to content Skip to navigation You can return to this menu any time by pressing the escape key US Open Source. Ad-Free. Anonymous. Search and browse the web without being watched MetaGer respects your privacy and lets you browse any website anonymously too. No ads No tracking No logging No compromises Log in with my key Your key is your access – no account, no email address. Only your balance hangs off it. First time here? Set up a key How it ",,0,True,True,False,,https://metager.org/robots.txt,meta,,,,,meta/patchright-metager-baseline-homepage-1-38.png,92c39699d0326d648c6003d9a07bbc8fe6b171ecaab10c1aad54b6969c6878b5,not_enforced_browser_observation,False,[],False,,,,True,browser_observation,"{'requests': 8, 'bytes_charged': 2246209}","{'requests': 44, 'bytes_charged': 2485827}",['websocket_handshake_or_frames_not_recorded'],False,{},1,Keyword-matched saved DOM anchors; may include sitelinks or mixed result modules,False,False,False,,,,,,,,,[]
searxng,SearXNG,metasearch,instance_directory,meta,200,,,cb1c6b7f5be4ad165fc504e945363c3ac034b98b2eff1cdc4bf85fde5f00df53,User-agent: * Allow: / Sitemap: https://searx.space/sitemap.xml,"{'content-length': '65', 'content-type': 'text/plain; charset=utf-8', 'server': 'envoy'}",200,content_observed,,,,,homepage,False,CAPTCHA未観測,未観測,,0,1,0,"{'byte_budget': 2, 'resource_policy': 1}",{'searx.space': 3},0,https://searx.space/,https://searx.space/,,484bf2c21718ecf1c9810be70e1a88ee1cf04a6e2c74fa6d93777826868363b8,meta/patchright-searxng-baseline-homepage-1-41.png,SearXNG | instances,"SearXNG instances SearXNG instances Online HTTPS Online Tor Offline & error About Show comments Displayed time: ? Total Server Load Network Processing 71 online instances To add your instance to this list, open an issue in searx-instances . URL Version TLS ? CSP ? HTML ? Certificate IPv6 ? Country ? Network Search response time Google response time Initial response time Uptime Comments Alternative URLs Hide networks with privacy issue https://priv.au/ Hidden Service http://privateoz3u5utrimal2ed",,0,False,False,False,検索クエリ対象外（API/ディレクトリ/セルフホスト等）,https://searx.space/robots.txt,meta,,,,,meta/patchright-searxng-baseline-homepage-1-41.png,484bf2c21718ecf1c9810be70e1a88ee1cf04a6e2c74fa6d93777826868363b8,,False,[],False,,,,False,historical_grounding_constraints,,,[],True,"{'byte_budget': 2, 'resource_policy': 1}",0,Keyword-matched saved DOM anchors; may include sitelinks or mixed result modules,False,False,False,,,,,,,,,[]
fourget,4get,metasearch,metasearch,general,200,,,e49b8b1fc2eef72b24a4f941fb5b2f31a2e1331fec42ed776328fa6f123aec86,# 44 # 4444444 44 # 44444444 44444 444 # 44444444 444444 444444444 # 44444 44444444 444444444 # 444444444 4444444 # 4444444444 444444 # 4444444444444 # 444444444444444444 # 444444444444444 # 44444444 # 4444 # 44 User-agent: * Disallow: Host: 4get.ca,"{'content-encoding': 'gzip', 'content-length': '127', 'content-security-policy': ""frame-ancestors 'self';"", 'content-type': 'text/plain', 'server': 'envoy'}",200,content_observed,,200,challenge_observed,,target,True,16枠の画像選択フォームを観測。画像・POSTの実験側制限なし、解答未試行,人間確認/Challenge表示（検索結果未確認）,,0,1,0,"{'resource_policy': 6, 'byte_budget': 2}",{'4get.ca': 8},1,https://4get.ca/web?s=%E6%97%A9%E7%A8%B2%E7%94%B0%E5%A4%A7%E5%AD%A6+%E6%95%99%E5%93%A1,https://4get.ca/web?s=%E6%97%A9%E7%A8%B2%E7%94%B0%E5%A4%A7%E5%AD%A6+%E6%95%99%E5%93%A1,https://4get.ca/web?s=%E6%97%A9%E7%A8%B2%E7%94%B0%E5%A4%A7%E5%AD%A6+%E6%95%99%E5%93%A1,df54923fb8df045d11af950a2348b1ca1742b333f937f8a9607b5fa5c65ffce9,general/patchright-fourget-browser-observation-target-1-83.png,早稲田大学 | 教員 | (web),早稲田大学 教員 (web) Home Settings News (New bluesky account!!) Web Images Videos News Music Scraper DuckDuckGo Brave Yandex Google Google API Google CSE Yahoo! JAPAN Startpage Yep Mwmbl Mojeek Naver Baidu Cốc Cốc Solofield Marginalia Purili wiby Country All Regions US (English) Argentina Australia Austria Belgium (fr) Belgium (nl) Brazil Bulgaria Canada (en) Canada (fr) Catalonia Chile China Colombia Croatia Czech Republic Denmark Estonia Finland France Germany Greece Hong Kong Hungary India (en) Ind,captcha-wrapper with 16 checkbox controls; Check IQ form=True,0,True,True,False,,https://4get.ca/robots.txt,general,,,,,general/patchright-fourget-baseline-homepage-1-59.png,f2ff5490a2fa74a83f35b9afcdc0bd11dfa58d883d87e176f93948b475660db8,not_enforced_browser_observation,False,[],False,,,,True,browser_observation,"{'requests': 10, 'bytes_charged': 2148007}","{'requests': 16, 'bytes_charged': 2403750}",['websocket_handshake_or_frames_not_recorded'],False,{},0,Keyword-matched saved DOM anchors; may include sitelinks or mixed result modules,False,False,False,,,,,,,,,[]
disconnect,Disconnect Search,privacy,search,meta,404,,,7ea0a72c0af3e7c4a48e4ebb4c7506f83339ff8178737cc857b8b6d013cfc32f,"<!DOCTYPE html><html><head><title></title><link rel=""stylesheet"" href=""/stylesheets/style.css""></head><body><h1>Not Found</h1><h2></h2><pre></pre></body></html>","{'content-length': '160', 'content-type': 'text/html; charset=utf-8', 'server': 'envoy', 'via': '2.0 heroku-router'}",200,content_observed,,404,response_observed,,target,False,CAPTCHA未観測,未観測,,0,1,0,"{'outside_scope': 11, 'resource_policy': 1}","{'s3.amazonaws.com': 11, 'search.disconnect.me': 1}",0,https://search.disconnect.me/searchTerms/%E6%97%A9%E7%A8%B2%E7%94%B0%E5%A4%A7%E5%AD%A6+%E6%95%99%E5%93%A1,https://search.disconnect.me/searchTerms/%E6%97%A9%E7%A8%B2%E7%94%B0%E5%A4%A7%E5%AD%A6+%E6%95%99%E5%93%A1,https://search.disconnect.me/searchTerms/%E6%97%A9%E7%A8%B2%E7%94%B0%E5%A4%A7%E5%AD%A6+%E6%95%99%E5%93%A1,7ea0a72c0af3e7c4a48e4ebb4c7506f83339ff8178737cc857b8b6d013cfc32f,meta/patchright-disconnect-browser-observation-target-1-95.png,,Not Found,,0,True,True,False,,https://search.disconnect.me/robots.txt,meta,,,,,meta/patchright-disconnect-baseline-homepage-1-43.png,ada4ee631992c56d7c4631cbf6c1cc88b0099d5ddd695390775f2f632f80057a,not_enforced_browser_observation,False,[],False,,,,True,browser_observation,"{'requests': 7, 'bytes_charged': 2133734}","{'requests': 9, 'bytes_charged': 2134005}",['websocket_handshake_or_frames_not_recorded'],False,{},0,Keyword-matched saved DOM anchors; may include sitelinks or mixed result modules,False,False,False,,,,,,,,,[]
gibiru,Gibiru,privacy,search,meta,200,,,2c185ced169659567dbd20b54040df52bbbe57b02108b205338761ff52cd3a89,User-agent: * Disallow: /results.html,"{'content-length': '38', 'content-security-policy': 'upgrade-insecure-requests;', 'content-type': 'text/plain', 'server': 'envoy', 'x-sucuri-id': '11007'}",200,content_observed,,200,content_observed,,target,False,CAPTCHA未観測,保存DOMから教員関連候補リンク抽出,,0,1,8,"{'byte_budget': 15, 'resource_policy': 23}",{'gibiru.com': 38},1,https://gibiru.com/results.html?q=%E6%97%A9%E7%A8%B2%E7%94%B0%E5%A4%A7%E5%AD%A6+%E6%95%99%E5%93%A1,https://gibiru.com/results.html?q=%E6%97%A9%E7%A8%B2%E7%94%B0%E5%A4%A7%E5%AD%A6+%E6%95%99%E5%93%A1,https://gibiru.com/results.html?q=%E6%97%A9%E7%A8%B2%E7%94%B0%E5%A4%A7%E5%AD%A6+%E6%95%99%E5%93%A1,b6be6b49266d4d378081f8b0d2cdd0d8e12d96571197de100a95a1f6087a0d1d,meta/patchright-gibiru-browser-observation-target-1-97.png,Gibiru | - | Results | search | search,"Gibiru - Results Mobile App VPN Privacy Policy Web Images Videos News × Web Image All results Censored Content About 6,230,000 results (0.24 seconds) Sort by Relevance News 研究者データベース - 早稲田大学 w-rdb.waseda.jp https://w-rdb.waseda.jp/ w-rdb.waseda.jp › 研究者データベース - 早稲田大学 早稲田大学 研究者データベース ... 2026.09.23. 英語ポッドキャスト番組シーズン3第2回「日本経済の未来：高齢化、AI、そして自動化（政治経済学術院・金子昭彦教授）」配信 ... w-rdb.waseda.jp https://w-rdb.waseda.jp/ 教員 紹介 – 早稲田大学 文学学術院 www.waseda.jp https://www.waseda.jp/flas/faculty 早稲田大学 文学学術院 › flas › facu",,9,True,True,True,,https://gibiru.com/robots.txt,meta,,,,,meta/patchright-gibiru-baseline-homepage-1-46.png,37648f33fbe83525a218a43d16020e225c3164a3446e904b6f51b401cc0cd190,not_enforced_browser_observation,False,[],False,,,,True,browser_observation,"{'requests': 10, 'bytes_charged': 4373258}","{'requests': 52, 'bytes_charged': 5813534}",['websocket_handshake_or_frames_not_recorded'],False,{},1,Keyword-matched saved DOM anchors; may include sitelinks or mixed result modules,False,False,False,,,,,,,,,"[{""title"": ""研究者データベース - 早稲田大学"", ""url"": ""https://w-rdb.waseda.jp/""}, {""title"": ""教員 紹介 – 早稲田大学 文学学術院"", ""url"": ""https://www.waseda.jp/flas/faculty""}, {""title"": ""名前検索 - 研究者データベース - 早稲田大学"", ""url"": ""https://w-rdb.waseda.jp/search?m=name&l=ja""}, {""title"": ""教職員 に関する情報 - 早稲田大学"", ""url"": ""https://www.waseda.jp/top/about/disclosure/staff""}, {""title"": ""教員 紹介（サンプル講義） - 早稲田大学人間科学部eスクール"", ""url"": ""https://dpt-e-school.w.waseda.jp/faculty/teacher.html""}, {""title"": ""サービス一覧（ 教職員 ） - Waseda IT Service Portal - 早稲田大学"", ""url"": ""https://support.waseda.jp/it/s/servicelist1?language=ja""}, {""title"": ""教員 一覧 - 早稲田大学 文学学術院 心理学コース"", ""url"": ""https://psychol.w.waseda.jp/%E6%95%99%E5%93%A1%E7%B4%B9%E4%BB%8B/""}, {""title"": ""早稲田大学教員 組合"", ""url"": ""http://wkyoso.com/""}, {""title"": ""教員 紹介 - 早稲田大学 建築学科"", ""url"": ""https://www.arch.waseda.ac.jp/wa/professors""}, {""title"": ""教員 紹介 - 早稲田大学 中東・イスラーム研究コース"", ""url"": ""https://prj-islam.w.waseda.jp/faculty/""}]"
lukol,Lukol,privacy,search,meta,200,,,b5a4272a8d40c931059baa8e321e0ebce487754b1dac0bebb46569613aa0a148,User-agent: * Disallow: /m Disallow: /s.php Disallow: /i.php Disallow: /n.php Disallow: /v.php Disallow: /privacy.php Disallow: /facts User-agent: ia_archiver Disallow: /,"{'content-encoding': 'gzip', 'content-length': '101', 'content-type': 'text/plain', 'server': 'envoy'}",200,content_observed,,200,content_observed,,target,False,CAPTCHA未観測,保存DOMから教員関連候補リンク抽出,,0,1,9,{'resource_policy': 3},{'lukol.com': 3},1,https://lukol.com/s.php?q=%E6%97%A9%E7%A8%B2%E7%94%B0%E5%A4%A7%E5%AD%A6+%E6%95%99%E5%93%A1,https://lukol.com/s.php?q=%E6%97%A9%E7%A8%B2%E7%94%B0%E5%A4%A7%E5%AD%A6+%E6%95%99%E5%93%A1#gsc.tab=0&gsc.q=%E6%97%A9%E7%A8%B2%E7%94%B0%E5%A4%A7%E5%AD%A6%20%E6%95%99%E5%93%A1&gsc.page=1,https://lukol.com/s.php?q=%E6%97%A9%E7%A8%B2%E7%94%B0%E5%A4%A7%E5%AD%A6+%E6%95%99%E5%93%A1,39a55facc335b7704672b792ed78b2ab6b780c0ed655c929d693ca09c44ec8a0,meta/patchright-lukol-browser-observation-target-1-99.png,%E6%97%A9%E7%A8%B2%E7%94%B0%E5%A4%A7%E5%AD%A6+%E6%95%99%E5%93%A1 | | | Lukol | search | search,"%E6%97%A9%E7%A8%B2%E7%94%B0%E5%A4%A7%E5%AD%A6+%E6%95%99%E5%93%A1 | Lukol Web Images Powered by Google custom search Clear Search × Custom Search About 6,630,000 results (0.19 seconds) Sort by Relevance Date 名前検索 - 研究者データベース - 早稲田大学 w-rdb.waseda.jp https://w-rdb.waseda.jp/search?m=name&l=ja w-rdb.waseda.jp › search 名前検索 - 研究者データベース - 早稲田大学 名前で探す. 早稲田大学 の 教員 氏名から検索します。 文字ボタンで頭文字を1文字選択してください。 w-rdb.waseda.jp https://w-rdb.waseda.jp/search?m=name&l=ja 研究者データベース - 早稲田大学 w-rdb.waseda.jp https://w-rdb.",,8,True,True,True,,https://lukol.com/robots.txt,meta,,,,,meta/patchright-lukol-baseline-homepage-1-49.png,6d03ddb07483a2589401d3a58cd855cc2eb495dc54e8d26e09aaaebd8934e24c,not_enforced_browser_observation,False,[],False,,,,True,browser_observation,"{'requests': 7, 'bytes_charged': 2127988}","{'requests': 40, 'bytes_charged': 3162889}",['websocket_handshake_or_frames_not_recorded'],False,{},1,Keyword-matched saved DOM anchors; may include sitelinks or mixed result modules,False,False,False,,,,,,,,,"[{""title"": ""名前検索 - 研究者データベース - 早稲田大学"", ""url"": ""https://w-rdb.waseda.jp/search?m=name&l=ja""}, {""title"": ""研究者データベース - 早稲田大学"", ""url"": ""https://w-rdb.waseda.jp/""}, {""title"": ""教員 紹介 – 早稲田大学 文学学術院"", ""url"": ""https://www.waseda.jp/flas/faculty""}, {""title"": ""教職員 に関する情報 - 早稲田大学"", ""url"": ""https://www.waseda.jp/top/about/disclosure/staff""}, {""title"": ""教授 - 研究者データベース - 早稲田大学"", ""url"": ""https://w-rdb.waseda.jp/search?m=field&l=ja&f1=A900&s=1&o=shokumei""}, {""title"": ""教員 紹介 – 早稲田大学 人間科学部"", ""url"": ""https://www.waseda.jp/fhum/hum/about/faculty-3""}, {""title"": ""Category: 早稲田大学 の 教員 - Wikipedia"", ""url"": ""https://ja.wikipedia.org/wiki/Category:%E6%97%A9%E7%A8%B2%E7%94%B0%E5%A4%A7%E5%AD%A6%E3%81%AE%E6%95%99%E5%93%A1""}, {""title"": ""文学学術院 - 早稲田大学研究者データベース"", ""url"": ""https://w-rdb.waseda.jp/search?m=affiliation&l=ja&a2=0000005&s=1&o=shokumei""}, {""title"": ""教員 – 早稲田大学 大学院経営管理研究科"", ""url"": ""https://www.waseda.jp/fcom/wbs/faculty-jp""}, {""title"": ""教員 ・研究紹介"", ""url"": ""https://www.waseda-applchem.jp/ja/professors/""}]"
oceanhero,OceanHero,privacy,search,meta,200,,,2a03a7f964e57661e7a49f3af6b44df40c3220f5f087500daeb271ea4ab7121b,Sitemap: https://oceanhero.today/sitemap.xml User-agent: * Allow: /news-and-updates Allow: /*/news-and-updates Allow: /blog Allow: /*/blog Allow: /about Allow: /*/about Allow: /contact Allow: /*/contact Allow: /marine-life Allow: /*/marine-life Allow,"{'content-encoding': 'br', 'content-type': 'text/plain; charset=utf-8', 'server': 'envoy'}",200,content_observed,,503,server_error_observed,,target,False,CAPTCHA未観測,実行環境proxy/upstream失敗（サイトWAFとは未確定）,,0,1,9,"{'outside_scope': 54, 'resource_policy': 9, 'robots_denied': 1, 'byte_budget': 21}","{'assets.oceanhero.today': 47, 'oceanhero.today': 31, 'developer.apple.com': 1, 'play.google.com': 1, 't.oceanhero.today': 1, 'widget.trustpilot.com': 1, 'cdn.ywxi.net': 1, 'www.clarity.ms': 1, 'www.googletagmanager.com': 1}",1,https://oceanhero.today/web?q=%E6%97%A9%E7%A8%B2%E7%94%B0%E5%A4%A7%E5%AD%A6%20%E6%95%99%E5%93%A1,https://oceanhero.today/web?q=%E6%97%A9%E7%A8%B2%E7%94%B0%E5%A4%A7%E5%AD%A6%20%E6%95%99%E5%93%A1,https://oceanhero.today/search?q=%E6%97%A9%E7%A8%B2%E7%94%B0%E5%A4%A7%E5%AD%A6+%E6%95%99%E5%93%A1,cb7ec7653be2c097f0ac40beba408c2fce307b8e7ddccd049a0dfaf61dd2db6e,meta/patchright-oceanhero-browser-observation-target-1-115.png,,"upstream connect error or disconnect/reset before headers. reset reason: remote connection failure, transport failure reason: immediate connect error: Invalid argument|remote address:envoy://cloudflare_https_tunnel/",,0,True,True,False,,https://oceanhero.today/robots.txt,meta,,,,,meta/patchright-oceanhero-baseline-homepage-1-52.png,5c48541d717ac31347ed79f614ee4fa686c2344a26b40801c8a8bd11b0b45358,not_enforced_browser_observation,False,[],False,,,,True,browser_observation,"{'requests': 9, 'bytes_charged': 2483859}","{'requests': 84, 'bytes_charged': 6270784}",['websocket_handshake_or_frames_not_recorded'],False,{},1,Keyword-matched saved DOM anchors; may include sitelinks or mixed result modules,False,False,False,,,,,,,,,[]
youcare,YouCare,privacy,search,meta,200,,,8f74d9b904848c6e34d8c075580ef806c80ab076686ade99683ffbde8f6b9378,"# YouCare World — robots policy. # # /admin-928 et /plantstore sont des espaces privés (admin back-office # et catalogue B2B client). On bloque l'indexation pour qu'ils ne # remontent jamais dans un moteur de recherche, même si une URL fuite. # La pa","{'cf-ray': 'a44625732c39138a-SJC', 'content-encoding': 'br', 'content-type': 'text/plain', 'server': 'envoy'}",200,content_observed,,200,content_observed,,target,False,CAPTCHA未観測,検索サービス閉鎖の告知を観測,homepage cloudflare:technology (cf-ray or Cloudflare server header); target cloudflare:technology (cf-ray or Cloudflare server header),0,0,0,"{'outside_scope': 4, 'resource_policy': 18, 'byte_budget': 5, 'observation_end': 13}","{'static.cloudflareinsights.com': 3, 'youcare.world': 35, 'images.unsplash.com': 2}",0,https://youcare.world/search?q=%E6%97%A9%E7%A8%B2%E7%94%B0%E5%A4%A7%E5%AD%A6%20%E6%95%99%E5%93%A1,https://youcare.world/,https://youcare.world/search?q=%E6%97%A9%E7%A8%B2%E7%94%B0%E5%A4%A7%E5%AD%A6+%E6%95%99%E5%93%A1,cfa28e65723a667783ce46486fee034d9c9cd767f1ae0597b1310d18b36409b2,meta/patchright-youcare-baseline-target-2-56.png,Groupe | YouCare,"Groupe YouCare youcare .world Accueil Contact FR / EN — Ensemble, depuis 2020 — 0 Nous créons des projets qui rendent le monde meilleur Voir les actions Découvrir le groupe Service fermé Communiqué Fermeture du moteur de recherche YouCare C'est avec tristesse que nous vous annonçons avoir été contraints de fermer notre moteur de recherche caritatif. Après plusieurs années de service et des centaines d'associations soutenues, Microsoft a pris la décision unilatérale de fermer progressivement son ",,0,True,True,False,,https://youcare.world/robots.txt,meta,,,,,meta/patchright-youcare-baseline-homepage-1-55.png,b8893bb92db1245e15e0fe3c0dec3e9cddfb141c7af6106346060d0ed08f4fa0,,False,[],False,,,,False,historical_grounding_constraints,,,[],True,"{'outside_scope': 2, 'byte_budget': 3, 'resource_policy': 3, 'observation_end': 13}",0,Keyword-matched saved DOM anchors; may include sitelinks or mixed result modules,False,False,False,,,,,,,,,[]
yahoo-japan,Yahoo! JAPAN,regional,search,meta,200,,,97167758d47d52d8637dd7baa1cc6754b613c92125002c1d582766f8fec950c6,User-agent: * Disallow: /assistapi Disallow: /bin Disallow: /legacy Disallow: /language Disallow: /upyjt Disallow: /combo Disallow: /r/ Disallow: /search/psp? Disallow: /search/msie? Disallow: /web/save_pref Disallow: /image/search? Disallow: /video/,"{'content-length': '1836', 'content-type': 'text/plain', 'server': 'envoy'}",200,content_observed,,200,content_observed,,target,False,CAPTCHA未観測,保存DOMから教員関連候補リンク抽出,,0,0,6,"{'outside_scope': 4, 'byte_budget': 9}","{'s.yimg.jp': 4, 'search.yahoo.co.jp': 9}",1,https://search.yahoo.co.jp/search?p=%E6%97%A9%E7%A8%B2%E7%94%B0%E5%A4%A7%E5%AD%A6+%E6%95%99%E5%93%A1,https://search.yahoo.co.jp/search?p=%E6%97%A9%E7%A8%B2%E7%94%B0%E5%A4%A7%E5%AD%A6+%E6%95%99%E5%93%A1,https://search.yahoo.co.jp/search?p=%E6%97%A9%E7%A8%B2%E7%94%B0%E5%A4%A7%E5%AD%A6+%E6%95%99%E5%93%A1,3a791e782ca4fc4ce1f3945dee83167b7ad326f64235b4ebd1cf70ca20d997ce,meta/patchright-yahoo-japan-browser-observation-target-1-103.png,「早稲田大学 | 教員」の検索結果 | - | Yahoo!検索,「早稲田大学 教員」の検索結果 - Yahoo!検索 メインコンテンツへスキップ アドレスバーをYahoo!検索に 設定しよう 今すぐ設定する 後で Yahoo! JAPAN 入力キーワードを削除する 検索 NEW Agent i 条件指定 検索設定 検索設定 ログイン ウェブ AIモード 画像 動画 知恵袋 地図 リアルタイム 一覧 絞り込み アクティビティ 言語で絞り込む 指定なし 日本語のみ 時間で絞り込む 指定なし 1時間以内 24時間以内 1週間以内 1か月以内 3か月以内 6か月以内 1年以内 約108件 1ページ目 関連検索ワード 早稲田大学 教員 免許 早稲田大学 教員 数 早稲田大学 教員 採用 で検索 早稲田大学 教員 のニュース Yahoo!ニュース 元アイドルの学校教員＆元子役の慶應大学院生、山崎育三郎オーディション「OK！Diamonds」が映し出した人生…気づけば独りにのニュースの画像 元アイドルの学校 教員 ＆元子役の慶應大学院生、山崎育三郎オーディション「OK！Diamonds」が映し出した人生…気づけば独りに 【モデルプレス＝2026/10/02】俳優,,4,True,True,True,,https://search.yahoo.co.jp/robots.txt,meta,,,,,meta/patchright-yahoo-japan-baseline-homepage-1-58.png,09f0fd8b5f041d2878960c86f94a30cdd737fab10d3a30ca069bb0a8a0e5aa63,not_enforced_browser_observation,False,[],False,,,,True,browser_observation,"{'requests': 6, 'bytes_charged': 740100}","{'requests': 50, 'bytes_charged': 3581163}",['websocket_handshake_or_frames_not_recorded'],False,{},1,Keyword-matched saved DOM anchors; may include sitelinks or mixed result modules,False,False,False,,,,,,,,,"[{""title"": ""早稲田大学 教員 のニュース Yahoo!ニュース"", ""url"": ""https://news.yahoo.co.jp/search/?rkf=2&ei=UTF-8&p=%E6%97%A9%E7%A8%B2%E7%94%B0%E5%A4%A7%E5%AD%A6%20%E6%95%99%E5%93%A1""}, {""title"": ""元アイドルの学校教員＆元子役の慶應大学院生、山崎育三郎オーディション「OK！Diamonds」が映し出した人生…気づけば独りにのニュースの画像"", ""url"": ""https://news.yahoo.co.jp/articles/fa0c16b3ea5664ac361d93788176009021c410e8""}, {""title"": ""教員 紹介 – 早稲田大学 文学学術院 早稲田大学 https://www.waseda.jp > flas > faculty"", ""url"": ""https://www.waseda.jp/flas/faculty""}, {""title"": ""研究者データベース - 早稲田大学 早稲田大学研究者データベース https://w-rdb.waseda.jp"", ""url"": ""https://w-rdb.waseda.jp/""}, {""title"": ""名前検索 - 研究者データベース - 早稲田大学 早稲田大学研究者データベース https://w-rdb.waseda.jp > search"", ""url"": ""https://w-rdb.waseda.jp/search?m=name&l=ja""}, {""title"": ""早稲田大学 教員 に関するQ&A（2,000件） Yahoo!知恵袋"", ""url"": ""https://chiebukuro.yahoo.co.jp/search/?rkf=1&ei=UTF-8&p=%E6%97%A9%E7%A8%B2%E7%94%B0%E5%A4%A7%E5%AD%A6%20%E6%95%99%E5%93%A1&fr=sc_dr&__ysp=5pep56iy55Sw5aSn5a2mIOaVmeWToQ%3D%3D""}, {""title"": ""教員 になりたいなら東京学芸大学と 早稲田大学 どっちがいいですか？ 早稲田大学 に行きたい気持ちの方が強いです。"", ""url"": ""https://detail.chiebukuro.yahoo.co.jp/qa/question_detail/q14295674664?fr=sc_dr&__ysp=5pep56iy55Sw5aSn5a2mIOaVmeWToQ%3D%3D""}, {""title"": ""早稲田大学 は、 教員 免許を取れる学部以外を選択しても、プラスで教育免許とれる過程を選択すれば、大変になるけど 教員 免許が取れると聞きました。 MARCHで他にそれ( 教員 免許の単位をプラスで選択出来る..."", ""url"": ""https://detail.chiebukuro.yahoo.co.jp/qa/question_detail/q13274312538?fr=sc_dr&__ysp=5pep56iy55Sw5aSn5a2mIOaVmeWToQ%3D%3D""}, {""title"": ""教員 になる前提で、 １浪して 早稲田大学 の教育学部か、現役で東京学芸大学か、どっちを選びますか？ 教師として、どっちが優秀ですか？どっちが将来性ありますか？"", ""url"": ""https://detail.chiebukuro.yahoo.co.jp/qa/question_detail/q10326273175?fr=sc_dr&__ysp=5pep56iy55Sw5aSn5a2mIOaVmeWToQ%3D%3D""}, {""title"": ""教職員に関する情報 - 早稲田大学 早稲田大学 https://www.waseda.jp > top > about > disclosure > staff"", ""url"": ""https://www.waseda.jp/top/about/disclosure/staff""}]"
goo,goo,regional,search,meta,403,実行環境proxy: No approved upstream IPv4 address,,beb861eaa39f786b701fafe0c93827f91c26b4fd7bda29668712515b031e2569,No approved upstream IPv4 address,"{'content-length': '33', 'content-type': 'text/plain', 'server': 'envoy'}",,navigation_unverified,"page.goto: net::ERR_TUNNEL_CONNECTION_FAILED at https://search.goo.ne.jp/
Call log:
[2m  - navigating to ""https://search.goo.ne.jp/"", waiting until ""domcontentloaded""[22m
",,navigation_unverified,"page.goto: net::ERR_TUNNEL_CONNECTION_FAILED at https://search.goo.ne.jp/web.jsp?MT=%E6%97%A9%E7%A8%B2%E7%94%B0%E5%A4%A7%E5%AD%A6+%E6%95%99%E5%93%A1
Call log:
[2m  - navigating to ""https://search.goo.ne.jp/web.jsp?MT=%E6%97%A9%E7%A8%B2%E7%94%B0%E5%A4%A7%E5%AD%A6+%E6%95%99%E5%93%A1"", waiting until ""domcontentloaded""[22m
",target,False,CAPTCHA未観測,実行環境proxyの接続失敗（サイト側の取得不可とは未確定）,,1,0,0,{},{},0,https://search.goo.ne.jp/web.jsp?MT=%E6%97%A9%E7%A8%B2%E7%94%B0%E5%A4%A7%E5%AD%A6+%E6%95%99%E5%93%A1,chrome-error://chromewebdata/,https://search.goo.ne.jp/web.jsp?MT=%E6%97%A9%E7%A8%B2%E7%94%B0%E5%A4%A7%E5%AD%A6+%E6%95%99%E5%93%A1,85a5a10b6042fe50dcfdf7b47f3fa42e3ca2422ce5cb900356481a2b05a6734a,meta/patchright-goo-browser-observation-target-1-105.png,search.goo.ne.jp,search.goo.ne.jp This site can’t be reached The webpage at https://search.goo.ne.jp/web.jsp?MT=早稲田大学+教員 might be temporarily down or it may have moved permanently to a new web address. ERR_TUNNEL_CONNECTION_FAILED The webpage at https://search.goo.ne.jp/web.jsp?MT=早稲田大学+教員 might be temporarily down or it may have moved permanently to a new web address.,,0,True,True,False,,https://search.goo.ne.jp/robots.txt,meta,,,,,meta/patchright-goo-baseline-homepage-1-72.png,268bc325440d299a623d777708c617c2d58137819c9b2900768f43ed30344efa,not_enforced_browser_observation,False,[],True,"{'requests': 1, 'bytes_charged': 33}","{'requests': 7, 'bytes_charged': 8388608}","[{""role"": ""homepage"", ""url"": ""https://search.goo.ne.jp/"", ""http_status"": null, ""outcome"": ""navigation_unverified"", ""robots_outcome"": ""robots_unavailable"", ""probe_applied"": true, ""screenshot"": ""patchright-goo-baseline-homepage-1-72.png""}, {""role"": ""target"", ""url"": ""https://search.goo.ne.jp/web.jsp?MT=%E6%97%A9%E7%A8%B2%E7%94%B0%E5%A4%A7%E5%AD%A6+%E6%95%99%E5%93%A1"", ""http_status"": null, ""outcome"": ""navigation_unverified"", ""robots_outcome"": ""robots_unavailable"", ""probe_applied"": true, ""screenshot"": ""patchright-goo-baseline-target-2-73.png""}]",True,browser_observation,"{'requests': 7, 'bytes_charged': 8388608}","{'requests': 9, 'bytes_charged': 8388608}",['websocket_handshake_or_frames_not_recorded'],False,{},0,Keyword-matched saved DOM anchors; may include sitelinks or mixed result modules,False,False,False,,,,,,,,,[]
kagi,Kagi,privacy,search,ai-api,200,,,e5c4b84484ee4216e9373be99380320c25dd94805f99f0a805846f087636553f,User-agent: * Disallow:,"{'content-encoding': 'gzip', 'content-length': '44', 'content-type': 'text/plain; charset=utf-8', 'server': 'envoy', 'via': '1.1 google', 'x-request-id': '3b3281aad2fbbaf5bf3b627d7d8b9f4d'}",200,content_observed,,200,challenge_observed,,target,True,確認画面を観測。外部widgetの実験側制限なし、通過未確認,人間確認/Challenge表示（検索結果未確認）,homepage turnstile:widget_or_library (Turnstile marker); target turnstile:widget_or_library (Turnstile marker),0,1,2,"{'byte_budget': 7, 'resource_policy': 7, 'outside_scope': 17}","{'kagi.com': 14, 'storage.googleapis.com': 15, 'challenges.cloudflare.com': 2}",1,https://kagi.com/search?q=%E6%97%A9%E7%A8%B2%E7%94%B0%E5%A4%A7%E5%AD%A6+%E6%95%99%E5%93%A1,https://kagi.com/turnstile?r=/search%3Fq%3D%25E6%2597%25A9%25E7%25A8%25B2%25E7%2594%25B0%25E5%25A4%25A7%25E5%25AD%25A6%2B%25E6%2595%2599%25E5%2593%25A1,https://kagi.com/search?q=%E6%97%A9%E7%A8%B2%E7%94%B0%E5%A4%A7%E5%AD%A6+%E6%95%99%E5%93%A1,39fab1c1a11b7e3b13faf3b1f9bb7b0ba8b10fdc878a2aa5ec55ffdc5896f02a,ai-api/patchright-kagi-browser-observation-target-1-58.png,,kagi.com Verifying you’re human. This may take a few seconds.,,0,True,True,False,,https://kagi.com/robots.txt,ai-api,,,,,ai-api/patchright-kagi-baseline-homepage-1-27.png,302655be8b2c101c887b61b5b4344840319e316a4767c9a45fa70ff365238f94,not_enforced_browser_observation,False,[],False,,,,True,browser_observation,"{'requests': 12, 'bytes_charged': 2285435}","{'requests': 28, 'bytes_charged': 3654492}",['websocket_handshake_or_frames_not_recorded'],False,{},0,Keyword-matched saved DOM anchors; may include sitelinks or mixed result modules,False,False,False,,,,,,,,,[]
perplexity,Perplexity,ai,answer_engine,ai-api,200,,,33f5967c54d4934e2250adb72f47d9187855f36d5816c074cb550ee3e7116256,# https://www.robotstxt.org/robotstxt.html User-agent: * Disallow: /*?*q= Disallow: /search/new Disallow: /search?*/ Disallow: /marketing/prerelease/ Disallow: /onboarding/ Disallow: /join/ User-agent: Googlebot Disallow: /*?*q= Disallow: /search* Di,"{'cf-ray': 'a44620652a24cb6f-SJC', 'content-encoding': 'gzip', 'content-security-policy': ""object-src 'none'; base-uri 'self'; form-action 'self' https://onedrive.live.com https://*.sharepoint.com https://*.paypal.com https://*.venmo.com; frame-ancestors 'self' https://onedrive.live.com https://*.sharepoint.com https://app.athina.ai; upgrade-insecure-requests"", 'content-type': 'text/plain; charset=utf-8', 'server': 'envoy'}",403,challenge_observed,,403,challenge_observed,,target,True,確認画面を観測。外部widgetの実験側制限なし、通過未確認,人間確認/Challenge表示（検索結果未確認）,homepage cloudflare:technology (cf-ray or Cloudflare server header); homepage cloudflare:challenge (cf-mitigated: challenge); target cloudflare:technology (cf-ray or Cloudflare server header); target cloudflare:challenge (cf-mitigated: challenge); target turnstile:widget_or_library (Turnstile marker),0,1,2,"{'outside_scope': 1, 'resource_policy': 2, 'non_get': 3, 'observation_end': 1}","{'challenges.cloudflare.com': 1, 'www.perplexity.ai': 6}",2,https://www.perplexity.ai/search?q=%E6%97%A9%E7%A8%B2%E7%94%B0%E5%A4%A7%E5%AD%A6+%E6%95%99%E5%93%A1,https://www.perplexity.ai/search/new?q=%E6%97%A9%E7%A8%B2%E7%94%B0%E5%A4%A7%E5%AD%A6+%E6%95%99%E5%93%A1,https://www.perplexity.ai/search?q=%E6%97%A9%E7%A8%B2%E7%94%B0%E5%A4%A7%E5%AD%A6+%E6%95%99%E5%93%A1,770d5dbdb149dddbda2680a0e9d7a6fbf80de9c4ed8f356c7d5fe260a5541c2f,ai-api/patchright-perplexity-browser-observation-target-1-60.png,Just | a | moment...,Just a moment... www.perplexity.ai Performing security verification This website uses a security service to protect against malicious bots. This page is displayed while the website verifies you are not a bot. Verification successful. Waiting for www.perplexity.ai to respond Ray ID: a4467f55bf289913 Performance and Security by Cloudflare Privacy,,0,True,True,False,,https://www.perplexity.ai/robots.txt,ai-api,,,,,ai-api/patchright-perplexity-baseline-homepage-1-30.png,4e350f2b8c9fb3df20aeb08109d8a8adf723c82d14b64aae27722404dd97b5ff,not_enforced_browser_observation,False,[],False,,,,True,browser_observation,"{'requests': 8, 'bytes_charged': 4447438}","{'requests': 21, 'bytes_charged': 6055229}",['websocket_handshake_or_frames_not_recorded'],False,{},0,Keyword-matched saved DOM anchors; may include sitelinks or mixed result modules,False,False,False,,,,,,,,,[]
felo,Felo,ai,answer_engine,ai-api,200,,,f54ea2b6e672bb91dd5fa8093c240b97f8640b9b7ad211afab3edf93c67683ba,User-Agent: * Disallow: /search/ Disallow: /compare-ai-engines Disallow: /zh-Hans/search/ Disallow: /zh-Hant/search/ Disallow: /en/search/ Disallow: /ko/search/ Disallow: /ja/search/ Disallow: /ru/search/ Disallow: /he/search/ Disallow: /ar/search/ D,"{'cf-ray': 'a44621106c4214c7-SJC', 'content-encoding': 'br', 'content-security-policy': ""frame-ancestors 'self' https://api-ext-dev.felo.ai https://dev-felo-meet.s3.ap-northeast-1.amazonaws.com https://api-ext.felo.ai https://felo-meet.s3.ap-northeast-1.amazonaws.com https://ai-market.auone.jp https://stg.ai-market.auone.jp https://d18w5hdapx6jjb.cloudfront.net"", 'content-type': 'text/plain; charset=UTF-8', 'server': 'envoy'}",200,content_observed,,200,content_observed,,target,False,CAPTCHA未観測,応答あり、結果本体未確認（空/JSシェル等）,homepage cloudflare:technology (cf-ray or Cloudflare server header); target cloudflare:technology (cf-ray or Cloudflare server header); target turnstile:widget_or_library (Turnstile marker),0,1,17,"{'resource_policy': 8, 'byte_budget': 72, 'observation_end': 3}","{'felo.ai': 80, 'www.google.com': 1, 't.co': 1, 'analytics.twitter.com': 1}",1,https://felo.ai/search?q=%E6%97%A9%E7%A8%B2%E7%94%B0%E5%A4%A7%E5%AD%A6+%E6%95%99%E5%93%A1,https://felo.ai/search/04jm6elnSULy2iEQ9-dyd?q=%E6%97%A9%E7%A8%B2%E7%94%B0%E5%A4%A7%E5%AD%A6+%E6%95%99%E5%93%A1,https://felo.ai/search?q=%E6%97%A9%E7%A8%B2%E7%94%B0%E5%A4%A7%E5%AD%A6+%E6%95%99%E5%93%A1,3b87ffc2fcf2f067601cb14ea454168d48f0e4153a6982a5bf90e25b0dc8b21d,ai-api/patchright-felo-browser-observation-target-1-62.png,早稲田大学 | 教員,"早稲田大学 教員 Felo New Thread Ctrl I LiveDoc More Felo Agent Topic Collections Felo Library Voice Note History 早稲田大学 教員 Login 早稲田大学 教員 早稲田大学 教員 Answer Image Video 0 Source & Thinking → Understanding question Web ""早稲田大学 教員"" image Ask follow-up Pro Checking security This usually takes only a few seconds. Cancel Close",,0,True,True,False,,https://felo.ai/robots.txt,ai-api,,,,,ai-api/patchright-felo-baseline-homepage-1-32.png,72b4a4c7810a114387ebed57317df18f8a2fb7cab8accc1079ccbc144596926a,not_enforced_browser_observation,False,[],False,,,,True,browser_observation,"{'requests': 10, 'bytes_charged': 3163933}","{'requests': 143, 'bytes_charged': 14056721}",['websocket_handshake_or_frames_not_recorded'],False,{'observation_end': 3},1,Keyword-matched saved DOM anchors; may include sitelinks or mixed result modules,False,False,False,,,,,,,,,[]
genspark,Genspark,ai,answer_engine,ai-api,200,,,db9d6b171eab133ae40320a233541fc1383c01ea5390278ddfea689f1817759a,User-agent: * Allow: /api/project/download_converted_files? Allow: /api/files/s/ Disallow: /login Disallow: /search Disallow: /api Disallow: /user Disallow: /doc_agent Disallow: /agents?*id=* Disallow: /autopilotagent$ Disallow: /autopilotagent? Disa,"{'cf-ray': 'a44621186c4650a1-SJC', 'content-encoding': 'gzip', 'content-security-policy': ""frame-ancestors 'self' chrome-extension://leiiflpjdkfadkiicfabhggpfdfebdmh chrome-extension://hmdkfngkncmbgiehonfebecighedjiak https://www.coswift.ai https://coswift.ai https://www.genspark.ai https://genspark.ai"", 'content-type': 'text/plain; charset=utf-8', 'server': 'envoy'}",403,challenge_observed,,403,challenge_observed,,target,True,確認画面を観測。外部widgetの実験側制限なし、通過未確認,人間確認/Challenge表示（検索結果未確認）,homepage cloudflare:technology (cf-ray or Cloudflare server header); homepage cloudflare:challenge (cf-mitigated: challenge); target cloudflare:technology (cf-ray or Cloudflare server header); target cloudflare:challenge (cf-mitigated: challenge); target turnstile:widget_or_library (Turnstile marker),0,1,2,"{'outside_scope': 1, 'resource_policy': 2, 'non_get': 3, 'observation_end': 1}","{'challenges.cloudflare.com': 1, 'www.genspark.ai': 6}",2,https://www.genspark.ai/search?q=%E6%97%A9%E7%A8%B2%E7%94%B0%E5%A4%A7%E5%AD%A6+%E6%95%99%E5%93%A1,https://www.genspark.ai/search?q=%E6%97%A9%E7%A8%B2%E7%94%B0%E5%A4%A7%E5%AD%A6+%E6%95%99%E5%93%A1,https://www.genspark.ai/search?q=%E6%97%A9%E7%A8%B2%E7%94%B0%E5%A4%A7%E5%AD%A6+%E6%95%99%E5%93%A1,858afed6558a6be5cbac9aad365a9e4e496927666072139714cd4285680ce131,ai-api/patchright-genspark-browser-observation-target-1-64.png,Just | a | moment...,Just a moment... www.genspark.ai Performing security verification This website uses a security service to protect against malicious bots. This page is displayed while the website verifies you are not a bot. Verification successful. Waiting for www.genspark.ai to respond Ray ID: a4467febcc834c71 Performance and Security by Cloudflare Privacy,,0,True,True,False,,https://www.genspark.ai/robots.txt,ai-api,,,,,ai-api/patchright-genspark-baseline-homepage-1-35.png,f09d29528d1aa2c72eb279107be87309ec2611535a30195cfff83b0f65427846,not_enforced_browser_observation,False,[],False,,,,True,browser_observation,"{'requests': 8, 'bytes_charged': 4444751}","{'requests': 19, 'bytes_charged': 6031651}",['websocket_handshake_or_frames_not_recorded'],False,{},0,Keyword-matched saved DOM anchors; may include sitelinks or mixed result modules,False,False,False,,,,,,,,,[]
you,You.com,ai,answer_engine,ai-api,200,,,ef84a4ea5a9e4afcf4cfb3c07f6757bf3c466327d609cd256998e7948cdd4784,Sitemap: https://you.com/sitemap.xml User-agent: * Allow: /,"{'cf-ray': 'a4462169fe43ad44-SJC', 'content-encoding': 'gzip', 'content-type': 'text/plain; charset=UTF-8', 'server': 'envoy'}",200,content_observed,,200,content_observed,,target,False,CAPTCHA未観測,ログイン画面へ転送（検索結果未取得）,homepage cloudflare:technology (cf-ray or Cloudflare server header); target cloudflare:technology (cf-ray or Cloudflare server header),0,1,23,"{'resource_policy': 6, 'byte_budget': 87, 'outside_scope': 2, 'observation_end': 6}","{'you.com': 98, 'cmp.osano.com': 1, 'gtm.you.com': 1, 'www.google.com': 1}",0,https://you.com/search?q=%E6%97%A9%E7%A8%B2%E7%94%B0%E5%A4%A7%E5%AD%A6+%E6%95%99%E5%93%A1,https://you.com/signin?redirectUrl=%2Fsearch%3Fq%3D%25E6%2597%25A9%25E7%25A8%25B2%25E7%2594%25B0%25E5%25A4%25A7%25E5%25AD%25A6%2B%25E6%2595%2599%25E5%2593%25A1,https://you.com/search?q=%E6%97%A9%E7%A8%B2%E7%94%B0%E5%A4%A7%E5%AD%A6+%E6%95%99%E5%93%A1,96f79c7f56911367d90ef79e5c6126ae53e24249016fa9084b0f508bb110e80d,ai-api/patchright-you-browser-observation-target-1-66.png,You.com | | | The | Leading | Web | Search | APIs | for | AI | You.com | | | The | Leading | Web | Search | APIs | for | AI | <!---->Close | this | consent | banner<!----> | <!----><!----> | Logo | fo,"You.com | The Leading Web Search APIs for AI You.com | The Leading Web Search APIs for AI Opens in a new window Opens an external website Opens an external website in a new window This website utilizes technologies such as cookies to enable essential site functionality, as well as for analytics and personalization. To learn more, view the following link: Privacy Policy Terms and Conditions Storage Preferences When you create a new account Start with $10 . Get $90 more when you verify. Every new ",,0,True,True,False,,https://you.com/robots.txt,ai-api,,,,,ai-api/patchright-you-baseline-homepage-1-37.png,3be06dd1face64179a0ee3b6cc6f771e2fbfa5998836d169c7c866880dac6fcd,not_enforced_browser_observation,False,[],False,,,,True,browser_observation,"{'requests': 11, 'bytes_charged': 8388608}","{'requests': 155, 'bytes_charged': 13786503}",['websocket_handshake_or_frames_not_recorded'],False,{'observation_end': 1},0,Keyword-matched saved DOM anchors; may include sitelinks or mixed result modules,False,False,False,,,,,,,,,[]
phind,Phind,ai,answer_engine,ai-api,403,robots.txtにCloudflare challenge header（他URL全体の状態とは区別）,,b57f0cfcdb7faf57a0fb8fc31c0ee1bc00dddba1369e25dc2bf4eee28117dc84,"<!DOCTYPE html><html lang=""en-US""><head><title>Just a moment...</title><meta http-equiv=""Content-Type"" content=""text/html; charset=UTF-8""><meta http-equiv=""X-UA-Compatible"" content=""IE=Edge""><meta name=""robots"" content=""noindex,nofollow""><meta name=""","{'cf-mitigated': 'challenge', 'cf-ray': 'a4465c5aea42b828-SJC', 'content-encoding': 'br', 'content-security-policy': ""default-src 'none'; script-src 'nonce-5U6V0fogh5Y4bT8z9A8ERN' 'unsafe-eval' https://challenges.cloudflare.com; script-src-attr 'none'; style-src 'unsafe-inline'; img-src 'self' https://challenges.cloudflare.com; connect-src 'self' https://challenges.cloudflare.com; frame-src 'self' https://challenges.cloudflare.com blob:; child-src 'self' https://challenges.cloudflare.com blob:; worker-src blob:; form-action http: https:; base-uri 'self'"", 'content-type': 'text/html; charset=UTF-8', 'server': 'envoy'}",403,challenge_observed,,403,challenge_observed,,target,True,確認画面を観測。外部widgetの実験側制限なし、通過未確認,人間確認/Challenge表示（検索結果未確認）,homepage cloudflare:technology (cf-ray or Cloudflare server header); homepage cloudflare:challenge (cf-mitigated: challenge); target cloudflare:technology (cf-ray or Cloudflare server header); target cloudflare:challenge (cf-mitigated: challenge); target turnstile:widget_or_library (Turnstile marker); robots.txt headers: Cloudflare challenge / cf-ray observed,0,0,2,"{'outside_scope': 2, 'resource_policy': 4, 'non_get': 6, 'observation_end': 1}","{'challenges.cloudflare.com': 2, 'www.phind.com': 11}",3,https://www.phind.com/search?q=%E6%97%A9%E7%A8%B2%E7%94%B0%E5%A4%A7%E5%AD%A6+%E6%95%99%E5%93%A1,https://www.phind.com/search?q=%E6%97%A9%E7%A8%B2%E7%94%B0%E5%A4%A7%E5%AD%A6+%E6%95%99%E5%93%A1,https://www.phind.com/search?q=%E6%97%A9%E7%A8%B2%E7%94%B0%E5%A4%A7%E5%AD%A6+%E6%95%99%E5%93%A1,69b1add05da7a7416aea1ab8a5e36ec92aef3ce74cc942e764ae65d00f0cb931,ai-api/patchright-phind-browser-observation-target-1-68.png,Just | a | moment...,Just a moment... www.phind.com Performing security verification This website uses a security service to protect against malicious bots. This page is displayed while the website verifies you are not a bot. Verification successful. Waiting for www.phind.com to respond Ray ID: a44680646df58462 Performance and Security by Cloudflare Privacy,,0,True,True,False,,https://www.phind.com/robots.txt,ai-api,,,,,ai-api/patchright-phind-baseline-homepage-1-51.png,6f90eb55b3a7ff69b102b8f0a127f142f6a4e3fe48340d91cdb89ffd587526b0,not_enforced_browser_observation,False,[],True,"{'requests': 1, 'bytes_charged': 6291}","{'requests': 10, 'bytes_charged': 2619431}","[{""role"": ""homepage"", ""url"": ""https://www.phind.com/"", ""http_status"": 403, ""outcome"": ""challenge_observed"", ""robots_outcome"": ""robots_unavailable"", ""probe_applied"": true, ""screenshot"": ""patchright-phind-baseline-homepage-1-51.png""}, {""role"": ""target"", ""url"": ""https://www.phind.com/search?q=%E6%97%A9%E7%A8%B2%E7%94%B0%E5%A4%A7%E5%AD%A6+%E6%95%99%E5%93%A1"", ""http_status"": 403, ""outcome"": ""challenge_observed"", ""robots_outcome"": ""robots_unavailable"", ""probe_applied"": true, ""screenshot"": ""patchright-phind-baseline-target-2-52.png""}]",True,browser_observation,"{'requests': 10, 'bytes_charged': 2619431}","{'requests': 21, 'bytes_charged': 4239909}",['websocket_handshake_or_frames_not_recorded'],False,{},0,Keyword-matched saved DOM anchors; may include sitelinks or mixed result modules,False,False,False,,,,,,,,,[]
bagoodex,Bagoodex,ai,answer_engine,ai-api,200,,,b0f5c47cdae4d317f4852b4ba5e6de9d69e8cd6fcdd19e4ac5504c732dd40323,User-agent: * Allow: / Sitemap: https://bagoodex.io/sitemap.xml User-agent: Googlebot Allow: /,"{'cf-ray': 'a44622243b45df5d-SJC', 'content-encoding': 'br', 'content-type': 'text/plain', 'server': 'envoy'}",200,content_observed,,200,content_observed,,target,False,CAPTCHA未観測,Sigma AIへの移転案内を観測（検索結果未取得）,homepage cloudflare:technology (cf-ray or Cloudflare server header); target cloudflare:technology (cf-ray or Cloudflare server header),0,0,1,"{'outside_scope': 2, 'byte_budget': 3, 'resource_policy': 2}","{'static.cloudflareinsights.com': 2, 'bagoodex.io': 5}",0,https://bagoodex.io/search?q=%E6%97%A9%E7%A8%B2%E7%94%B0%E5%A4%A7%E5%AD%A6+%E6%95%99%E5%93%A1,https://bagoodex.io/search?q=%E6%97%A9%E7%A8%B2%E7%94%B0%E5%A4%A7%E5%AD%A6+%E6%95%99%E5%93%A1,https://bagoodex.io/search?q=%E6%97%A9%E7%A8%B2%E7%94%B0%E5%A4%A7%E5%AD%A6+%E6%95%99%E5%93%A1,0880267cfdeedc9ccffa19c6b08e97028f6992b3e06dc0bd13eb08c06f054ae9,ai-api/patchright-bagoodex-browser-observation-target-1-70.png,,"We’ve Leveled Up! A new domain, a refreshed website, and more features. Visit us today to see what’s new. Move to Sigma AI",,0,True,True,False,,https://bagoodex.io/robots.txt,ai-api,,,,,ai-api/patchright-bagoodex-baseline-homepage-1-40.png,9160fb16be245ca83b44ce5553fd1b31963b750a3983de3811c0645604741f3a,not_enforced_browser_observation,False,[],False,,,,True,browser_observation,"{'requests': 11, 'bytes_charged': 2727984}","{'requests': 40, 'bytes_charged': 4085990}",['websocket_handshake_or_frames_not_recorded'],False,{},0,Keyword-matched saved DOM anchors; may include sitelinks or mixed result modules,False,False,False,,,,,,,,,[]
brave-api,Brave Search API,api,api,ai-api,200,,,105ae9ec1bb33213b73be71b290c54eef3a15bc98c9780f6e4669d67ff68b4d2,User-agent: * Sitemap: https://brave.com/sitemap.xml,"{'content-length': '53', 'content-security-policy': ""connect-src 'self' https://search.brave.com https://newsletter.brave.app https://analytics.brave.com https://api2.blocksurvey.io; default-src 'none'; media-src 'self'; font-src 'self'; frame-ancestors 'self' https://ads.brave.com https://ads.bravesoftware.com; frame-src 'self' https://blocksurvey.io https://survey.brave.app https://contact.ads.brave.com https://html5-player.libsyn.com https://player.vimeo.com https://boards.greenhouse.io https://job-boards.greenhouse.io https://www.youtube-nocookie.com https://app.boostr.com/; img-src 'self' data: https://imgs.search.brave.com https://analytics.brave.com https://boards.greenhouse.io https://job-boards.greenhouse.io; script-src 'self' https://boards.greenhouse.io https://job-boards.greenhouse.io; style-src 'self' 'unsafe-inline'; object-src 'self'; worker-src 'self' blob:; manifest-src 'self'; upgrade-insecure-requests;"", 'content-type': 'text/plain', 'server': 'envoy', 'via': '1.1 e2d7efb4a6fe4a49c212c47079f43f9c.cloudfront.net (CloudFront)', 'x-amz-cf-id': 'BX0CuhaGO9J9aKYhAGn1kt57hjsGl7mdoxPqmVeQ0GOrGz2GJQRYQQ==', 'x-amz-cf-pop': 'SFO5-P1', 'x-cache': 'Hit from cloudfront'}",200,content_observed,,,,,homepage,False,CAPTCHA未観測,未観測,homepage aws-cloudfront:technology (CloudFront CDN header; does not identify a WAF rule),0,1,0,"{'byte_budget': 15, 'resource_policy': 32}",{'brave.com': 47},0,https://brave.com/search/api/,https://brave.com/search/api/,,e3c85d4b4831c924fc9217678061fda9eadbb7fd646eae072a02847b2ec8877f,ai-api/patchright-brave-api-baseline-homepage-1-43.png,Brave | Search | API | | | Brave,Brave Search API | Brave Yes Dismiss Browser Downloads Desktop Android iOS Features Shields adblocker VPN Privacy features Premium services Brave Origin Browser AI More features Brave vs. other browsers Search Try Brave Search Ask Brave Search features Web Discovery Project Brave vs. other search engines Search API Get started Get API key API features Use cases Sign up Log in Resources Developer docs How-to guides Tools & integrations MCP Server Latest API news Brave Ads Overview Browser Ads Sea,,0,False,False,False,検索クエリ対象外（API/ディレクトリ/セルフホスト等）,https://brave.com/robots.txt,ai-api,,,,,ai-api/patchright-brave-api-baseline-homepage-1-43.png,e3c85d4b4831c924fc9217678061fda9eadbb7fd646eae072a02847b2ec8877f,,False,[],False,,,,False,historical_grounding_constraints,,,[],True,"{'byte_budget': 15, 'resource_policy': 32}",0,Keyword-matched saved DOM anchors; may include sitelinks or mixed result modules,False,False,False,,,,,,,,,[]
serpapi,SerpApi,api,api,ai-api,200,,,668ce07b2b1485044c5855e5d79aa3e9306fa78c4bf44bd1cf51009fee5323ba,User-agent: * Disallow: /samples/ Disallow: /searches/ Disallow: /search? Disallow: /search.json Disallow: /search.html,"{'cf-ray': 'a4462307595b6bb4-SJC', 'content-encoding': 'br', 'content-type': 'text/plain', 'server': 'envoy'}",200,content_observed,,,,,homepage,False,CAPTCHA未観測,未観測,homepage cloudflare:technology (cf-ray or Cloudflare server header); homepage recaptcha:widget_or_library (reCAPTCHA marker),0,1,0,"{'byte_budget': 9, 'resource_policy': 41, 'outside_scope': 4, 'non_get': 3}","{'serpapi.com': 51, 'www.googletagmanager.com': 2, 'www.google.com': 1, 'stats.g.doubleclick.net': 1, 'analytics.google.com': 1, 'widget.intercom.io': 1}",0,https://serpapi.com/,https://serpapi.com/,,c719dfcbdd2c7712bb5380a1da3615cedef7da2fba35516b634d0a684b50028d,ai-api/patchright-serpapi-baseline-homepage-1-45.png,SerpApi: | Google | Search | API,SerpApi: Google Search API APIs Solutions Integrations Features Pricing Company Sign In Register APIs Integrations Features Pricing Use cases Team Careers FAQ Contact us Sign In Register Pricing Choose the plan that suits you best. Standard Enterprise APIs Explore all search engines we support or check out our complete API list. Google Search API Google Light Search API Google AI Mode API Google AI Overview API Google Ads API Google Ads Transparency API Google Autocomplete API Google Events API ,,0,False,False,False,検索クエリ対象外（API/ディレクトリ/セルフホスト等）,https://serpapi.com/robots.txt,ai-api,,,,,ai-api/patchright-serpapi-baseline-homepage-1-45.png,c719dfcbdd2c7712bb5380a1da3615cedef7da2fba35516b634d0a684b50028d,,False,[],False,,,,False,historical_grounding_constraints,,,[],True,"{'byte_budget': 9, 'resource_policy': 41, 'outside_scope': 4, 'non_get': 3}",0,Keyword-matched saved DOM anchors; may include sitelinks or mixed result modules,False,False,False,,,,,,,,,[]
dataforseo,DataForSEO,api,api,ai-api,200,,,188d17e9038829e3358d670c7c7606ad5e38819ed2dcda02f2fef81e53d02839,User-agent: * Disallow: /cgi-bin Disallow: /wp- Disallow: /? Disallow: /*? Disallow: *?s= Disallow: *&s= Disallow: /search Disallow: /author/ Disallow: /offer/* Disallow: */embed$ Disallow: */xmlrpc.php Disallow: *utm*= Disallow: *openstat= Disallow:,"{'cf-ray': 'a44623691876eb32-SJC', 'content-encoding': 'gzip', 'content-type': 'text/plain; charset=utf-8', 'server': 'envoy'}",200,content_observed,,,,,homepage,False,CAPTCHA未観測,未観測,homepage cloudflare:technology (cf-ray or Cloudflare server header),0,1,0,"{'byte_budget': 63, 'outside_scope': 6, 'resource_policy': 61}","{'dataforseo.com': 124, 'fonts.googleapis.com': 1, 'cdn.dataforseo.com': 2, 'tools.softoria.com': 1, 'pop-ups.sendpulse.com': 1, 'www.googletagmanager.com': 1}",0,https://dataforseo.com/,https://dataforseo.com/,,54e7787903d350a53076c2e4c802b6a38b39704112d2971f098be18326e3024f,ai-api/patchright-dataforseo-baseline-homepage-1-47.png,Powerful | API | Stack | For | Data-Driven | SEO | Tools | – | DataForSEO,Powerful API Stack For Data-Driven SEO Tools – DataForSEO Your API for data-powered LLM Brand Monitoring >> API Docs Free Tools Top 1000 Websites By Ranking Keywords Top 1000 Keywords Top 1000 Websites By Domain Rank Top 1000 Websites By Traffic Trends SERP Volatility Index DataForSEO Trends AI Visibility Tracker About us Mission and vision Our data Ukrainian Bravery Status Page AI Assistant Contact us Login Products APIs SERP API Keywords Data APIs Google Ads API Google Trends API Bing Ads API ,,0,False,False,False,検索クエリ対象外（API/ディレクトリ/セルフホスト等）,https://dataforseo.com/robots.txt,ai-api,,,,,ai-api/patchright-dataforseo-baseline-homepage-1-47.png,54e7787903d350a53076c2e4c802b6a38b39704112d2971f098be18326e3024f,,False,[],False,,,,False,historical_grounding_constraints,,,[],True,"{'byte_budget': 63, 'outside_scope': 6, 'resource_policy': 61}",0,Keyword-matched saved DOM anchors; may include sitelinks or mixed result modules,False,False,False,,,,,,,,,[]
firecrawl,Firecrawl,api,api,ai-api,200,,,73af8d8a8e0f1ff19eca4786b4f7f64ee6f25e079827da32830d277dcae56a93,"User-agent: * Allow: / Disallow: /_next/static/ Disallow: /_next/static/css/ Disallow: /logos Disallow: /api/ Disallow: /assets Disallow: /assets-original Disallow: /fonts Content-Signal: ai-train=yes, search=yes, ai-input=yes Sitemap: https://www.fi","{'content-length': '366', 'content-security-policy': ""default-src 'self' https://docs.firecrawl.dev; script-src 'nonce-3f02d843-043b-4ce7-945c-a7302a629ca2' 'strict-dynamic' 'wasm-unsafe-eval' 'report-sample' 'self' https://www.googletagmanager.com https://www.google.com https://www.gstatic.com https://googleads.g.doubleclick.net https://static.ads-twitter.com https://www.clarity.ms https://scripts.clarity.ms https://us-assets.i.posthog.com https://www.dubcdn.com https://www.google.com/recaptcha/ https://www.gstatic.com/recaptcha/ https://www.chatbase.co https://assets.calendly.com https://platform.twitter.com https://bugcrowd.com https://assets.bugcrowdusercontent.com; script-src-elem 'nonce-3f02d843-043b-4ce7-945c-a7302a629ca2' 'strict-dynamic' 'wasm-unsafe-eval' 'report-sample' 'self' https://www.googletagmanager.com https://www.google.com https://www.gstatic.com https://googleads.g.doubleclick.net https://static.ads-twitter.com https://www.clarity.ms https://scripts.clarity.ms https://us-assets.i.posthog.com https://www.dubcdn.com https://www.google.com/recaptcha/ https://www.gstatic.com/recaptcha/ https://www.chatbase.co https://assets.calendly.com https://platform.twitter.com https://bugcrowd.com https://assets.bugcrowdusercontent.com; style-src 'self' 'unsafe-inline' 'report-sample' https://fonts.googleapis.com; style-src-elem 'self' 'unsafe-inline' 'report-sample' https://fonts.googleapis.com; style-src-attr 'unsafe-inline'; img-src 'self' data: blob: https:; media-src 'self' data: blob:; font-src 'self' data: https:; connect-src 'self' https: wss: data: blob: https://www.google.com/recaptcha/; frame-src 'self' https://docs.firecrawl.dev https://www.youtube.com https://www.youtube-nocookie.com https://platform.twitter.com https://www.linkedin.com https://www.google.com https://accounts.google.com https://recaptcha.google.com https://www.google.com/recaptcha/ https://recaptcha.google.com/recaptcha/ https://js.stripe.com https://verify.didit.me https://www.googletagmanager.com https://vercel.live https://liveview.firecrawl.dev https://hangar.firecrawl.dev https://bugcrowd.com https://assets.bugcrowdusercontent.com https://renderer.gist.build https://code.gist.build https://www.chatbase.co https://calendly.com; worker-src 'self' blob:; frame-ancestors 'none'; base-uri 'self'; form-action 'self'; object-src 'none'; upgrade-insecure-requests; report-uri /api/csp-report; report-to csp-endpoint"", 'content-type': 'text/plain; charset=utf-8', 'server': 'envoy'}",200,content_observed,,,,,homepage,False,CAPTCHA未観測,未観測,,0,0,1,"{'resource_policy': 9, 'robots_denied': 40, 'outside_scope': 1}","{'www.firecrawl.dev': 49, 'www.googletagmanager.com': 1}",0,https://www.firecrawl.dev/,https://www.firecrawl.dev/,,37b8b56edc230a160294cf78b5ea564ead2f0102fa5f2f075a463806c6af4399,ai-api/patchright-firecrawl-baseline-homepage-1-54.png,Firecrawl | | | Web | Data | API | for | AI | Agents | OpenAI | Claude | Cursor | Claude | Cursor | Windsurf | OpenAI | Gemini,"Firecrawl | Web Data API for AI Agents Introducing Alexandria and our $75M Series B. Read the announcement → Products Resources Pricing Docs Blog Playground 187.9K Sign up 2 Months Free - Annually Give your AI agents web data and beyond The web data API to search and scrape with access to more sources through Alexandria . It's also open source. Start for free Connect Firecrawl Search Scrape Map Crawl Search [ .JSON ] 1 [ 2 { 3 "" url "" : "" https://example.com "" , 4 "" markdown "" : "" # Getting Star",,0,False,False,False,検索クエリ対象外（API/ディレクトリ/セルフホスト等）,https://www.firecrawl.dev/robots.txt,ai-api,,,,,ai-api/patchright-firecrawl-baseline-homepage-1-54.png,37b8b56edc230a160294cf78b5ea564ead2f0102fa5f2f075a463806c6af4399,robots_allowed,False,[],True,"{'requests': 1, 'bytes_charged': 15}","{'requests': 4, 'bytes_charged': 1202056}","[{""role"": ""homepage"", ""url"": ""https://www.firecrawl.dev/"", ""http_status"": 200, ""outcome"": ""content_observed"", ""robots_outcome"": ""robots_allowed"", ""probe_applied"": false, ""screenshot"": ""patchright-firecrawl-baseline-homepage-1-54.png""}]",False,historical_grounding_constraints,,,[],True,"{'resource_policy': 9, 'robots_denied': 40, 'outside_scope': 1}",0,Keyword-matched saved DOM anchors; may include sitelinks or mixed result modules,False,False,False,,,,,,,,,[]
exa,Exa,api,api,ai-api,200,,,a03be2b4b5019a35e84f026b485d019aff54474b9d7df2301e7d92bbcbf4428d,User-Agent: * Disallow: /search?* Disallow: /hackathon/ Sitemap: https://exa.ai/sitemap.xml Sitemap: https://exa.ai/docs/sitemap.xml,"{'content-length': '134', 'content-security-policy': ""frame-ancestors 'none'"", 'content-type': 'text/plain; charset=utf-8', 'server': 'envoy'}",200,content_observed,,,,,homepage,False,CAPTCHA未観測,未観測,,0,1,0,"{'resource_policy': 17, 'byte_budget': 24, 'outside_scope': 6}","{'exa.ai': 41, 'exa.imgix.net': 6}",0,https://exa.ai/,https://exa.ai/,,373a1db79e21a423dde7b1bc7f67e0001b42046cd7ca0ff5f1f62a749e8995fd,ai-api/patchright-exa-baseline-homepage-1-49.png,Exa | | | Search | API | for | AI | Agents | — | Real-Time | Web | Data,"Exa | Search API for AI Agents — Real-Time Web Data Exa Site Index Fetch the Exa site index at: https://exa.ai/llms.txt Use this file to discover Exa products, pricing, evaluations, comparisons, use cases, agent interfaces, and technical documentation before exploring further. Introducing Exa Agent Ultra Introducing Exa Agent Ultra: Frontier Quality at a Fraction of the Cost Learn more Products Search API Contents API Agent API Monitors API Integrations Exa Connect More GTM Resources Careers We'",,0,False,False,False,検索クエリ対象外（API/ディレクトリ/セルフホスト等）,https://exa.ai/robots.txt,ai-api,,,,,ai-api/patchright-exa-baseline-homepage-1-49.png,373a1db79e21a423dde7b1bc7f67e0001b42046cd7ca0ff5f1f62a749e8995fd,,False,[],False,,,,False,historical_grounding_constraints,,,[],True,"{'resource_policy': 17, 'byte_budget': 24, 'outside_scope': 6}",0,Keyword-matched saved DOM anchors; may include sitelinks or mixed result modules,False,False,False,,,,,,,,,[]
tavily,Tavily,api,api,ai-api,200,,,56389683ed076272911b88d50229b3fbfc17340b6f8b5f7fdd925929d68889b8,User-Agent: * Allow: / Disallow: /api/ Disallow: /enterprise/thank-you Disallow: /legal/ User-Agent: ChatGPT-User User-Agent: PerplexityBot User-Agent: ClaudeBot User-Agent: Applebot-Extended Allow: / Disallow: /legal/ User-Agent: GPTBot User-Agent: ,"{'content-type': 'text/plain', 'server': 'envoy', 'via': '1.1 bfad77da64cd65a36fcbbe44acb655e8.cloudfront.net (CloudFront)', 'x-amz-cf-id': 'Rn92cc86D1Irjq1-krujLjPTF6KM3p9-p8MPPmB3rSnVDEs_VZbxQw==', 'x-amz-cf-pop': 'SFO53-P2', 'x-cache': 'Miss from cloudfront', 'x-request-id': 'cfc0092b-2626-44b4-94aa-b17fb95fb124'}",200,content_observed,,,,,homepage,False,CAPTCHA未観測,未観測,homepage aws-cloudfront:technology (CloudFront CDN header; does not identify a WAF rule),0,0,1,"{'outside_scope': 31, 'resource_policy': 12, 'byte_budget': 22, 'observation_end': 2}","{'cdn.equalweb.com': 1, 'www.tavily.com': 36, 'cdn.cookielaw.org': 2, 'cdn.sanity.io': 28}",0,https://www.tavily.com/,https://www.tavily.com/,,8e911e25617e2f11cdbede8d4db99ba9b9e0fe03ffcd98be7b2d5558321a8a20,ai-api/patchright-tavily-baseline-homepage-1-56.png,Tavily,Tavily World of Tavily is coming to SF Tech Week on Oct 9. Get on the list Product Solutions Resources Docs Pricing Endpoints Overview The web access layer for AI agents Search Fast and relevant web results Extract Clean and structured content for LLMs Research An agent for in-depth web research Crawl Content extracted from entire websites Map Discover URLs across any website Explore Use Cases Post-Training Industries Financial Learn Blog Certification Events Company About Customers Careers Cont,,0,False,False,False,検索クエリ対象外（API/ディレクトリ/セルフホスト等）,https://www.tavily.com/robots.txt,ai-api,,,,,ai-api/patchright-tavily-baseline-homepage-1-56.png,8e911e25617e2f11cdbede8d4db99ba9b9e0fe03ffcd98be7b2d5558321a8a20,robots_allowed,False,[],True,"{'requests': 1, 'bytes_charged': 0}","{'requests': 10, 'bytes_charged': 2702508}","[{""role"": ""homepage"", ""url"": ""https://www.tavily.com/"", ""http_status"": 200, ""outcome"": ""content_observed"", ""robots_outcome"": ""robots_allowed"", ""probe_applied"": false, ""screenshot"": ""patchright-tavily-baseline-homepage-1-56.png""}]",False,historical_grounding_constraints,,,[],True,"{'outside_scope': 31, 'resource_policy': 12, 'byte_budget': 22, 'observation_end': 2}",0,Keyword-matched saved DOM anchors; may include sitelinks or mixed result modules,False,False,False,,,,,,,,,[]
wolframalpha,WolframAlpha,vertical,computational_answer,niche,200,,,d4d76054daa8e69b60dc609170a16bd31f03d2af24012f750c40bc4b8134483b,User-agent: * Disallow: /facebook/ User-agent: ChatGPT-User Disallow: / User-agent: GPTBot Disallow: / User-agent: Google-Extended Disallow: /,"{'content-length': '142', 'content-type': 'text/plain; charset=utf-8', 'server': 'envoy'}",200,content_observed,,200,content_observed,,target,False,CAPTCHA未観測,応答あり、結果本体未確認（空/JSシェル等）,,0,1,0,"{'byte_budget': 33, 'resource_policy': 17}",{'www.wolframalpha.com': 50},0,https://www.wolframalpha.com/input?i=%E6%97%A9%E7%A8%B2%E7%94%B0%E5%A4%A7%E5%AD%A6+%E6%95%99%E5%93%A1,https://www.wolframalpha.com/input?i=%E6%97%A9%E7%A8%B2%E7%94%B0%E5%A4%A7%E5%AD%A6+%E6%95%99%E5%93%A1,https://www.wolframalpha.com/input?i=%E6%97%A9%E7%A8%B2%E7%94%B0%E5%A4%A7%E5%AD%A6+%E6%95%99%E5%93%A1,3c2f0710a73933413d70e154d88221503d6b155a307877a71b9fb76f305d8624,niche/patchright-wolframalpha-browser-observation-target-1-33.png,早稲田大学 | 教員 | - | Wolfram|Alpha,早稲田大学 教員 - Wolfram|Alpha UPGRADE TO PRO APPS TOUR Sign in Step-by-Step Solutions with Pro Get a step ahead with your homework Go Pro Now 早稲田大学 教員 早稲田大学 教員 Natural Language Math Input This Wolfram|Alpha site does not support Chinese. Try other available languages using the menu at the top-right of the page. Wolfram|Alpha 不支持中文。 Have a question about using Wolfram|Alpha? Contact Pro Premium Expert Support » Give us your feedback » Pro Mobile Apps Products Business API & Developer Solutions LLM Sol,,0,True,True,False,,https://www.wolframalpha.com/robots.txt,niche,,,,,niche/patchright-wolframalpha-baseline-homepage-1-15.png,397e6e48eddc32afd22d5c14241b2c95911adb2d1e42c0abd2f5c9809b231525,not_enforced_browser_observation,False,[],False,,,,True,browser_observation,"{'requests': 12, 'bytes_charged': 2426004}","{'requests': 42, 'bytes_charged': 5194016}",['websocket_handshake_or_frames_not_recorded'],False,{},0,Keyword-matched saved DOM anchors; may include sitelinks or mixed result modules,False,False,False,,,,,,,,,[]
base,BASE,academic,academic_directory,niche,200,,,8550d48a330645820ab3dcf41abec1eac36d1a92b0ac517e946dafd03f2855be,"# robots.txt for www.base-search.net # last update: 2025-09-16 # Es werden nur Startseite, erweiterte Suche und about-Seiten (de/en/fr/pl) erlaubt. User-Agent: * # Wie oft ein Crowler eine Abfrage senden darf in Sekunden (Angabe 1.5 auch möglich) Cra","{'content-encoding': 'gzip', 'content-type': 'text/plain', 'server': 'envoy'}",200,content_observed,,,,,homepage,False,CAPTCHA未観測,未観測,,0,1,0,"{'resource_policy': 3, 'observation_end': 1}",{'www.base-search.net': 4},0,https://www.base-search.net/,chrome-error://chromewebdata/,,bac0866b05004a345b3283617f54528983c0fe27fd63b96032b41522df5a66a8,niche/patchright-base-baseline-homepage-1-18.png,www.base-search.net,www.base-search.net www.base-search.net is blocked This page has been blocked by Chromium ERR_BLOCKED_BY_CLIENT Reload This page has been blocked by Chromium,,0,False,False,False,検索クエリ対象外（API/ディレクトリ/セルフホスト等）,https://www.base-search.net/robots.txt,niche,,,,,niche/patchright-base-baseline-homepage-1-18.png,bac0866b05004a345b3283617f54528983c0fe27fd63b96032b41522df5a66a8,,False,[],False,,,,False,historical_grounding_constraints,,,[],True,"{'resource_policy': 3, 'observation_end': 1}",0,Keyword-matched saved DOM anchors; may include sitelinks or mixed result modules,False,False,False,,,,,,,,,[]
refseek,RefSeek,academic,academic_search,niche,200,,,880956666a88e12ae1cb3f84c741cdd5cf37af41e6004a9040f225ee6897d439,User-agent: * Disallow: /data/ Disallow: /search/ Disallow: /search,"{'cf-ray': 'a446210dd98cee17-SJC', 'content-encoding': 'gzip', 'content-length': '63', 'content-type': 'text/plain', 'server': 'envoy'}",200,content_observed,,200,content_observed,,target,False,CAPTCHA未観測,保存DOMから教員関連候補リンク抽出,homepage cloudflare:technology (cf-ray or Cloudflare server header); target cloudflare:technology (cf-ray or Cloudflare server header),0,1,11,"{'outside_scope': 4, 'byte_budget': 10, 'resource_policy': 6, 'non_get': 1, 'observation_end': 1}","{'geo.cookie-script.com': 2, 'www.refseek.com': 18, 'www.googletagmanager.com': 2}",0,https://www.refseek.com/search?q=%E6%97%A9%E7%A8%B2%E7%94%B0%E5%A4%A7%E5%AD%A6%20%E6%95%99%E5%93%A1,https://www.refseek.com/search?q=%E6%97%A9%E7%A8%B2%E7%94%B0%E5%A4%A7%E5%AD%A6%20%E6%95%99%E5%93%A1,https://www.refseek.com/?q=%E6%97%A9%E7%A8%B2%E7%94%B0%E5%A4%A7%E5%AD%A6+%E6%95%99%E5%93%A1,5117ef439543a3108889b7d3d8de26aa25ec329e1bdf061fc1a1838cdeb031bd,niche/patchright-refseek-browser-observation-target-1-43.png,早稲田大学 | 教員 | - | RefSeek | search | search,"早稲田大学 教員 - RefSeek Directory Search All results Documents × Web Image All results docs About 6,280,000 results (0.14 seconds) 教員 紹介 - 早稲田大学 建築学科 www.arch.waseda.ac.jp https://www.arch.waseda.ac.jp/wa/professors 早稲田大学創造理工学部・研究科 建築学科/建築学専攻 › professors 教員 紹介 - 早稲田大学 建築学科 教員 紹介 · 宮本佳明. 宮本佳明. Prof. Katsuhiro MIYAMOTO: 宮本 佳明 教授 · Prof. Tomoyuki TANAKA: 田中 智之 教授 · 小林 恵吾. 小林 恵吾. Assoc. Prof. · 渡邊 大志. www.arch.waseda.ac.jp https://www.arch.waseda.ac.jp/wa/professors 教員 ・研究室 - 早稲田大学 基幹理工学部 情報理工学科 www.cs.",,8,True,True,True,,https://www.refseek.com/robots.txt,niche,,,,,niche/patchright-refseek-baseline-homepage-1-20.png,73e02094f1064ae859c4800e6907b2f533f33f99caae08d4d0c8d510e6e4da39,not_enforced_browser_observation,False,[],False,,,,True,browser_observation,"{'requests': 13, 'bytes_charged': 8388608}","{'requests': 35, 'bytes_charged': 9446496}",['websocket_handshake_or_frames_not_recorded'],False,{},0,Keyword-matched saved DOM anchors; may include sitelinks or mixed result modules,False,False,False,,,,,,,,,"[{""title"": ""教員 紹介 - 早稲田大学 建築学科"", ""url"": ""https://www.arch.waseda.ac.jp/wa/professors""}, {""title"": ""教員 ・研究室 - 早稲田大学 基幹理工学部 情報理工学科"", ""url"": ""https://www.cs.waseda.ac.jp/professor_list/professor_list""}, {""title"": ""教員 紹介｜ 早稲田大学 電気・情報生命工学科／専攻"", ""url"": ""https://www.eb.waseda.ac.jp/laboratory/""}, {""title"": ""教員 ・研究室 - 早稲田大学（先進理工学部・物理学科）"", ""url"": ""https://www.phys.waseda.ac.jp/staff/""}, {""title"": ""TOP 早稲田大学 NIMS連携大学院"", ""url"": ""https://www.nims.go.jp/waseda/""}, {""title"": ""教員 紹介 - 早稲田大学 先進理工学部 化学・生命化学科"", ""url"": ""https://www.chem.waseda.ac.jp/ja/faculty.html""}, {""title"": ""早稲田大学 - 求人公募情報検索結果"", ""url"": ""https://jrecin.jst.go.jp/seek/SeekJorSearch?fn=3&dispcount=10&keyword_and=%E6%97%A9%E7%A8%B2%E7%94%B0%E5%A4%A7%E5%AD%A6""}, {""title"": ""全 教員 リスト | 早稲田大学 基幹理工学部・研究科"", ""url"": ""https://www.fse.sci.waseda.ac.jp/dept/faculty/""}, {""title"": ""教員 一覧 | 早稲田大学 理工学術院基幹理工学部電子物理システム学科"", ""url"": ""https://www.eps.sci.waseda.ac.jp/staff/""}, {""title"": ""教員 ・研究室 | 早稲田大学 基幹理工学部 機械科学・航空宇宙学科"", ""url"": ""https://www.amech.waseda.ac.jp/laboratory/""}]"
lenso,Lenso.ai,visual,visual_search,niche,200,,,d63cdfa6dc8dcc05b85b81467e044291aaa5da0acd5773e961a60a3936486bf5,User-agent: * Disallow: /en/results/* Disallow: /en/blog/intl/* Disallow: /en/search-by-url* Disallow: /en/search-by-text* Disallow: /en/dsa Disallow: /en/dmca Disallow: /en/opt-out Disallow: /en/for-shareholders Disallow: /el/results/* Disallow: /el,"{'cf-ray': 'a446214a4d709881-SJC', 'content-encoding': 'br', 'content-type': 'text/plain;charset=UTF-8', 'server': 'envoy'}",200,content_observed,,,,,homepage,False,CAPTCHA未観測,未観測,homepage cloudflare:technology (cf-ray or Cloudflare server header),0,1,0,"{'outside_scope': 6, 'resource_policy': 55, 'byte_budget': 4}","{'cdn.jsdelivr.net': 1, 'use.typekit.net': 1, 'lenso.ai': 59, 'fonts.googleapis.com': 2, 'bzrcdn.openai.com': 1, 'www.googletagmanager.com': 1}",0,https://lenso.ai/,https://lenso.ai/en,,f1c85ee3e57e460bb4410f22800207aa4b31245b1aa5ebf0076446a4b2dfab33,niche/patchright-lenso-baseline-homepage-1-23.png,Lenso.ai | - | AI | Reverse | Image | Search | with | Facial | Recognition,"Lenso.ai - AI Reverse Image Search with Facial Recognition Reverse Image Search Face Search Copyright Search deutsch de ελληνικά el english en español es français fr bahasa indonesia id 日本語 ja 한국어 ko bahasa melayu ms wikang filipino tl polski pl português pt pyccкий ru ภาษาไทย th українська uk 官话 zh Reverse Image Search Face Search Copyright Search place people similar AI Reverse Image Search with lenso.ai Find places, people, duplicates, and more Explore billions of images from all around the w",,0,False,False,False,検索クエリ対象外（API/ディレクトリ/セルフホスト等）,https://lenso.ai/robots.txt,niche,,,,,niche/patchright-lenso-baseline-homepage-1-23.png,f1c85ee3e57e460bb4410f22800207aa4b31245b1aa5ebf0076446a4b2dfab33,,False,[],False,,,,False,historical_grounding_constraints,,,[],True,"{'outside_scope': 6, 'resource_policy': 55, 'byte_budget': 4}",0,Keyword-matched saved DOM anchors; may include sitelinks or mixed result modules,False,False,False,,,,,,,,,[]
unsplash,Unsplash,vertical,image_search,niche,200,,,48c47b9141d837ed6feeb4921b2f56b2995e48e5fef58b59af614b5f3eb61276,User-Agent: * Sitemap: https://sitemaps.unsplash.com/sitemaps/searches/de/sitemap.xml Sitemap: https://sitemaps.unsplash.com/sitemaps/searchable/de/sitemap.xml Sitemap: https://sitemaps.unsplash.com/sitemaps/promoted/de/sitemap.xml Sitemap: https://s,"{'content-encoding': 'br', 'content-type': 'text/plain', 'server': 'envoy', 'via': '1.1 varnish, 1.1 varnish', 'x-cache': 'MISS, MISS'}",401,response_observed,,503,server_error_observed,,target,False,CAPTCHA未観測,実行環境proxy/upstream失敗（サイトWAFとは未確定）,,0,1,4,"{'resource_policy': 3, 'byte_budget': 1}",{'unsplash.com': 4},0,https://unsplash.com/s/photos/%E6%97%A9%E7%A8%B2%E7%94%B0%E5%A4%A7%E5%AD%A6%20%E6%95%99%E5%93%A1,https://unsplash.com/s/photos/%E6%97%A9%E7%A8%B2%E7%94%B0%E5%A4%A7%E5%AD%A6%20%E6%95%99%E5%93%A1,https://unsplash.com/s/photos/%E6%97%A9%E7%A8%B2%E7%94%B0%E5%A4%A7%E5%AD%A6+%E6%95%99%E5%93%A1,cb7ec7653be2c097f0ac40beba408c2fce307b8e7ddccd049a0dfaf61dd2db6e,niche/patchright-unsplash-browser-observation-target-1-47.png,,"upstream connect error or disconnect/reset before headers. reset reason: remote connection failure, transport failure reason: immediate connect error: Invalid argument|remote address:envoy://cloudflare_https_tunnel/",,0,True,True,False,,https://unsplash.com/robots.txt,niche,,,,,niche/patchright-unsplash-baseline-homepage-1-25.png,12825b396e6854eb5c45e5260b49ddab0b53d8743518acaf870a0fc8384acc0b,not_enforced_browser_observation,False,[],False,,,,True,browser_observation,"{'requests': 7, 'bytes_charged': 2125489}","{'requests': 57, 'bytes_charged': 4827948}",['websocket_handshake_or_frames_not_recorded'],False,{},0,Keyword-matched saved DOM anchors; may include sitelinks or mixed result modules,False,False,False,,,,,,,,,[]
kiddle,Kiddle,kids,search,niche,200,,,5fc40a81edc9402cda23af75d827752b537c5b6614622a1f9af766756ab95612,User-agent: * Disallow: /widget.php Disallow: /privacy.php Disallow: /m/ Disallow: /s.php Disallow: /i.php Disallow: /c.php Disallow: /v.php Disallow: /k.php Disallow: /n.php User-agent: ia_archiver Disallow: /,"{'content-encoding': 'gzip', 'content-length': '109', 'content-type': 'text/plain', 'server': 'envoy'}",200,content_observed,,200,content_observed,,target,False,CAPTCHA未観測,0件表示を観測,,0,1,8,{'resource_policy': 5},{'www.kiddle.co': 5},1,https://www.kiddle.co/s.php?q=%E6%97%A9%E7%A8%B2%E7%94%B0%E5%A4%A7%E5%AD%A6+%E6%95%99%E5%93%A1,https://www.kiddle.co/s.php?q=%E6%97%A9%E7%A8%B2%E7%94%B0%E5%A4%A7%E5%AD%A6+%E6%95%99%E5%93%A1#gsc.tab=0&gsc.q=%E6%97%A9%E7%A8%B2%E7%94%B0%E5%A4%A7%E5%AD%A6%20%E6%95%99%E5%93%A1&gsc.page=1,https://www.kiddle.co/s.php?q=%E6%97%A9%E7%A8%B2%E7%94%B0%E5%A4%A7%E5%AD%A6+%E6%95%99%E5%93%A1,84e7706ec0da0d5d6a70d0969d015dbc07c4cc4075ec9d54f25aec5c720f9efd,niche/patchright-kiddle-browser-observation-target-1-39.png,早稲田大学 | 教員 | - | Kiddle | - | visual | search | engine | for | kids | search | search,"早稲田大学 教員 - Kiddle - visual search engine for kids Web Facts Images Kimages Español NEW Despejar Buscar × Kiddle Your search did not match any results. Search "" 早稲田大学 教員 "" on Google Site blocking | Keyword blocking | About Kiddle | Parents | Editors | Kids safe search | Privacy | Contact us | © 2025 Kiddle.co",,0,True,True,True,,https://www.kiddle.co/robots.txt,niche,,,,,niche/patchright-kiddle-baseline-homepage-1-27.png,2aee8eba6ce3558b3f0744b9bf92682682ea72ec5b6b6b3e8d71fbbf61464e29,not_enforced_browser_observation,False,[],False,,,,True,browser_observation,"{'requests': 7, 'bytes_charged': 2117169}","{'requests': 37, 'bytes_charged': 3063224}",['websocket_handshake_or_frames_not_recorded'],False,{},1,Keyword-matched saved DOM anchors; may include sitelinks or mixed result modules,False,False,False,,,,,,,,,[]
wacky-safe,Wacky Safe,kids,search,niche,200,,,1c4a861704eed5ab8e0c3a688bc768006684d0aa4616f2eab9711c1df24ff642,Sitemap: https://wackysafe.com/sitemap.xml User-agent: * Disallow: Disallow: /cgi-bin/ Disallow: /.well-known/ Disallow: /cgi-bin/ Disallow: /css/ Disallow: /defaultsearch/ Disallow: /favicons/ Disallow: /iframeresizer/ Disallow: /javascripts/ Disall,"{'content-encoding': 'gzip', 'content-length': '217', 'content-type': 'text/plain', 'server': 'envoy'}",200,content_observed,,200,content_observed,,target,False,CAPTCHA未観測,保存DOMから教員関連候補リンク抽出,,0,1,24,"{'outside_scope': 2, 'robots_denied': 5}","{'fonts.googleapis.com': 1, 'wackysafe.com': 5, 'secure.statcounter.com': 1}",0,https://wackysafe.com/kidswebsearch.html?safe=high&safe=active#gsc.tab=0&gsc.q=%E6%97%A9%E7%A8%B2%E7%94%B0%E5%A4%A7%E5%AD%A6%20%E6%95%99%E5%93%A1&gsc.page=1,https://wackysafe.com/kidswebsearch.html?safe=high&safe=active#gsc.tab=0&gsc.q=%E6%97%A9%E7%A8%B2%E7%94%B0%E5%A4%A7%E5%AD%A6%20%E6%95%99%E5%93%A1&gsc.page=1,https://wackysafe.com/search?q=%E6%97%A9%E7%A8%B2%E7%94%B0%E5%A4%A7%E5%AD%A6+%E6%95%99%E5%93%A1,02a57230dce425c94d9aa42c88738973a944ee3475845a120f176152e8f3c34c,niche/patchright-wacky-safe-browser-observation-target-1-45.png,早稲田大学 | 教員 | – | WackySafe | web | results | search | search,"早稲田大学 教員 – WackySafe web results Finding safe results… × Web Image About 19,400,000 results (0.19 seconds) Sort by Relevance Relevance Date 大学教員 準備講座 Waseda Future Faculty Program (WAFFUL)を公開 ... www.waseda.jp https://www.waseda.jp/inst/ches/news/2025/10/20/6696 1 waseda.jp › inst › ches 大学教員 準備講座 Waseda Future Faculty Program (WAFFUL)を公開 ... Oct 20, 2025 ... 頭文字を取って、WAFFUL（ワッフル）と呼称しています。WAFFULは本学が利用するLMSである Waseda Moodleにて公開しており、対象者は全て無料で利用すること ... www.waseda.jp https://www.waseda.jp/inst/ches/",,10,True,True,True,,https://wackysafe.com/robots.txt,niche,,,,,niche/patchright-wacky-safe-baseline-homepage-1-30.png,dd05e1f37f069c209670975322cba4b8f7bd8c902eaa45f9ce9ed1462882562c,not_enforced_browser_observation,False,[],False,,,,True,browser_observation,"{'requests': 6, 'bytes_charged': 4237714}","{'requests': 71, 'bytes_charged': 5933019}",['websocket_handshake_or_frames_not_recorded'],False,{},0,Keyword-matched saved DOM anchors; may include sitelinks or mixed result modules,False,False,False,,,,,,,,,"[{""title"": ""大学教員 準備講座 Waseda Future Faculty Program (WAFFUL)を公開 ..."", ""url"": ""https://www.waseda.jp/inst/ches/news/2025/10/20/6696""}, {""title"": ""FDプログラム – 早稲田大学 大学総合研究センター"", ""url"": ""https://www.waseda.jp/inst/ches/ctlt/faculty/fd""}, {""title"": ""担当 教員 へのお知らせ – 早稲田大学 日本語教育研究センター"", ""url"": ""https://www.waseda.jp/inst/cjl/faculty""}, {""title"": ""IPS 教員 向けページ – 早稲田大学 大学院情報生産システム研究科"", ""url"": ""https://www.waseda.jp/fsci/gips/faculty""}, {""title"": ""教員 紹介 – 早稲田大学 大学院経営管理研究科"", ""url"": ""https://www.waseda.jp/fcom/wbs/faculty""}, {""title"": ""教員 紹介 – 早稲田大学 政治経済学部"", ""url"": ""https://www.waseda.jp/fpse/pse/about/faculty""}, {""title"": ""教員 向け情報 – 早稲田大学 文学学術院"", ""url"": ""https://www.waseda.jp/flas/faculty_info""}, {""title"": ""教員 公募 – 早稲田大学"", ""url"": ""https://www.waseda.jp/top/about/work/organizations/academic-affairs-division/faculty-recruitment""}, {""title"": ""教員 紹介 – 早稲田大学 大学院政治学研究科"", ""url"": ""https://www.waseda.jp/fpse/gsps/about/faculty""}, {""title"": ""教員 紹介 – 早稲田大学 社会科学部"", ""url"": ""https://www.waseda.jp/fsss/sss/about/faculty""}]"
onesearch,OneSearch,privacy,search,meta,200,,,2f04a9c61f28643a0b9a1e9bb9bd8686ae3b03d7a4daf74f41016c6b5f7ca33c,User-agent: * Allow: /scout/chat/share/ Disallow: /search Disallow: /bin Disallow: /language Disallow: /yhs Disallow: /images/yhs Disallow: /video/yhs Disallow: /news/yhs Disallow: /shopping/yhs Disallow: /images/search Disallow: /images/view Disallo,"{'content-encoding': 'br', 'content-type': 'text/plain; charset=utf-8', 'server': 'envoy'}",200,content_observed,,200,content_observed,,target,False,CAPTCHA未観測,保存DOMから教員関連候補リンク抽出,,0,0,7,"{'outside_scope': 16, 'resource_policy': 2}","{'search.yahoo.com': 3, 's.yimg.com': 15}",1,https://search.yahoo.com/search?p=%E6%97%A9%E7%A8%B2%E7%94%B0%E5%A4%A7%E5%AD%A6+%E6%95%99%E5%93%A1&fr2=p%3Aonesearch%2Cmkt%3Aus,https://search.yahoo.com/search?p=%E6%97%A9%E7%A8%B2%E7%94%B0%E5%A4%A7%E5%AD%A6+%E6%95%99%E5%93%A1&fr2=p%3Aonesearch%2Cmkt%3Aus,https://www.onesearch.com/yhs/search?hspart=OneSearch&hsimp=yhs-001&p=%E6%97%A9%E7%A8%B2%E7%94%B0%E5%A4%A7%E5%AD%A6+%E6%95%99%E5%93%A1,78d0aeac517ef9b28dcd2c99cbf08bd5fcf5041824bb2fe9b7aeef26f03af7ef,meta/patchright-onesearch-browser-observation-target-1-107.png,早稲田大学 | 教員 | - | Yahoo | Search | Results,"早稲田大学 教員 - Yahoo Search Results Yahoo Settings Home Mail News Finance Sports Weather Help Settings Sign In Try Yahoo Scout Type a question and get a clear answer with trusted sources. Yahoo Scout helps you understand more, faster. Waiting for permission Allow microphone access to enable voice search Try saying Yahoo Scout All Images Videos News Local Shopping More Anytime Past day Past week Past month Anytime Search Results w-rdb.waseda.jp https://w-rdb.waseda.jp › search 研究者データベース - 早稲田大学 - Was",,8,True,True,True,,https://search.yahoo.com/robots.txt,meta,,,,,meta/patchright-onesearch-baseline-homepage-2-76.png,f15af8ed0c8e4d685f185d865f330599191fbfeaa14fd92d31f3f98fc3861238,not_enforced_browser_observation,False,[],True,"{'requests': 1, 'bytes_charged': 330}","{'requests': 7, 'bytes_charged': 2315759}","[{""role"": ""homepage"", ""url"": ""https://www.onesearch.com/"", ""http_status"": null, ""outcome"": ""navigation_unverified"", ""robots_outcome"": ""robots_invalid_html"", ""probe_applied"": true, ""screenshot"": ""patchright-onesearch-baseline-homepage-1-75.png""}, {""role"": ""homepage"", ""url"": ""https://search.yahoo.com/?fr2=p:onesearch,mkt:us"", ""http_status"": 200, ""outcome"": ""content_observed"", ""robots_outcome"": ""robots_allowed"", ""probe_applied"": false, ""screenshot"": ""patchright-onesearch-baseline-homepage-2-76.png""}, {""role"": ""target"", ""url"": ""https://search.yahoo.com/search?p=%E6%97%A9%E7%A8%B2%E7%94%B0%E5%A4%A7%E5%AD%A6+%E6%95%99%E5%93%A1&fr2=p%3Aonesearch%2Cmkt%3Aus"", ""http_status"": null, ""outcome"": ""robots_denied"", ""robots_outcome"": ""robots_denied"", ""probe_applied"": false, ""screenshot"": null}]",True,browser_observation,"{'requests': 7, 'bytes_charged': 2315759}","{'requests': 45, 'bytes_charged': 5713197}",['websocket_handshake_or_frames_not_recorded'],False,{},1,Keyword-matched saved DOM anchors; may include sitelinks or mixed result modules,False,False,False,,,,,,,,,"[{""title"": ""w-rdb.waseda.jp https://w-rdb.waseda.jp › search 研究者データベース - 早稲田大学 - Waseda"", ""url"": ""https://w-rdb.waseda.jp/search?m=home&l=ja""}, {""title"": ""waseda.jp https://www.waseda.jp › flas › faculty 教員 紹介 – 早稲田大学 文学学術院"", ""url"": ""https://www.waseda.jp/flas/faculty/""}, {""title"": ""waseda.jp https://www.waseda.jp › top › about 教職員に関する情報 – 早稲田大学"", ""url"": ""https://www.waseda.jp/top/about/disclosure/staff""}, {""title"": ""w-rdb.waseda.jp https://w-rdb.waseda.jp › search 研究者データベース - 早稲田大学 - Waseda"", ""url"": ""https://w-rdb.waseda.jp/search?m=name&l=ja""}, {""title"": ""fse.sci.waseda.ac.jp https://www.fse.sci.waseda.ac.jp › dept › faculty 全 教員 リスト | 早稲田大学 基幹理工学部・研究科"", ""url"": ""https://www.fse.sci.waseda.ac.jp/dept/faculty/""}, {""title"": ""phys.waseda.ac.jp https://www.phys.waseda.ac.jp › staff 教員 ・研究室 - 早稲田大学 理工学術院 先進理工学部・先進理工学研究..."", ""url"": ""https://www.phys.waseda.ac.jp/staff/""}, {""title"": ""waseda-buneibun.com https://waseda-buneibun.com › academic-staff 教員 紹介 - 早稲田大学 文学学術院英文学コース"", ""url"": ""https://waseda-buneibun.com/academic-staff/""}, {""title"": ""psychol.w.waseda.jp https://psychol.w.waseda.jp › 教員紹介 教員 一覧 - 早稲田大学 文学学術院 心理学コース"", ""url"": ""https://psychol.w.waseda.jp/%E6%95%99%E5%93%A1%E7%B4%B9%E4%BB%8B/""}, {""title"": ""waseda-edu-english.com https://waseda-edu-english.com › a_staff 教員 一覧 | 早稲田大学大学 院教育学研究科英語教育専攻 / 早稲田大学 ..."", ""url"": ""https://waseda-edu-english.com/a_staff/""}, {""title"": ""arch.waseda.ac.jp https://www.arch.waseda.ac.jp › wa › professors 教員 紹介 - 早稲田大学 創造理工学部・研究科 建築学 ..."", ""url"": ""https://www.arch.waseda.ac.jp/wa/professors""}]"
peekier,Peekier,privacy,search,meta,200,,,e5c4b84484ee4216e9373be99380320c25dd94805f99f0a805846f087636553f,User-agent: * Disallow:,"{'content-encoding': 'gzip', 'content-length': '44', 'content-type': 'text/plain; charset=utf-8', 'server': 'envoy', 'via': '1.1 google', 'x-request-id': '9de0ce55eca5d1ac4f4c4dbfae4c9b2f'}",200,content_observed,,200,challenge_observed,,target,True,確認画面を観測。外部widgetの実験側制限なし、通過未確認,人間確認/Challenge表示（検索結果未確認）,homepage turnstile:widget_or_library (Turnstile marker); target turnstile:widget_or_library (Turnstile marker),0,0,3,"{'outside_scope': 18, 'resource_policy': 9, 'non_get': 3, 'observation_end': 1, 'byte_budget': 7}","{'challenges.cloudflare.com': 3, 'peekier.com': 6, 'kagi.com': 14, 'storage.googleapis.com': 15}",3,https://kagi.com/search?q=%E6%97%A9%E7%A8%B2%E7%94%B0%E5%A4%A7%E5%AD%A6+%E6%95%99%E5%93%A1,https://kagi.com/turnstile?r=/search%3Fq%3D%25E6%2597%25A9%25E7%25A8%25B2%25E7%2594%25B0%25E5%25A4%25A7%25E5%25AD%25A6%2B%25E6%2595%2599%25E5%2593%25A1,https://peekier.com/search?q=%E6%97%A9%E7%A8%B2%E7%94%B0%E5%A4%A7%E5%AD%A6+%E6%95%99%E5%93%A1,b9851257e1f02ed7f6ed0c89e03ce87bb475edf8207881dff5e12db332647747,meta/patchright-peekier-browser-observation-target-1-109.png,,kagi.com Verifying you’re human. This may take a few seconds.,,0,True,True,False,,https://kagi.com/robots.txt,meta,,,,,meta/patchright-peekier-baseline-homepage-2-80.png,302655be8b2c101c887b61b5b4344840319e316a4767c9a45fa70ff365238f94,not_enforced_browser_observation,False,[],True,"{'requests': 1, 'bytes_charged': 167}","{'requests': 18, 'bytes_charged': 2608273}","[{""role"": ""homepage"", ""url"": ""https://peekier.com/"", ""http_status"": 403, ""outcome"": ""challenge_observed"", ""robots_outcome"": ""robots_invalid_html"", ""probe_applied"": true, ""screenshot"": ""patchright-peekier-baseline-homepage-1-79.png""}, {""role"": ""homepage"", ""url"": ""https://kagi.com/"", ""http_status"": 200, ""outcome"": ""content_observed"", ""robots_outcome"": ""robots_allowed"", ""probe_applied"": false, ""screenshot"": ""patchright-peekier-baseline-homepage-2-80.png""}, {""role"": ""target"", ""url"": ""https://kagi.com/search?q=%E6%97%A9%E7%A8%B2%E7%94%B0%E5%A4%A7%E5%AD%A6+%E6%95%99%E5%93%A1"", ""http_status"": 200, ""outcome"": ""challenge_observed"", ""robots_outcome"": ""robots_allowed"", ""probe_applied"": false, ""screenshot"": ""patchright-peekier-baseline-target-3-81.png""}]",True,browser_observation,"{'requests': 18, 'bytes_charged': 2608273}","{'requests': 34, 'bytes_charged': 3980906}",['websocket_handshake_or_frames_not_recorded'],False,{},0,Keyword-matched saved DOM anchors; may include sitelinks or mixed result modules,False,False,False,,,,,,,,,[]
yahoo-kids,Yahoo!きっず,kids,search,meta,200,,,8d58a1548591e7bed0e17b9440708587df88c97c42d46b525f99b719d8f4fd2f,User-agent: * Disallow: /yomigana Disallow: /quiz/ Disallow: /search/bin/search Disallow: /search/filter Allow: /search Disallow: /image/search/ # sei-quiz url (topのみ許可) Disallow: /sei/quiz/ Allow: /sei/quiz/$ # Disallow: /*?cpt_n= Disallow: /*?fr= D,"{'content-length': '381', 'content-type': 'text/plain; charset=UTF-8', 'server': 'envoy'}",200,content_observed,,200,content_observed,,target,False,CAPTCHA未観測,保存DOMから教員関連候補リンク抽出,,0,0,4,"{'resource_policy': 51, 'outside_scope': 54, 'byte_budget': 13}","{'kids.yahoo.co.jp': 64, 's.yimg.jp': 54}",0,https://kids.yahoo.co.jp/search?p=%E6%97%A9%E7%A8%B2%E7%94%B0%E5%A4%A7%E5%AD%A6+%E6%95%99%E5%93%A1,https://kids.yahoo.co.jp/search?p=%E6%97%A9%E7%A8%B2%E7%94%B0%E5%A4%A7%E5%AD%A6+%E6%95%99%E5%93%A1,https://kids.yahoo.co.jp/search?p=%E6%97%A9%E7%A8%B2%E7%94%B0%E5%A4%A7%E5%AD%A6+%E6%95%99%E5%93%A1,1f8cbc12b72521b04691da3717d80916d73866908428753ec3dc5b410ede5dd5,meta/patchright-yahoo-kids-browser-observation-target-1-111.png,早稲田大学 | 教員の検索結果 | - | Yahoo!きっず検索,"早稲田大学 教員の検索結果 - Yahoo!きっず検索 よみがな きっずの使い方 カテゴリ 特集 学習 ゲーム 図鑑 タグ 気になることを調べよう さがす しらべたいことばをみじかく入力してね ひらがな カタカナ ABC へんかん へんかんする へんかんしない 0 1 2 3 4 5 6 7 8 9 あ い う え お は ひ ふ へ ほ か き く け こ ま み む め も さ し す せ そ や ゆ よ た ち つ て と ら り る れ ろ な に ぬ ね の わ を ん ゐ ゑ ぁ ぃ ぅ ぇ ぉ ゛ ゜ ゃ ゅ ょ っ ・ ー ～ 使い方 さがす ひともじ消す 戻る 戻る ことばを追加 へんかん する しない ソフトキーボードをとじる ウェブ 画像 検索結果 このページでは、よみがながつかないところがあります。 「早稲田大学 教員」の画像 もっと見る https://www.waseda.jp/flas/faculty 教員 紹介 – 早稲田大学 文学学術院 氏名, 職名, 専門分野, 関連情報. クラヴィッター アルネ ・ KLAWITTER, Arne, 教授, 18世",,8,True,True,True,,https://kids.yahoo.co.jp/robots.txt,meta,https://kids.yahoo.co.jp/info/archives/20260928_1.html,"Yahoo!きっずサービス終了のお知らせ - Yahoo!きっずからのお知らせ - Yahoo!きっず 気になることを調べよう さがす よみがな きっずの使い方 JavaScriptの設定が無効（むこう）になっています Yahoo!きっずのすべての機能（きのう）を利用するためには、JavaScriptの設定を有効（ゆうこう）にする必要があります。 JavaScriptの設定を有効にする方法は、 こちら でご案内しています。 ヘッダーナビゲーション 特集 学習 ゲーム 図鑑 タグ Yahoo!きっずからのお知らせ 現在位置： Yahoo!きっずトップ &gt; Yahoo!きっずからのお知らせ &gt; お知らせ &gt; Yahoo!きっずサービス終了のお知らせ Yahoo!きっずサービス終了のお知らせ [お知らせ] 2026年9月28日 みんなへ Yahoo!きっずは、2026年12月4日にサービスを終了します。 びっくりした人や、さみしいなと思った人もいるかもしれません。 Yahoo!きっずは、29年間、みんなの「知りたい！」を応援してきました。 調べものをしたり、ゲームで遊んだり、タイピングに挑戦したり。 みんなと過ごした時間は、Yahoo!きっずにとって大切な宝物です。 11月には、Yahoo!きっずの思い出を振り返る特別ページを公開予定です。 12月3日までは、いつもどおり使うことができます。 最後の日まで、たくさん楽しんでくれたらうれしいです。 これまでありがとう。そして、あと少しよろしくね。 ※はじめにお知らせしたときに、Yahoo!きっずがみんなの「知りたい！」を応援してきた年数にまちがいがあったため修正しています。 カテゴリ別のお知らせ お知らせ （48） 最新のお知らせ （5件まで表示） Yahoo!きっずサービス終了のお知らせ（先生、保護者のみなさまへ） Yahoo!きっずサービス終了のお知らせ 「先生、しつもんです！」が本になって9月に発売！ AIでゲームつくりエイター 終了日のお知らせ 世界スイッチの「いいね」機能終了について フッターナビゲーション 特集 学習 ゲーム 図鑑 タグ Yahoo!きっず プライバシーポリシー プライバシーセンター 規約 免責事項 ヘルプ プライバシーポリシー プライバシーセンター 利用規約 免責事項 ヘルプ・お問い合わせ キャラクターイラスト： © 2026 SANRIO CO.,LTD. / LY Corporation. © LY Corporation ページの先頭に戻る",66562cd20ddc55f8be357f8d65dbefe4c136c260a3b7437ef9ebc91a73279725,meta/patchright-yahoo-kids-baseline-service_notice-1-70.png,meta/patchright-yahoo-kids-baseline-homepage-1-67.png,0dbb4b3c2bcfb3a0f9d4e5f1f7a926f656688c675ddf1b96a0ca4d37911e4822,not_enforced_browser_observation,False,[],False,,,,True,browser_observation,"{'requests': 9, 'bytes_charged': 342983}","{'requests': 58, 'bytes_charged': 2107900}",['websocket_handshake_or_frames_not_recorded'],False,{},0,Keyword-matched saved DOM anchors; may include sitelinks or mixed result modules,False,False,False,,,,,,,,,"[{""title"": ""教員 紹介 – 早稲田大学 文学学術院"", ""url"": ""https://www.waseda.jp/flas/faculty""}, {""title"": ""研究者データベース - 早稲田大学"", ""url"": ""https://w-rdb.waseda.jp/""}, {""title"": ""名前検索 - 研究者データベース - 早稲田大学"", ""url"": ""https://w-rdb.waseda.jp/search?m=name&l=ja""}, {""title"": ""教員 紹介 – 早稲田大学 人間科学部"", ""url"": ""https://www.waseda.jp/fhum/hum/about/faculty-3""}, {""title"": ""理工学術院 - 早稲田大学研究者データベース"", ""url"": ""https://w-rdb.waseda.jp/search?m=affiliation&l=ja&a2=0000008&s=1&o=shokumei""}, {""title"": ""教員 紹介 – 早稲田大学 大学院政治学研究科"", ""url"": ""https://www.waseda.jp/fpse/gsps/about/faculty""}, {""title"": ""Category: 早稲田大学 の 教員 - Wikipedia"", ""url"": ""https://ja.wikipedia.org/wiki/Category:%E6%97%A9%E7%A8%B2%E7%94%B0%E5%A4%A7%E5%AD%A6%E3%81%AE%E6%95%99%E5%93%A1""}, {""title"": ""文学学術院 - 早稲田大学研究者データベース"", ""url"": ""https://w-rdb.waseda.jp/search?m=affiliation&l=ja&a2=0000005&s=1&o=shokumei""}, {""title"": ""情報・システム - 先進理工学部 - 早稲田大学"", ""url"": ""https://www.ase.sci.waseda.ac.jp/update/keyword_tax/information""}, {""title"": ""英語英文学科 教員 紹介"", ""url"": ""https://waseda-edu-english.com/undergraduate/academic_staff/""}]"
